iterations,error_feas_max,error_feas_mean,error_opt_max,error_opt_mean,error_total_max,error_total_mean
0,0.0010634315276590429,0.0007318595032753765,0.00752937417432262,0.0019662823123287256,0.004296400692343932,0.001349070907802051
1,0.0010381445793021442,0.0006987019336977663,0.004126027945976309,0.0015801652402719004,0.00250154575396272,0.0011394335869848332
2,0.001035520430518163,0.0006420032945627025,0.0031643958202252458,0.0014749266232093874,0.002012103781576652,0.001058464958886045
3,0.0010590192973051577,0.0007011321453894783,0.00597101239124316,0.0021322925281512676,0.0034102573862534297,0.001416712336770373
4,0.0010793839586211837,0.0007176916021477745,0.0062503495501016635,0.0019287268910315922,0.00338612732056526,0.0013232092465896832
5,0.0008259283743908832,0.0003307129226774608,0.005409941571173204,0.0016198561042406392,0.0029780171278117546,0.00097528451345905
6,0.0011043123070475465,0.000879709322672982,0.007487611198177238,0.0034569954767928136,0.004295959582251676,0.0021683523997328984
7,0.0011037268815426169,0.0005289938555842166,0.006945818707429112,0.0019273367391687782,0.0037665648389616753,0.0012281652973764972
8,0.0010935088005358741,0.0007131976515284672,0.0036045580100042864,0.001041333872728535,0.002292658429054481,0.0008772657621285009
9,0.0010752872969896669,0.0007836167883569526,0.004364668124129381,0.0010608306518955855,0.0025910933821635764,0.000922223720126269
10,0.001045034040905224,0.0005230796260563397,0.004503190641517489,0.0012388355516812469,0.0027741123412113565,0.0008809575888687934
11,0.0010326315961088762,0.0005681834696458943,0.004744565425060162,0.001190709508600254,0.0027550293809797503,0.0008794464891230742
12,0.0010033798096212782,0.0005792382078639085,0.006434498398882927,0.0018110104401736255,0.0035415825698534593,0.001195124324018767
13,0.0010638413527280658,0.0005584437425515768,0.006266595961872034,0.0010742044293600033,0.0034636707820094956,0.0008163240859557901
14,0.0011164842033989158,0.0005565679359940202,0.003233666133260712,0.0011340263371634504,0.002175075161359017,0.0008452971365787354
15,0.0011667206088341244,0.0008572605115471799,0.00485546288082868,0.001550443815233784,0.0029159229622237864,0.001203852163390482
16,0.0012040206241033576,0.0007740843797136277,0.003970264649058919,0.0011912975928845449,0.0025351460085772663,0.0009826909862990863
17,0.0012143149595870819,0.0008418803097945566,0.007641140599660649,0.0034961758412498413,0.004377674849595987,0.002169028075522199
18,0.0012392246797647188,0.0009249001268013641,0.005988799044263303,0.002342240445485194,0.0035738505211351957,0.0016335702861432794
19,0.0012680320289738959,0.0006811270160894873,0.0033985352064005107,0.0010316143153876584,0.0020550281100276645,0.0008563706657385728
20,0.0013070013858989657,0.0009547789996366878,0.005062873356961907,0.0013168310980665023,0.0029026357990515183,0.001135805048851595
21,0.0013569985852171043,0.0008931073258678479,0.00754384415313563,0.00410687381875563,0.004234819787128228,0.002499990572311739
22,0.0014149667088480032,0.000924258402175558,0.0036085812144338206,0.0015034218568926766,0.0019342141828217864,0.0012138401295341175
23,0.0014604482566924954,0.0008297730110733949,0.004495362178727335,0.0023148386468323464,0.0026396517341601144,0.0015723058289528705
24,0.001456518954506277,0.0007677148345911987,0.007980708991830749,0.0022003067353250625,0.004718613973168513,0.0014840107849581304
25,0.0015440981405261663,0.0012627053813827414,0.0083457329437747,0.0022199731616691504,0.004921895221834874,0.0017413392715259462
26,0.0015819580613870149,0.0012203283415764114,0.004561578224253574,0.0023049548237424238,0.0030717673444032585,0.0017626415826594178
27,0.0016172739649313891,0.001304379273320498,0.008405322771371147,0.003456270357380204,0.0049878766130422025,0.0023803248153503515
28,0.0016494581088329018,0.0010980062504366743,0.008075662284256095,0.002707712157312584,0.004846559703742731,0.0019028592038746292
29,0.0016781570697466852,0.0012694546239358838,0.008173202705540342,0.0031951804052712295,0.004454171279582694,0.002232317514603556
30,0.0017323542233965777,0.0012156077293107202,0.006978692500648946,0.0036049655499246817,0.003955311789542391,0.002410286639617701
31,0.0010238478174893664,0.0006659202905500525,0.007097784072784621,0.0022725282383962136,0.004060815945136994,0.001469224264473133
32,0.0008742678221806904,0.0005364893969139748,0.007658235133840786,0.0028522443391316445,0.004062708921374864,0.0016943668680228098
33,0.001018490454428,0.0007004747313377029,0.00759192024795343,0.0021052831618078296,0.004030503394613283,0.0014028789465727661
34,0.0010299138694839429,0.0006337260718065221,0.006168383233193744,0.0011473419830251349,0.0035991485513388434,0.0008905340274158286
35,0.0010539068093891456,0.0007326167687856805,0.005631401671478065,0.0013667819739243165,0.003342653504979725,0.0010496993713549985
36,0.0010692760082731143,0.0007580700383287263,0.007507764311789881,0.0025779820200897523,0.004013807532099724,0.0016680260292092394
37,0.0010834816192088156,0.000815596769886015,0.006224343027349119,0.0012072377597770003,0.0036539123232789674,0.0010114172648315076
38,0.001088841874076764,0.0006224436865783169,0.00532404292366173,0.001992426450135898,0.0032064401726085716,0.0013074350683571075
39,0.0010857988999395341,0.0007242509071799052,0.006043593157409708,0.0015665783685540173,0.0033944662343861854,0.0011454146378669613
40,0.0010709515869306947,0.0005276256346117723,0.006669900272591656,0.0013279789153065604,0.0036349138938441125,0.0009278022749591664
41,0.001038291397553277,0.0007010974709372847,0.0062787717560513585,0.0025660376333104954,0.003507162861215985,0.0016335675521238903
42,0.0010462669275376926,0.0007448672003991095,0.006646593857162163,0.0019451344928722639,0.0036331758671457235,0.001345000846635687
43,0.0010563486885345652,0.0006610477553000628,0.006947992806838268,0.0025115514218004204,0.0040021707476864165,0.0015862995885502415
44,0.0010932467619763579,0.000832166812664905,0.007559851958466474,0.001950232035491762,0.004310788209710772,0.0013911994240783335
45,0.001153721990752401,0.0007791184247529032,0.0026662447199497876,0.0005834177861367048,0.0018754602014038526,0.0006812681054448041
46,0.0011944954808866522,0.0005923781248322878,0.006666935198789737,0.0018748523403707275,0.003883041281506392,0.0012336152326015075
47,0.001213190413325114,0.0008821277367987393,0.00782767896610802,0.0013966402643877623,0.004473297312999392,0.001139384000593251
48,0.000927448523333235,0.0005049998998349497,0.0038520241788248047,0.001292042994719684,0.002389733873068903,0.000898521447277317
49,0.001279899108012133,0.0008683263757923362,0.006998784839705185,0.0025915888196135087,0.003961802480349757,0.0017299575977029226
50,0.0013090410682930534,0.001125624366245654,0.007843664825332764,0.002377790127790434,0.00454365042569315,0.0017517072470180442
51,0.0013398375258372088,0.0009064437840268537,0.008039246279104725,0.0017753223330632235,0.004365702352462542,0.0013408830585450386
52,0.0013837457664788756,0.0010631213753638864,0.008145939296270412,0.0027477005594571677,0.004748756916076518,0.001905410967410527
53,0.00143411972731426,0.0009580555880233344,0.007620584576814481,0.00291834688457579,0.004184493120748271,0.001938201236299562
54,0.001482279927532493,0.0009702131457308619,0.0034196323688578693,0.001066019707707087,0.002450956148195181,0.0010181164267189743
55,0.0015283742534654753,0.0008401710638827172,0.005154300830043924,0.001586794425193668,0.0029766841131775765,0.0012134827445381927
56,0.0015718565404120293,0.0009819150405409815,0.008322640080437234,0.004114171874346156,0.004927739541335683,0.002548043457443568
57,0.0016127661909007248,0.0010380379350470184,0.00781902701049658,0.0021467326953248456,0.004696428824796947,0.0015923853151859318
58,0.0016102130806919881,0.0008274653731536293,0.00507693852575402,0.0015101593658946302,0.003343575803223001,0.0011688123695241298
59,0.0016884703412215717,0.0008926444960263718,0.007698862808280318,0.0021519467366372044,0.004308485434360828,0.001522295616331788
60,0.0017060355933894255,0.0008719171492824161,0.008248587946907115,0.003115235967899492,0.004491212004373242,0.001993576558590954
61,0.0017705057163971418,0.0009493388753303139,0.004999732727434097,0.0014177121105157751,0.0033662661133141954,0.0011835254929230443
62,0.0009754962318121966,0.0005176262515495438,0.0038126635058661675,0.0014981802942474285,0.0021466198047851246,0.0010079032728984862
63,0.0009817915739643954,0.0006535820598402973,0.0018411042703814118,0.000602872941946687,0.0009559070389548444,0.0006282275008934921
64,0.000990700442804494,0.0006738819121102446,0.0016352871734003828,0.0004307180025835384,0.001198807789011043,0.0005522999573468913
65,0.0010037357601094736,0.0005442561200064485,0.0015147794689618918,0.0006401425018944208,0.0008200528998543065,0.0005921993109504346
66,0.0010187499757713559,0.0006191416700975967,0.00391004951067381,0.0011710751974571914,0.0023751207652483986,0.000895108433777394
67,0.0008647460430082047,0.0005259735198836418,0.006143153566161395,0.0016390283119388795,0.0035039498045848,0.0010825009159112606
68,0.0010516907522210425,0.0006961812297545455,0.0019118306711899903,0.0008800255025747329,0.0014817564192028112,0.0007881033661646393
69,0.0009102321239788497,0.0006162467371522568,0.004148312115447904,0.0014129967013130152,0.00234886749452454,0.001014621719232636
70,0.0010626939334906634,0.00045230689989423533,0.0040142039107657415,0.0016653292784858781,0.0022931058539130047,0.0010588180891900568
71,0.0010458044459630595,0.000576721017397023,0.004104483329283712,0.001560284100519501,0.002526103983993947,0.001068502558958262
72,0.0010352175349848645,0.0008313914772791425,0.0034889690617103874,0.0009127078623194287,0.0022620932409938657,0.0008720496697992854
73,0.0010441625371392042,0.0005805692481076877,0.0062320466888754955,0.0024267953746432967,0.003462146691220154,0.001503682311375492
74,0.0010494737088175938,0.0007123964849041656,0.005854611413228534,0.0009867222765483775,0.003413939140840875,0.0008495593807262716
75,0.0011235809668614163,0.001037394799469325,0.007651271400523283,0.002056686557463597,0.004357127892904761,0.001547040678466461
76,0.0011844495730481568,0.000729575116598556,0.005173011831807267,0.002385834306364426,0.0029169258591398286,0.0015577047114814914
77,0.0012157847605521644,0.000774569489012736,0.003577813692437767,0.0006587160386823038,0.0021013892318313583,0.0007166427638475199
78,0.0011255669111476835,0.0006437905657502959,0.003361411554984343,0.0010618960616660704,0.002243489233066013,0.0008528433137081832
79,0.0013002728329603594,0.0009099496400319102,0.006333134191074293,0.001212729907244335,0.0034898316646674176,0.0010613397736381224
80,0.0013370196512697457,0.0009238587458240174,0.006977534432725496,0.0021148217577042416,0.003958179330727793,0.0015193402517641296
81,0.0013594983283325567,0.000789125889582952,0.0041550907181488825,0.00230100137450479,0.002544808585217329,0.001545063632043871
82,0.0013780715328223616,0.0011380433135053745,0.00801385613443524,0.0026477401720687082,0.0046565725651367545,0.0018928917427870414
83,0.0014175781203977955,0.0011172211837413653,0.0034330679542392117,0.0010714899160861851,0.002176603876731154,0.0010943555499137753
84,0.0014725020239406725,0.0008869388619847105,0.005070254919830728,0.0017347342513208534,0.002889214211073312,0.0013108365566527817
85,0.00152526317060058,0.0009382076728775068,0.007012176243355359,0.0017010883981761157,0.003860723297819856,0.001319648035526811
86,0.0015763282446551348,0.0009553590899055167,0.0053714153855348645,0.0014417451412660444,0.003090073211618434,0.0011985521155857806
87,0.0016249994193568806,0.0010599946913724839,0.008258369468043479,0.00269523919553796,0.004580461358486706,0.0018776169434552216
88,0.001671333449022694,0.0011966751911545452,0.007442554012368811,0.003471121057786265,0.004505153518298498,0.002333898124470405
89,0.0017154128261586857,0.00141649254224584,0.00818686735859228,0.0030941648119043623,0.004542670725570337,0.002255328677075101
90,0.0017504630871795755,0.001119978313452761,0.008460112162012536,0.00263307437802151,0.0046964705717618994,0.0018765263457371356
91,0.0017519143151979073,0.001025077875770259,0.008359278275660723,0.003900731942754388,0.004638281313265427,0.0024629049092623236
92,0.0017429128807119874,0.0010686960147881306,0.004653327388671226,0.001626235802697787,0.0031973411276183155,0.0013474659087429589
93,0.0009422141007629763,0.0006137081164167422,0.005779899347711494,0.002674971995168222,0.0032950742344285177,0.0016443400557924822
94,0.0009483226652083373,0.0007356778306839032,0.007069155948243434,0.0015755005207648842,0.004008739101416333,0.0011555891757243939
95,0.0009608787861835793,0.0007000910626493366,0.007690515611901003,0.0018077930347389173,0.004082630665928493,0.0012539420486941267
96,0.0009775031481872216,0.0005367060821198168,0.0076851506226948635,0.0027278968272496087,0.0043313268854410425,0.0016323014546847127
97,0.0009915823030309835,0.0005334980545308667,0.006277993705862764,0.0018215961687424141,0.003489409025531953,0.0011775471116366404
98,0.0010050221776083444,0.00040746401409319825,0.006313680869500205,0.0018039625382461528,0.0035823742115828365,0.0011057132761696758
99,0.0010219441361191926,0.0006950099186935379,0.0035468754814010775,0.0009907534551897633,0.0020321267749249163,0.0008428816869416505
100,0.0010298827383222213,0.00047458252755340404,0.006771043239986307,0.0021270199929629497,0.0039004629852749913,0.0013008012602581764
101,0.0009159059274637512,0.0005684534205223568,0.006125047307131657,0.0021312550954889114,0.003520475817659991,0.001349854258005634
102,0.001024273557756291,0.0007097368718303358,0.0024947464094474433,0.000715495096711811,0.0017595099836018673,0.0007126159842710734
103,0.0010266562456108805,0.0007860780633480028,0.007453855526092624,0.0023355104064463257,0.004240255885851752,0.0015607942348971643
104,0.0010354420706342687,0.0007087208012857532,0.005895401514686503,0.0022141906254262876,0.003465421792660386,0.0014614557133560203
105,0.0010727582610826553,0.0007785659066738829,0.00363739176100283,0.0008858520336750313,0.002134182348029562,0.0008322089701744573
106,0.001143517741610931,0.0008078563472789822,0.004518738812185166,0.0012178329676327368,0.0025824542425910728,0.0010128446574558594
107,0.0011987267888897285,0.0009692372818177131,0.00671971569225719,0.0026605342481808413,0.0036752992955074127,0.0018148857649992768
108,0.0012584888689334006,0.0007085915227915071,0.00683206784047862,0.002464028744752859,0.003890646833928471,0.001586310133772183
109,0.0013130834172581703,0.000664059091587566,0.006531646351874092,0.002629438899622108,0.0037394685031206733,0.001646748995604837
110,0.0013543873809790253,0.0008685754441834533,0.006210711115275976,0.0023515682216210736,0.0036784015173146473,0.0016100718329022635
111,0.001381571128541337,0.001145144585694485,0.003502704145699568,0.0017707878922450545,0.0023530652089341574,0.00145796623896977
112,0.0014058077571760448,0.0010719739825064563,0.006894155706880545,0.001684872693926333,0.0038051043428707896,0.0013784233382163947
113,0.0014247247575832455,0.0007866539747206294,0.0056939820506252065,0.0016522336220895829,0.0033236279559496797,0.0012194437984051059
114,0.0014596062419342207,0.001234338971036752,0.0046984375770000725,0.0013974367524396984,0.002708967411509159,0.0013158878617382252
115,0.0015126977149890208,0.0010771136815445714,0.004079910377067638,0.002730117841057751,0.0026545045136839003,0.0019036157613011612
116,0.0014234808367823582,0.0007919737155339517,0.008307433203260502,0.0022669529618494677,0.00486545702002143,0.0015294633386917097
117,0.0016168310269320462,0.0008030023943890406,0.008123152451594564,0.0014602738499185264,0.004473125793991838,0.0011316381221537835
118,0.0015119776694473514,0.0006811036054743463,0.004423253703817633,0.0016500935332298943,0.002967615686632492,0.0011655985693521202
119,0.0017102873208928637,0.0009391081481418793,0.006877573658714658,0.00232955419854691,0.0038839799223382154,0.0016343311733443948
120,0.0017208632690342736,0.0010175966882129952,0.008564055087680869,0.003959963077791695,0.004731498504204658,0.0024887798830023453
121,0.0017267524072674925,0.0008573200548908768,0.006869479084094552,0.0014340036006688663,0.003932445566531232,0.0011456618277798716
122,0.0017240719832910761,0.000979158219241007,0.006248170513127926,0.0018617076372139402,0.003968145880019846,0.0014204329282274737
123,0.0017591939642168763,0.001274274761875233,0.005040178792822163,0.001604806173693373,0.0033996863775053194,0.0014395404677843026
124,0.0009238181597878699,0.0005044426608301394,0.007545935191584077,0.0022227944112765486,0.004011179409535782,0.0013636185360533441
125,0.0009013802987615506,0.0005468725318699914,0.004161161401892231,0.0014660937432160247,0.0023168969272437134,0.001006483137543008
126,0.0007371490041272995,0.00047335833941356453,0.003927966081493052,0.0012367424530426029,0.0022038889137959436,0.0008550503962280838
127,0.0009493507489649881,0.0004253441498102595,0.005990121717064404,0.0029602409552593107,0.0033522754479143315,0.0016927925525347849
128,0.0009679796525131783,0.0007784255477096681,0.0021339993845804397,0.0004676625358571197,0.001312903923812319,0.0006230440417833939
129,0.0009780805671896879,0.0006408056883195639,0.0076502201567939685,0.0029191866043859573,0.004306268888172999,0.0017799961463527605
130,0.0009899303518021347,0.0005800236353705968,0.004737650342825092,0.0015272503943505968,0.0027996923095205913,0.0010536370148605968
131,0.0009987420465571893,0.0007149086364356154,0.003847244441318931,0.0011644197701164399,0.001949034076265216,0.0009396642032760277
132,0.0009302696003337222,0.0006695322300152818,0.00600677435935434,0.001514179434504861,0.00332871013529058,0.0010918558322600713
133,0.0010066155390783481,0.0007014401392776933,0.0066334535304551885,0.002368306552972891,0.003820033527121741,0.001534873346125292
134,0.0009662101073391209,0.0007122932063510308,0.0026549118365273286,0.0011953338267777789,0.001810560971925652,0.000953813516564405
135,0.0010033417811856785,0.000726190439628041,0.005417804433083514,0.0015658464179640042,0.0030432229620261228,0.0011460184287960227
136,0.0010832197086231411,0.0007287214891937008,0.004773082788928528,0.0011045895909613788,0.002859112271722156,0.0009166555400775399
137,0.0011518833920475893,0.0006997747175688498,0.005018956698192113,0.0011723160672686942,0.0028246018744094202,0.0009360453924187719
138,0.0012253110329887222,0.0009674499550196905,0.006491305491312554,0.0017594169519254796,0.0037185043117961827,0.001363433453472585
139,0.0012950759073029874,0.0008632459599181637,0.007801956321818674,0.0022851458299932266,0.004239505739616514,0.001574195894955695
140,0.0013483932806111285,0.0008746700517867675,0.004447513539780676,0.001303089480181973,0.002788092855387954,0.0010888797659843702
141,0.0013874481850239732,0.0008788069761929296,0.0071335416429646895,0.002068458215667998,0.003908472323242533,0.0014736325959304633
142,0.0011997902847377452,0.0007934934943384257,0.007636262971093194,0.002536977849239538,0.0044180266278636676,0.0016652356717889818
143,0.0014309583855362943,0.000850298632151978,0.006332651713712489,0.0021139007172190976,0.0036422217547460193,0.0014820996746855379
144,0.0014481742293596068,0.000689460876644123,0.008173308386839249,0.0013938300146130384,0.004451717205968182,0.0010416454456285806
145,0.0014784941758903241,0.0008449063298701792,0.008149179473479111,0.0017081400790813644,0.004438352793722421,0.001276523204475772
146,0.0015179913633665745,0.0011106777252048968,0.006499907149137544,0.0015820378471244582,0.0037076102122476926,0.0013463577861646775
147,0.0015734794890750756,0.0011228412186488604,0.007419147589599215,0.0027003986634525808,0.00440873490130266,0.0019116199410507205
148,0.00162754070719613,0.001031840888052927,0.008440047931840985,0.002425907099906032,0.004941042194202045,0.0017288739939794796
149,0.0016581284382849518,0.0008912720949198002,0.008213986631203951,0.003670343209020408,0.004563686651018573,0.002280807651970104
150,0.0016717650790350328,0.0009981432699911464,0.008623888315968211,0.0028011154279583977,0.004682533805250642,0.001899629348974772
151,0.0016844523344139604,0.0012851812740309822,0.003995813446024492,0.0017225761014534277,0.0027904475087569955,0.001503878687742205
152,0.001690526798483908,0.0011709414629458472,0.006396688834830186,0.0019624460205280112,0.0037287712579064073,0.0015666937417369293
153,0.0016916786421476177,0.001414820425331116,0.0028705274766945787,0.001519403380771766,0.002281102996923966,0.0014671119030514408
154,0.0017421983305003015,0.0011827892855542275,0.007845582820464306,0.0020971210036002837,0.004519457147189123,0.0016399551445772553
155,0.0009385652964760519,0.0005758853356778039,0.006818704146661575,0.0018934302778290998,0.0038615622741260984,0.0012346578067534517
156,0.0009202792864234763,0.0005094105001268249,0.007473838032535113,0.0015713615064188399,0.0039794947768157975,0.0010403860032728324
157,0.0009077827081837952,0.0006850527599565856,0.00627247234559403,0.001311976410089934,0.0035901274936662388,0.0009985145850232601
158,0.0009202463684681241,0.0005587768638893447,0.007775552374598375,0.003100196951554728,0.004347899371533249,0.001829486907722036
159,0.000942385021574454,0.0006938498123523487,0.0013041414316864145,0.0003581506494024428,0.0011232632266304342,0.0005260002308773958
160,0.0009571098682987349,0.0008139078034177651,0.006438905206735091,0.0017283797907565123,0.003657403606303737,0.0012711437970871387
161,0.0008614208855622898,0.000507614089012222,0.00651562287231016,0.0016065212778103902,0.0036885218185300638,0.0010570676834113064
162,0.0009631140129176139,0.0007779063318319715,0.006069727182506162,0.0012233217242105315,0.003516420597711796,0.0010006140280212515
163,0.0009330073353182559,0.0006000262197239775,0.0038593483922348595,0.0014987947763847617,0.0019825741933956267,0.0010494104980543696
164,0.0009568149010271597,0.0005376497694345128,0.0065538014266882895,0.0019995370518678494,0.00372447747411996,0.0012685934106511812
165,0.0009756442901317657,0.0006152266072683583,0.004385695232062557,0.0019387807774613383,0.002642751571015335,0.0012770036923648483
166,0.0009864731933473278,0.0005164593161070655,0.006099965613367108,0.00253314692124064,0.0035047069435237346,0.001524803118673853
167,0.0010631948536526808,0.0009537104856187044,0.0063765018491965825,0.003131326414782454,0.0036459333881605164,0.002042518450200579
168,0.0011380417850493179,0.0006249177009250569,0.0030238965873209426,0.0012602516661762207,0.00208096918618513,0.0009425846835506388
169,0.0012146622644713027,0.0007085174928624846,0.00784251886616872,0.0031462775495767923,0.0042446850888344136,0.001927397521219639
170,0.001283824917284527,0.0006735813191297318,0.006480744223472441,0.0013120308230910763,0.0035797373595922045,0.0009928060711104037
171,0.0013453329044503992,0.0010539688733789802,0.003784029341954848,0.0013397630486620834,0.0024288332113166188,0.001196865961020532
172,0.0013949552287085666,0.0008042727447013006,0.0030872240263717845,0.0009527116797503201,0.002241089623718966,0.0008784922122258103
173,0.001424208088717714,0.0009592888157492563,0.007610103425725935,0.0027738161451454127,0.004401204225744876,0.0018665524804473345
174,0.0014449141315972475,0.0010128170395314272,0.008018362467334023,0.002555545974235622,0.004627797581299876,0.0017841815068835247
175,0.0014627935139154818,0.0010398651926536088,0.0045818036198269985,0.0014261808279949569,0.0029286815913612645,0.0012330230103242829
176,0.001496463354514617,0.0007857094950268921,0.007067574351097942,0.0026045708350936987,0.0039001548358196603,0.0016951401650602954
177,0.0015349468271433427,0.0009406121005154941,0.0064065229267897894,0.0012154170755242675,0.003615072317963601,0.0010780145880198808
178,0.0015715664047207696,0.0013469333296307374,0.007653543508742504,0.0020324278040489705,0.004280469505589557,0.001689680566839854
179,0.001592887741035201,0.0010221863121094791,0.004735824845061954,0.0013139362337173334,0.0030826826043852756,0.0011680612729134063
180,0.0016133719519082965,0.001051960482079021,0.004271060361377598,0.0018635102549593892,0.002505896917399052,0.001457735368519205
181,0.0016323293943069498,0.0010797070499110497,0.007803107229049606,0.0016251103006840323,0.0046665837558658805,0.001352408675297541
182,0.0016465441736427744,0.0009349126447627433,0.008466077141949573,0.002722450005537101,0.0050212214560902925,0.0018286813251499224
183,0.0016245278858700422,0.001159584783107997,0.0031423571493771913,0.000856681675794236,0.0023834389249232407,0.0010081332294511163
184,0.001669009718082853,0.0012534686392897663,0.0073840956682365,0.00215448948600149,0.004526552693159677,0.0017039790626456283
185,0.0016807104392976228,0.0010570995014849856,0.008898359259910008,0.00287688170139724,0.004934562039783604,0.0019669906014411127
186,0.0009494290137458348,0.0005003754561691492,0.00691616176184624,0.0025738861820972857,0.003707404707219437,0.0015371308191332175
187,0.0009334357933080382,0.0006942798253182098,0.006126795604233896,0.0012243627124001268,0.0034219031336466315,0.0009593212688591682
188,0.0009192231364171043,0.0005341158635935996,0.007795533466958526,0.0025417760314531018,0.004145132027394795,0.0015379459475233506
189,0.0009078305075110761,0.0006922141611105184,0.006059140046119645,0.0017612088181004689,0.0034834852768153603,0.0012267114896054936
190,0.0009099158489110763,0.0005738879353899089,0.00666210146340827,0.0016901240314223902,0.0035832009085704315,0.0011320059834061496
191,0.000926311529276228,0.0006417117832737585,0.006513718370183228,0.0015527423269686349,0.0036990553837849185,0.0010972270551211968
192,0.0008762609774344584,0.0007107455635995529,0.0038080923681885186,0.0006008338698241758,0.0019397416800155973,0.0006557897167118643
193,0.0009343809368362657,0.0005942495309395523,0.005680608547598768,0.0018138115881966854,0.003149231676380382,0.0012040305595681189
194,0.0009452318771810265,0.0005505025242595701,0.004088266341953757,0.0018354261309429087,0.0022994709526618375,0.0011929643276012395
195,0.0009440074870952085,0.0008118431495999726,0.00541676081367671,0.002307943835758037,0.003082478958297229,0.001559893492679005
196,0.0009352644188471369,0.0005152949404956008,0.006655594642783494,0.0017621893414808778,0.003645505873759369,0.0011387421409882394
197,0.0009281514326723353,0.0006280779213257017,0.007738156239518869,0.0017660640185390632,0.004145010111973891,0.0011970709699323824
198,0.0010265476378254746,0.0008618657318336422,0.007864393932146715,0.003018872406364138,0.004404824600419686,0.00194036906909889
199,0.0011133833555993593,0.0008391241248694306,0.007206496715411379,0.001822488320727178,0.0039062657906962835,0.001330806222798304
200,0.0011956955220357786,0.0007921664869204542,0.0076450352062763976,0.0017123006352630734,0.004333524852478629,0.001252233561091764
201,0.0012712219112852848,0.0008015756900302007,0.007009933361669217,0.0018912329916611556,0.004035106568822219,0.0013464043408456781
202,0.001339307592628354,0.0008758471805397258,0.004116755756627101,0.0011064717094537778,0.002203421974785761,0.000991159444996752
203,0.0011231658222968493,0.0007830092937391854,0.007447229199331181,0.00272348187503377,0.004182217981357789,0.0017532455843864776
204,0.001436567819033971,0.0010527200200585003,0.004349081531317317,0.0012617450928866976,0.0023463321695760065,0.001157232556472599
205,0.00146306672241296,0.0008431617181469111,0.004877981861924015,0.001538086512494182,0.002803795414240723,0.0011906241153205465
206,0.0014819342485480514,0.0010341140735772244,0.006525679048760199,0.0019380279487989653,0.0036318723883167242,0.0014860710111880948
207,0.0009349713350676877,0.0006580746211273046,0.004590252351959175,0.0007561937005232768,0.0024918021222126528,0.0007071341608252907
208,0.0015246657630319776,0.0009934306522731097,0.00771177685500136,0.001672333258238206,0.004321645621173831,0.001332881955255658
209,0.0015281929176056822,0.001204588128465439,0.004736887769716225,0.0017192565517870964,0.0030548140676192126,0.0014619223401262677
210,0.001546272543180845,0.001043294465998624,0.008322232017055413,0.002944824712913955,0.004529299819038094,0.001994059589456289
211,0.0015712134831735317,0.0012490557381013502,0.008794366134280647,0.002901126603392701,0.005131978898941586,0.0020750911707470257
212,0.0015928706764992769,0.0010382465739958249,0.005458695510557693,0.00261673418443565,0.0033295368492978006,0.0018274903792157373
213,0.00160706965976499,0.0011179255136796818,0.006987923689763346,0.0028345088651079353,0.003874659655398698,0.001976217189393809
214,0.0016189900233389172,0.0010733342936081096,0.005268934774423916,0.0010282748047572906,0.0030193698837121426,0.0010508045491827004
215,0.0016614824475421914,0.0011283034828969527,0.005017120034717271,0.002106168263703168,0.0033393010073166462,0.0016172358733000606
216,0.0016979729509339608,0.0012698142271873735,0.008448569087764536,0.0020836280719763603,0.0046086127757862735,0.0016767211495818672
217,0.0009455556769921809,0.00040647284819505256,0.005051393991799939,0.0018490641556653462,0.0029984745526654773,0.0011277685019301994
218,0.0006957614540769048,0.0003642578820133038,0.007851298547942137,0.0021059070621712575,0.004173890292626597,0.0012350824720922808
219,0.0009210383348862909,0.0006389023879625516,0.004114475788994579,0.0016045967320406987,0.002397872933056981,0.0011217495600016254
220,0.0009110900155517279,0.0006090848567057668,0.007050313702246226,0.002339371446861182,0.003774945932446193,0.0014742281517834744
221,0.0009003969866482009,0.0006166710278645511,0.006535030716841493,0.0018484836422748493,0.003593285297418458,0.0012325773350697002
222,0.000885691099674259,0.0005824014687579449,0.006849328910198718,0.001692907747746109,0.0036774049786640105,0.0011376546082520267
223,0.000902282643337908,0.0005314143202787264,0.007630425701920176,0.0017662327699471182,0.004066671228111841,0.0011488235451129222
224,0.0009047020789709697,0.0006188693170495181,0.007706928434513979,0.001390144207098877,0.004100649613484531,0.0010045067620741974
225,0.0008957385502191047,0.0005711110966697486,0.006592626793088217,0.002494857854831934,0.0036989152582319372,0.0015329844757508413
226,0.0008861558061529926,0.0005863039250168791,0.006100395135374399,0.001477862904130016,0.003352512284378913,0.0010320834145734477
227,0.0008976462728214606,0.0008886923324652009,0.004824373881551112,0.0021357239698138785,0.002859639300980342,0.0015122081511395398
228,0.0008963522735316617,0.000690737130947878,0.004822471701394005,0.0016110795124749614,0.0028263352691847176,0.0011509083217114198
229,0.0009980391919341958,0.0006791685197580937,0.008008075058718155,0.001853421241726553,0.0042822144196597795,0.0012662948807423233
230,0.0010875611985676859,0.0005153340700751943,0.006136008839806964,0.0011573838391322289,0.0035428010145582118,0.0008363589546037118
231,0.0011753865586561058,0.0009028435165006447,0.008019518429645305,0.002399800612746824,0.004508707108137061,0.0016513220646237343
232,0.001257108911099373,0.0008642852005427588,0.004753357355356526,0.001681708820442987,0.002816369098945569,0.001272997010492873
233,0.0013320412336465363,0.0007731278295601402,0.0075135438778852,0.0013557066845782365,0.004086072057094085,0.0010644172570691882
234,0.0013974341987474826,0.0008913464782600979,0.007213553728738538,0.0022276042079182783,0.003985999127598019,0.001559475343089188
235,0.0014465502832242828,0.0010729412217991194,0.006676754639936036,0.002174851027151544,0.003795845524333828,0.0016238961244753318
236,0.001480367314164452,0.0009167646894987653,0.008240510816777031,0.003355825366375128,0.004484622190073483,0.0021362950279369465
237,0.0014841118500706946,0.0010374437968885995,0.0074531354897786955,0.0021778197020117145,0.004153015847334897,0.001607631749450157
238,0.0014862045150778158,0.0009601343270559568,0.007937359345221037,0.0017257567875229105,0.004443542456675562,0.0013429455572894337
239,0.001490542200108579,0.001076485284836951,0.005239700893133014,0.002449446270096441,0.0030947272067735135,0.0017629657774666959
240,0.001498300713583229,0.0011969065554249237,0.004324534099647361,0.0016251343730024233,0.0029114174066090757,0.0014110204642136736
241,0.001505671385965358,0.0011055192808727408,0.0029860746635029427,0.0010155069681960038,0.0019599658623445176,0.0010605131245343723
242,0.001529126943994316,0.0009431850584552106,0.006458948058473479,0.002412219365141614,0.003699575217749235,0.0016777022117984125
243,0.001551014900341793,0.000964348287535437,0.008988694077548827,0.0028345359085256926,0.0048733007482997985,0.001899442098030565
244,0.001567518467361381,0.0010249616624223151,0.006822075043540826,0.002066018730607155,0.003990211859643025,0.0015454901965147349
245,0.0016110907445830607,0.0013202135625782646,0.005724714398181308,0.0016977858990148767,0.0036679025713821844,0.0015089997307965704
246,0.0016207906710045627,0.0011072373744396944,0.006418769998821921,0.0020767706179429693,0.0038443787754324993,0.001592003996191332
247,0.0016836289779648868,0.0013126111049364556,0.008611016549254624,0.002777126760596588,0.0051473227636097555,0.0020448689327665216
248,0.0009350636849767418,0.00047210499688372985,0.005718323712583439,0.001941999674681938,0.0033266936987800906,0.001207052335782834
249,0.0008144693943892264,0.0006135233666441163,0.006876135067547767,0.0018984361889797085,0.0038453022309684966,0.0012559797778119125
250,0.0009188558134894179,0.000501298404065946,0.006437664762130813,0.001868348197638542,0.00367826025979624,0.0011848233008522437
251,0.0009108131763709752,0.000721948261072308,0.0072394462367106,0.002524100011040635,0.0038698339852122057,0.0016230241360564717
252,0.0008349433055559003,0.0005373572430121221,0.004368476794871736,0.0019289075981506194,0.002435375761285794,0.0012331324205813708
253,0.0008434847859912024,0.0004468348451104923,0.0022092417791371756,0.00042585381205132854,0.001526363278531768,0.0004363443285809104
254,0.0008634774547593368,0.00048127166574937606,0.0076170864590895246,0.0022039738764628534,0.00405723669073509,0.0013426227711061149
255,0.000866487074327977,0.0007413922129778404,0.006398859902614159,0.0016492278885353027,0.0035005870483667293,0.0011953100507565717
256,0.0008566061648897076,0.0006139665960759603,0.0051536302954634655,0.0018892157781091208,0.002873059216724797,0.0012515911870925405
257,0.0008485694623095754,0.000706067831719491,0.0029267325105933988,0.0011151748057576121,0.0018514024330798812,0.0009106213187385515
258,0.0008598111031679959,0.000740684493132145,0.007057424278516356,0.0010266393151801526,0.00383887924085008,0.0008836619041561487
259,0.0008721760830994894,0.0006946628820965763,0.0034903589969844787,0.0012405611707730954,0.00217763082941032,0.0009676120264348357
260,0.0009694267186340315,0.0008286559066693377,0.005522752998082599,0.0017687221178853587,0.00320297868936289,0.0012986890122773484
261,0.0009267244585913477,0.0006059179167827043,0.006727632990681674,0.0021275320981793415,0.0038271787246365106,0.001366725007481023
262,0.0011537589391228315,0.000667830574383493,0.008188238826004947,0.002076880354895741,0.0045804364180697206,0.001372355464639617
263,0.0012415309006564527,0.0007939104748720154,0.00708837692976743,0.00222701012203672,0.0039056156284661796,0.0015104602984543677
264,0.0008570118034606657,0.0006112869832721691,0.005058206936554845,0.0023969620147471513,0.0029576093700077553,0.0015041244990096603
265,0.0013951455147398254,0.0008019971813040296,0.0038676526607853423,0.0012618130920306198,0.002631399087762584,0.0010319051366673247
266,0.0014406075674230584,0.000958239508608065,0.006591420205011728,0.0023132324895597128,0.0038690579125097795,0.001635735999083889
267,0.0014530417441016657,0.0006350406023557138,0.004691564826574757,0.0018572215499226452,0.002729653696638806,0.0012461310761391797
268,0.0014492683696086944,0.0009969449555363857,0.007947031933316145,0.0027859369212114623,0.004423316781368401,0.0018914409383739244
269,0.0014572032209321363,0.0010662943375069416,0.006470407274668619,0.001895148211782519,0.0037035690301035567,0.0014807212746447303
270,0.0014648952400653234,0.0009251837231505791,0.008030585486509378,0.0015948087765164328,0.004393634216481001,0.0012599962498335059
271,0.0014711817431049892,0.0009610051928208819,0.0077666382634335885,0.002044822686472717,0.004382796395637067,0.0015029139396467994
272,0.0014789553459745354,0.000956055877886998,0.008880770518754232,0.001862375136236363,0.0051429720188751376,0.0014092155070616805
273,0.0014865123596525956,0.001232748965123499,0.001971539528891623,0.000852225998746953,0.00158941978992806,0.0010424874819352262
274,0.0015088026936506337,0.0010322529437584668,0.0041100433681174504,0.0018304175830652053,0.0025329555001301755,0.001431335263411836
275,0.0015542514386580118,0.0013036684103168408,0.00843493794386732,0.003959559626901195,0.004701658777166276,0.002631614018609018
276,0.0015619550002477012,0.001017140717154583,0.004946518574354619,0.002458061381607229,0.0032542367857276936,0.0017376010493809061
277,0.0016397144470328172,0.0010394410240154683,0.004472970917010823,0.001875349143572315,0.002871271470049289,0.0014573950837938917
278,0.001673637418377317,0.0009356511979652952,0.004956947992806182,0.001641168254214842,0.0028624523493966663,0.0012884097260900686
279,0.0009180785798566783,0.0005453517857212797,0.0025866948355674287,0.0006622775458998506,0.0016076332121423042,0.0006038146658105651
280,0.0009150882951230252,0.00047853605365206586,0.003988400371730566,0.0010316569883897608,0.002291236669267939,0.0007550965210209132
281,0.0009100837443587245,0.0005022609541939648,0.004677023209934644,0.0017709327779073102,0.002647096876139031,0.0011365968660506374
282,0.0007800033897182772,0.0005478132958046729,0.0036301843973159677,0.0013782792321290114,0.002078889179757761,0.0009630462639668422
283,0.0008846176264853121,0.0005650258545401123,0.006614075973278059,0.002311559172862658,0.0036075606662422876,0.0014382925137013851
284,0.0008578890077569143,0.0005923540250538774,0.006867329423748057,0.0024870933784547724,0.0038626092157524857,0.0015397237017543248
285,0.0008328949423613236,0.0006362414302290287,0.006881637663805382,0.002532081440857928,0.003735322355841137,0.0015841614355434782
286,0.0008390714957787652,0.0005655372827202013,0.006664794730364667,0.0018697288841413872,0.0037437102013506626,0.0012176330834307945
287,0.0008226415067303498,0.00034551478331796344,0.007240605497835285,0.003022520379177187,0.004031623502282818,0.0016840175812475751
288,0.0008270093314330411,0.0006641989987658511,0.008266488966331855,0.002956771934282492,0.0045467487442462295,0.0018104854665241712
289,0.0008239051167260057,0.0006329467214146987,0.008262780076558632,0.003151069814884911,0.004359155296974383,0.001892008268149805
290,0.000841550835619216,0.0006709064100383771,0.00710328360022222,0.0016085909847523756,0.003925949637617881,0.0011397486973953764
291,0.0009366832366349423,0.0006584800421588542,0.005095395627554823,0.0022787706429570225,0.0028039725555382257,0.0014686253425579385
292,0.0010429589341059628,0.0006331655148675973,0.007537135838879006,0.0019499158368220398,0.004158610211792934,0.0012915406758448184
293,0.0011401414283624064,0.0007512530549397252,0.007117374077029413,0.002086401877878141,0.0038451668163433607,0.0014188274664089333
294,0.0012268230568637972,0.0007505868222271805,0.0077419842039933235,0.00233020309421361,0.004275021556101358,0.0015403949582203954
295,0.0013126955731612253,0.0008116981265227179,0.008144763915515857,0.0026318577029216467,0.0045890348479573064,0.0017217779147221824
296,0.00135920158600615,0.0009139505501629957,0.004914538369067696,0.0010689623424858308,0.002785842017104279,0.0009914564463244133
297,0.0013884511469702853,0.0009925964348767038,0.007446530927225946,0.002610583222159845,0.004141773986729828,0.0018015898285182745
298,0.0014067012375888468,0.0008406369755120591,0.001833375183880181,0.0004563230341360354,0.0013370549934178459,0.0006484800048240473
299,0.0014135139439995377,0.0009274739311516967,0.007855038168862087,0.0025164012501077302,0.0043963936798049425,0.0017219375906297137
300,0.0014304726201863265,0.0009253337376876637,0.008139350860940128,0.0030411835006556014,0.004554954097522389,0.0019832586191716327
301,0.0014434931301284522,0.0009870782152715794,0.008013628977137184,0.0033469100240551925,0.004508194721867059,0.002166994119663386
302,0.0010352823903154937,0.0007495026208191172,0.00807098059418188,0.0016898958921239225,0.004415993177960279,0.00121969925647152
303,0.00145401914972727,0.0010870435483461948,0.008978024238139906,0.0030523018361330147,0.004867958746580659,0.002069672692239605
304,0.0014581277706284446,0.0011866308882504176,0.007777975284383697,0.002524831705253016,0.0042688550708519755,0.0018557312967517167
305,0.0014727591217690219,0.000837170043026521,0.0061210973236285595,0.002912050753871711,0.003442833234849209,0.0018746103984491158
306,0.0015445224455313432,0.0010573284314744646,0.006193641461996464,0.002748960651749628,0.003582103667669114,0.0019031445416120463
307,0.0015900675755610573,0.001329659323861302,0.004599982087881064,0.0010478340646723574,0.003095022027506375,0.0011887466942668294
308,0.00162841964472096,0.0011303627521899687,0.008345166121093817,0.0027007266082508786,0.004986792882907388,0.001915544680220424
309,0.0016633739676222645,0.001226612579620333,0.00494885760611933,0.0020180076386122217,0.0028793816162364953,0.0016223101091162773
310,0.0009022820108662856,0.0006176176587463403,0.007703691087246615,0.0032232120317417803,0.004095075816578262,0.0019204148452440606
311,0.0008962449429840603,0.0004965295534940385,0.004529100674309916,0.0012914647499884635,0.0025072042960316114,0.000893997151741251
312,0.0008948402596397763,0.0004564586205039506,0.007784038238879561,0.0022330954139686515,0.004267272624219191,0.0013447770172363008
313,0.0007361470750837231,0.00046318973611299177,0.008124644030612041,0.0015864134258803213,0.004305805042043253,0.0010248015809966565
314,0.0008552520682815126,0.0005315070916194267,0.006166587072331671,0.0028672961367176555,0.003324769930242124,0.001699401614168541
315,0.0008302192140847498,0.0007191698823350093,0.002554359013606482,0.0006587965267008664,0.0016922891138456157,0.0006889832045179377
316,0.0008025717253855573,0.0005735306127923109,0.0068294342071856095,0.002163537506249427,0.0036943448366324387,0.0013685340595208692
317,0.0007831701836987492,0.0004942121977839236,0.00701843458708446,0.002046997436815684,0.003789918059570073,0.0012706048172998038
318,0.0008148403310473592,0.0006119654446887564,0.006682947401169908,0.002450671252411398,0.003630581036179745,0.0015313183485500769
319,0.0008055522067362475,0.0005037918974218064,0.007463437586933951,0.0031004448785648675,0.004030038526634677,0.0018021183879933368
320,0.0007241903767280599,0.0004613271251747059,0.0046563471522978,0.001255633158205247,0.00269026876451293,0.0008584801416899768
321,0.0008056535720238974,0.0005687695568952711,0.006551562147676949,0.0019803245366369917,0.0036761578014316513,0.0012745470467661313
322,0.0008983490472024336,0.0006259264414979951,0.0073536596860094006,0.0025495129514895875,0.0040011924647398705,0.001587719696493791
323,0.001014419363425494,0.0005352760365560905,0.007765694502597032,0.0018887463035069756,0.00432444989621042,0.001212011170031533
324,0.0007524366696003549,0.0006108584491804959,0.004901384186886138,0.001701742029919721,0.0027910464042287266,0.0011563002395501083
325,0.0011995501237791317,0.0007271587170193342,0.007891699262413203,0.0036146638738514558,0.004303925090096733,0.002170911295435395
326,0.0012546938641064666,0.0008835360240006503,0.004404904542268428,0.0019628320217863733,0.002582506936810072,0.0014231840228935118
327,0.0013001734068026265,0.0008523075895362697,0.005121613568322509,0.0013484391188749022,0.002884328481847239,0.001100373354205586
328,0.0013347515654233365,0.0008845043079788327,0.0038101868176817107,0.0017049985683342632,0.002493141369753115,0.0012947514381565482
329,0.0013592281851641766,0.0010195910044181133,0.008151505307769502,0.0022486494214644867,0.0044378455186904935,0.0016341202129413
330,0.001376225797290972,0.0009574039982102458,0.005369612660399848,0.002196570841448523,0.0030626125844229134,0.0015769874198293843
331,0.0014028615539719133,0.0010576823293694825,0.008122013289519685,0.0024517982733947372,0.004738678267996364,0.0017547403013821097
332,0.001420120462195897,0.0010183393943804756,0.004586809657067054,0.001466468338806959,0.00271970934817209,0.0012424038665937171
333,0.0014311502319659067,0.0009028204896163265,0.008278114853786156,0.003288167534059502,0.0046706132432264525,0.002095494011837914
334,0.0014338523005175306,0.0009762291616412944,0.003674676100429164,0.0013024109076729341,0.0023145030126866845,0.0011393200346571145
335,0.0014490290246752374,0.0010201616964780622,0.004270668538137739,0.0008830938232571535,0.0026134308851422194,0.0009516277598676078
336,0.0014505752238887363,0.0009273860667418258,0.00784140899356188,0.002590560870646946,0.0044007514604390745,0.0017589734686943863
337,0.001474344948398992,0.0009800037796965108,0.009513594789343511,0.003150764565672886,0.00514380659694519,0.0020653841726846985
338,0.001524046021845086,0.0011904164456221977,0.004670486624166839,0.0016330089157409137,0.002833464173201122,0.0014117126806815557
339,0.0016168408126127428,0.0010629366077592555,0.009114114824301288,0.0024646732885064797,0.004941951079120566,0.0017638049481328677
340,0.0016528245806564793,0.0011505858887315213,0.004710891921274085,0.0026396536641260437,0.0030464610044592198,0.0018951197764287824
341,0.0008826008491862772,0.0004216643604741673,0.0038813138630383616,0.0008566950204801592,0.0023078187570035025,0.0006391796904771632
342,0.0007247469764961404,0.00035902309970313755,0.005080125293395034,0.001174020649762564,0.0029024361349455872,0.0007665218747328508
343,0.0008578040638802009,0.00047851066716698715,0.005604186924070824,0.0029041247294118574,0.002924118000279431,0.0016913176982894223
344,0.0008381815825676844,0.0006062154343009468,0.00548063753436671,0.001723564388520051,0.003037656222199884,0.0011648899114104986
345,0.0008163764350846436,0.0006860336578680116,0.007001298664211582,0.0019674160463291996,0.0038520829979146716,0.001326724852098606
346,0.0007961557021660027,0.000507485786682464,0.008254516894757287,0.002582568843634658,0.004487249208712676,0.0015450273151585612
347,0.000776893932996431,0.00048040038360906907,0.005571825413853202,0.0012518360792067684,0.0030491575421910336,0.0008661182314079186
348,0.0007546377171253625,0.0004789664207822922,0.007480290115094261,0.0035290902927531966,0.004010656803498865,0.0020040283567677444
349,0.0008040518932854001,0.0006892721817358562,0.008355037598246032,0.0017405214658352912,0.004406847242599088,0.0012148968237855739
350,0.0008161180577683679,0.0004864724221878445,0.008002422577705627,0.0020565489706653455,0.004231901464964788,0.0012715106964265948
351,0.0008179479727163455,0.00048307675751666564,0.005972196172348278,0.0025511369763659745,0.0033798238360337567,0.0015171068669413202
352,0.0008096371650512655,0.0007401381977950276,0.008518650232336205,0.003086211952512219,0.004651276653618225,0.0019131750751536236
353,0.0008544975018801391,0.0006701795657456341,0.0033367306013161206,0.0014278727341759168,0.002067504628494396,0.0010490261499607753
354,0.0009682371130875658,0.0008104252881080259,0.003922101841704584,0.0010500773965866374,0.002209581600519756,0.0009302513423473317
355,0.001060639132842091,0.00058090685395369,0.005878747462215319,0.0026974888386346756,0.0033015112718544604,0.001639197846294183
356,0.0011393038707066512,0.0007153117534863118,0.0027256669796379943,0.0007409466085024419,0.0018546473488816602,0.0007281291809943769
357,0.0012027268995065728,0.0007261766170090983,0.004955642287920772,0.0015583196307270124,0.0028627601407536733,0.0011422481238680554
358,0.0012481408193914792,0.0009521888019040591,0.005879740356510399,0.001763562392377393,0.0034886759709287637,0.001357875597140726
359,0.0012805051281013153,0.0009639857379897165,0.00814968357401587,0.00426347890212056,0.004412834225460483,0.0026137323200551383
360,0.0013133875199366732,0.0009626596229473686,0.006448842618135131,0.0017964190807230975,0.003687236306070588,0.001379539351835233
361,0.0013247095888271143,0.000865791364680077,0.006816979779924389,0.002212147823732249,0.004070844684375752,0.001538969594206163
362,0.0013708225038898275,0.0009400801282546925,0.005810191346360274,0.002704196046056131,0.0033741041213859293,0.0018221380871554116
363,0.0013996520291763449,0.0009866249328883603,0.008672165556794576,0.0019440129145640622,0.005035908792985461,0.0014653189237262114
364,0.001422634577323488,0.0008977766498503997,0.008498843235884781,0.002575357899517633,0.004960738906604135,0.0017365672746840158
365,0.001420445910217524,0.000884966811596198,0.006458994928416841,0.0024609254015376747,0.0036158888367746056,0.001672946106566936
366,0.001464548217867448,0.0009270981175589938,0.007017039293822515,0.0027765679281503107,0.00424079102634304,0.0018518330228546522
367,0.001491327397328397,0.0010932713802204413,0.008374312594376977,0.0028317887574790526,0.004932819862627646,0.001962530068849747
368,0.0015255564604501708,0.000916698299146655,0.0049312145613871535,0.0013614477338943956,0.002850875522625272,0.0011390730165205256
369,0.001564686223223104,0.000978548430076392,0.009186464846671854,0.0022605449349981403,0.00523924752099101,0.0016195466825372662
370,0.001556316437925549,0.0009726113744430696,0.005304949953965731,0.002416685992135666,0.003130632566973189,0.0016946486832893673
371,0.001646277919067011,0.0011635846260281695,0.0051692525617000685,0.0024157432265235626,0.0034077634451165754,0.0017896639262758658
372,0.0008534933969034727,0.00038938123248643863,0.006179576567571598,0.002604289036393312,0.0032560770063055212,0.0014968351344398752
373,0.000835010177788577,0.0004318355856063133,0.007717830647977297,0.0009209873620922716,0.004201288778404124,0.0006764114738492925
374,0.0006603283915539164,0.00044598066654306777,0.007170483838292882,0.002295300231905633,0.0038123678227922927,0.0013706404492243502
375,0.0007920245269189707,0.0004649777146129608,0.005066126334723358,0.0012422816385641217,0.002764010835564814,0.0008536296765885413
376,0.0007725531093282549,0.0005612117212285545,0.007415946337853943,0.0021580535280430664,0.004094248124536582,0.0013596326246358105
377,0.000703970516740687,0.00035846473108680374,0.007791280238310841,0.002716804744539266,0.004117486022147379,0.0015376347378130348
378,0.0007452177416673923,0.0005039052732714319,0.00841449448115282,0.002638067710828351,0.004558145802216097,0.0015709864920498916
379,0.0007681097353142124,0.0005533290619182267,0.007301749713744986,0.0024870851928559022,0.003909289389162867,0.0015202071273870644
380,0.0007919268961177316,0.0006485326430378312,0.00779340361956425,0.0019394958601523528,0.004256336553304314,0.001294014251595092
381,0.0008103584869767106,0.0006137719935715045,0.008245178139031016,0.0034145655581022693,0.004351128594287725,0.002014168775836887
382,0.000818802370371424,0.0006407858234566209,0.008329223838336132,0.0018713281407025354,0.004394383887530691,0.001256056982079578
383,0.0008159602371741827,0.000609049153180982,0.008381467283335532,0.0022282654734878103,0.004420230352542334,0.0014186573133343962
384,0.0008244202870036813,0.000681331672848298,0.008141797855362847,0.001748322324763767,0.0043902949737333235,0.0012148269988060327
385,0.000884976806756057,0.0006273700669837366,0.007277617578136639,0.0021483985670235433,0.003879164146369047,0.0013878843170036404
386,0.0009806842333585381,0.0006290455039520569,0.004591291593736822,0.0011374890750647387,0.0026410536505982705,0.0008832672895083977
387,0.0010714379051040047,0.0007334462388079962,0.00498117921057618,0.0017699334492449052,0.002853387398139154,0.0012516898440264506
388,0.0011465944640493039,0.0007947720415883497,0.007414166497420683,0.0023666871579969113,0.004091242959666632,0.001580729599792631
389,0.0012008138078747077,0.000726483508361097,0.00665068419957994,0.0019517227839990128,0.0037351198113987558,0.001339103146180055
390,0.0012384961522152892,0.0009819472996508093,0.008425373486231335,0.002829643603408957,0.004745246247312902,0.0019057954515298834
391,0.0012665179286410727,0.0009754045044484691,0.005224203210920281,0.0012218850335422632,0.003043852986577329,0.0010986447689953663
392,0.0013284166322914564,0.0009162095141484934,0.008003674735193096,0.002151485230449799,0.004369727130813827,0.001533847372299146
393,0.0013795020702347957,0.0010810383318980486,0.006198275644532815,0.0017518231017167557,0.003608789450560107,0.001416430716807402
394,0.001416183131949847,0.001111760831866228,0.005464422401088329,0.0023372202313673147,0.0031960955031975088,0.0017244905316167712
395,0.0014459419466644786,0.0009281921122269828,0.008958434908047474,0.0034356904835897476,0.005202188427355976,0.0021819412979083653
396,0.0014096064781823957,0.000876914886114891,0.008721026379746552,0.002505687988184764,0.004748130387566874,0.0016913014371498273
397,0.001487819705661047,0.000997694598230481,0.008172369542943111,0.003406570998436942,0.004560540398657011,0.0022021327983337115
398,0.0015084743209349176,0.0009769327168310002,0.008699912647987744,0.002068892561789036,0.004829427627658721,0.001522912639310018
399,0.0015259053258654207,0.0011085087312488055,0.00803732051571315,0.0025109787832243565,0.004781612920789285,0.0018097437572365809
400,0.0015534414968081263,0.0011771300397657766,0.004679781132914757,0.0018160423602923011,0.0029834367623722607,0.001496586200029039
401,0.0015948278261594855,0.0010531200789487126,0.005146740410007064,0.001489364456691236,0.0033414457841311994,0.0012712422678199744
402,0.0015807516629777001,0.0010893351678622275,0.009301555375290468,0.003831127465524658,0.005347679099214778,0.002460231316693443
403,0.0006920809451259145,0.00046508023642109514,0.0070321934962288835,0.002914281511686577,0.003862136422050171,0.0016896808740538363
404,0.0008133327239490182,0.0005174402536062689,0.008112066852009119,0.002392025168369929,0.0043883102513789735,0.001454732710988099
405,0.0006355050740963462,0.00039465349963902906,0.007366071494188997,0.0016520834765292897,0.0038879791795521828,0.0010233684880841594
406,0.0007493117424496415,0.000584955996866086,0.007692367288440848,0.0036838313208391524,0.004150300343963761,0.0021343936588526192
407,0.0007313602402937107,0.0004909631892129218,0.007704511077585497,0.00261566224732361,0.0041564626488765615,0.0015533127182682659
408,0.0007206238964497513,0.0005227867046698131,0.004284032074798573,0.0014104499227337215,0.0024037743329063457,0.0009666183137017673
409,0.0007163944104939376,0.00044121145473901896,0.004983854329497253,0.0012166012609954881,0.0027258442434153255,0.0008289063578672534
410,0.0007073317138959148,0.0003490530811602228,0.0065054571658966455,0.0028370801612953847,0.00347226893605566,0.0015930666212278038
411,0.0007870864615550891,0.00045037742794811495,0.00755768589820084,0.0011497288674894948,0.004000425478826883,0.000800053147718805
412,0.0008081526184354143,0.00041867540783265407,0.008620495432332322,0.001196842394577836,0.004533058039614936,0.0008077589012052449
413,0.000806940859213552,0.0006995937597897145,0.008161637649059411,0.002133474155030842,0.004423862898958634,0.0014165339574102784
414,0.0007895935492750562,0.0005479923762331423,0.006855436415188626,0.0029486903278055933,0.003739958302811366,0.001748341352019368
415,0.000795544041093894,0.0005384533356851879,0.008284394256742836,0.004166976780148737,0.004471864426612714,0.002352715057916962
416,0.0008437929761365402,0.0006248933800073993,0.004240166180524759,0.00100279299197503,0.0024569499685228795,0.0008138431859912148
417,0.0009071617660393949,0.0005532927611384328,0.00435366314441019,0.0017130850543977936,0.0026194218160918072,0.001133188907768113
418,0.0010006940508320759,0.0007546060222691188,0.008548431797521542,0.0030760124761021377,0.004624793795087078,0.0019153092491856285
419,0.001090591392186344,0.0007577029286766531,0.005077363855645783,0.0012425543789602353,0.0029250892732159204,0.001000128653818444
420,0.001087630197267173,0.000576689258147793,0.005647552317694439,0.0022101634037632427,0.003124375146754527,0.001393426330955518
421,0.001208515029985586,0.0007001184769728595,0.00464210275340995,0.0013117139860165264,0.0026417004993596234,0.001005916231494693
422,0.0012463549469188557,0.0008759270090337784,0.007913008862859035,0.0018545287167066524,0.004295445227263403,0.0013652278628702155
423,0.0013142010803571754,0.0008002416740270147,0.00552567105629786,0.0022479925183476294,0.0032546448032786755,0.0015241170961873222
424,0.0013683340702350395,0.0009493305771385687,0.008777873003954318,0.004229093007201094,0.005073102532689167,0.0025892117921698307
425,0.0013524894282809499,0.0009359229660940431,0.008607514217710164,0.0021548196874091948,0.004755130818863656,0.0015453713267516188
426,0.0014455728715210621,0.0011114728831631828,0.005273439254300499,0.002243271437649924,0.0030942161573866865,0.001677372160406553
427,0.0014162109614247074,0.0009106439503084628,0.00554581247703139,0.0011880270970184266,0.0033441569897419404,0.0010493355236634448
428,0.0014349289937722772,0.0010519838324880566,0.009087385035663606,0.00536088878414634,0.005010057036032075,0.003206436308317198
429,0.001453737339897446,0.0009767857943297992,0.004130075181961622,0.0011822674133301822,0.0025341388494978354,0.0010795266038299907
430,0.001514627038664678,0.0011668645079979604,0.0098029462377756,0.0033710779928395372,0.005278364200896525,0.002268971250418749
431,0.0015297002663067917,0.0011764315892584675,0.0048583516877053175,0.0017984979195059907,0.0028929833806144232,0.0014874647543822292
432,0.0015631868043551977,0.0012050030206649087,0.006609693894592569,0.0037147133807878506,0.0037418256967434445,0.002459858200726379
433,0.0016111270213161884,0.0011404044064033479,0.0059752696637832186,0.002557147288565807,0.0037931978024240394,0.0018487758474845773
434,0.0006873724499240294,0.0005207667862665756,0.007018671873116909,0.0022260817492656118,0.003693383714603198,0.0013734242677660934
435,0.0008010809731375691,0.0006547271853472477,0.006427781941676055,0.00200337651116589,0.003614431457406812,0.0013290518482565689
436,0.000666197965941712,0.0002887306438138813,0.0032603431852998668,0.0011551087480702112,0.0016666575707101473,0.0007219196959420461
437,0.0007432467180001434,0.0005831148397407521,0.007774503500125643,0.002918274135237475,0.004258875109062893,0.0017506944874891134
438,0.0005803223130969511,0.00033191914136682495,0.0071679430676332015,0.00203707047766205,0.003789311988995863,0.0011844948095144374
439,0.0006807430497822646,0.0004925759540332837,0.0057082443031607226,0.0012951382785852603,0.0030709116133776524,0.000893857116309272
440,0.0007217895757744415,0.0006091705826637481,0.0008753680988424911,0.000188498354914686,0.0007844985395208965,0.00039883446878921706
441,0.0007551819393491627,0.0006148899093779294,0.005344784878926996,0.0014733315029446983,0.002910932253929957,0.0010441107061613139
442,0.0007796186273914008,0.0005194054035984328,0.007900918411654894,0.003700901449807236,0.004279072608436656,0.0021101534267028346
443,0.0006800731280169689,0.0005035093525534819,0.007722010674585948,0.002670657445968598,0.004136699568702292,0.0015870833992610398
444,0.0007825489060159032,0.0005632008698138178,0.00857725605655006,0.0037664038053412895,0.004637583822740937,0.002164802337577554
445,0.0007135112979631969,0.0005178413451551354,0.00870718208237033,0.0026187682131282317,0.004575196615646858,0.0015683047791416836
446,0.0007767501926490355,0.0005154163043400973,0.00729841571122885,0.0024489903775998297,0.0039942739581327324,0.0014822033409699635
447,0.0008303003101732061,0.000658536127358908,0.008157855440737539,0.004064887545818226,0.004433050775029497,0.0023617118365885674
448,0.0008761179948623268,0.0006663186837292886,0.00830567901667812,0.003143028093065959,0.004584184431519208,0.001904673388397624
449,0.0009450648246520511,0.0006132777781670108,0.008806254329849819,0.0033668984388957627,0.004708279654115244,0.001990088108531387
450,0.0010406274003920929,0.0006941796246442697,0.0088869580062164,0.0019468081704061037,0.0047068317683015065,0.001320493897525187
451,0.0011244232638311217,0.0007415395608323744,0.008950243864727507,0.0040447733530528125,0.004998539629688329,0.0023931564569425936
452,0.0011900492529113064,0.0007311796242902689,0.007394207898932019,0.0020531987579111544,0.004137150524224385,0.0013921891911007117
453,0.0012121420646708952,0.0009008990738516064,0.008152115723175394,0.0026264501563679843,0.004545244293109694,0.0017636746151097956
454,0.001283289356243659,0.000983626996809288,0.008833270308612955,0.002948740309588078,0.004915414719910986,0.001966183653198683
455,0.001336289499531492,0.0009540312891372956,0.005151746168418809,0.0022277281742526466,0.002828228909148332,0.0015908797316949712
456,0.0013565727335422548,0.0009163583570706372,0.007285460969999415,0.0024786244914796734,0.004184651533888058,0.0016974914242751556
457,0.0014201934286891412,0.0009391998210374218,0.005463079018426565,0.0020741015265161185,0.0030937780447536185,0.0015066506737767703
458,0.0014389265237412566,0.0009424034604468447,0.007596300895109882,0.0028684667888330176,0.004247844787843915,0.0019054351246399314
459,0.0014746433309463297,0.0011215769549193844,0.00920165601709716,0.0033475651300461733,0.0053381489929647495,0.0022345710424827793
460,0.0014964897435085708,0.0009675332197303148,0.0055639061772777285,0.0016856111203851648,0.0030869731517604733,0.0013265721700577398
461,0.0015269193366121193,0.001239542113844356,0.00911825817739508,0.001617105332505471,0.005013021939839217,0.0014283237231749134
462,0.0015458821211289827,0.0009834147395181474,0.006235381291185396,0.0023985688737135956,0.0035718665469453873,0.0016909918066158713
463,0.0015644959999113472,0.0010484249091938036,0.00571523498658489,0.0014574176796634203,0.0032154234631063122,0.0012529212944286119
464,0.0016017345685563893,0.0011065293238632398,0.009272003138124785,0.004496492115711039,0.005419982987048463,0.0028015107197871393
465,0.0008140839360351441,0.00043984978837109375,0.007416742871048144,0.0027246064920877886,0.004115413403541644,0.001582228140229441
466,0.00078621092531873,0.0005643258969556108,0.006448706940034373,0.0026465044996232608,0.0036174580617099757,0.0016054151982894354
467,0.0007620199983805398,0.0004415569129794577,0.00808274091459047,0.0031771473293838214,0.004249807947078643,0.0018093521211816396
468,0.0007378638402736716,0.0005309706395201846,0.00855403788097093,0.0026360950300659907,0.004478506513064205,0.0015835328347930879
469,0.0007139490384087703,0.0004248370451827968,0.008056897225837356,0.0020199931624446743,0.004385423132123064,0.0012224151038137357
470,0.0007176237759016878,0.0005698157714911841,0.006347959265403837,0.0011057529203383793,0.0032448973681877195,0.0008377843459147817
471,0.0007578814913732812,0.0004392645223384553,0.008194375874842478,0.0038057719367906653,0.004442496389157802,0.0021225182295645604
472,0.0007760398901393783,0.0005902716487208437,0.005157543445061332,0.0009010161336850464,0.00292422250560807,0.000745643891202945
473,0.0007848320933678874,0.0005827074986028051,0.0018759982862413737,0.0003139847725213658,0.0012824213456951905,0.0004483461355620854
474,0.0007841524217356167,0.0006227306679480297,0.005315911269967999,0.0015523538463104382,0.002944772255112887,0.0010875422571292343
475,0.0007727116280293033,0.0005601250579580182,0.008658511546537231,0.0025996251222043386,0.00454101431108637,0.0015798750900811787
476,0.0007538661426807472,0.0005524668194885504,0.005538410562560445,0.0018540995452615149,0.003099253412776839,0.0012032831823750325
477,0.0007562028146085397,0.0005293988883446819,0.008915154085317692,0.0020778614214620856,0.00481725095082686,0.0013036301549033836
478,0.0008148227924279032,0.000618664940645766,0.0072896674512562265,0.002213598168109315,0.004011738580470534,0.001416131554377541
479,0.0008677636569092716,0.0006291170273155086,0.00900950562661305,0.004156486341109659,0.004734451754415289,0.002392801684212584
480,0.000913680813077376,0.0006080570844605129,0.008823277451794814,0.002701261029144481,0.004734211629476288,0.0016546590568024971
481,0.0009889885856741044,0.0006985416716224078,0.009063929842489939,0.0029189086464620254,0.004858891877259979,0.0018087251590422164
482,0.0010768461567779483,0.0007708182997980022,0.008874957017166306,0.002598383138839369,0.004939579298264855,0.0016846007193186859
483,0.001154759040994216,0.0009265884571037197,0.0089870561914057,0.00313790198225974,0.0049397030180635204,0.0020322452196817305
484,0.0011762683828051635,0.0007957576852052197,0.009068776111851763,0.0031029224931289814,0.004837389915948418,0.0019493400891671005
485,0.0012500563195061744,0.0009045989634727941,0.0090396980735603,0.0036098711184696917,0.0051448771965332376,0.0022572350409712427
486,0.0013196004400747902,0.0010115032977534143,0.004743315474920394,0.0023276556632011404,0.0027029342237515374,0.0016695794804772774
487,0.001367177062985071,0.0008758633604996433,0.006737750252920085,0.0025205556598166343,0.0037085491039309253,0.0016982095101581393
488,0.001409052407399256,0.001028304104507303,0.009083962719149493,0.0030143036618231656,0.004968859055205768,0.002021303883165234
489,0.0014537679920926924,0.001103372686359533,0.005185397914107137,0.0013906206031494965,0.0028878848569043715,0.001246996644754515
490,0.0014947991053508656,0.0010256714836859465,0.008890557716275818,0.0031987387074929484,0.00488459166547391,0.0021122050955894476
491,0.001537508554374682,0.0010572164558540753,0.009899863403774778,0.004215603539059953,0.005330597009150271,0.0026364099974570143
492,0.001569623887676105,0.0011842711619573312,0.007584219789151503,0.0031184713131583884,0.004231899398264237,0.0021513712375578605
493,0.0015908669050102766,0.001112602912419499,0.01007647930501509,0.003024667254359372,0.005386536416082796,0.0020686350833894356
494,0.0016112294102562093,0.0010742152674159022,0.010235085126771976,0.00317654859072374,0.0054623162383972785,0.002125381929069821
495,0.0016355935721259712,0.0012200143845630081,0.009555386617994986,0.003652076212521551,0.005542702096307725,0.0024360452985422803
496,0.0008025154345815449,0.0004457481400244181,0.005540744681717553,0.001051421599995997,0.0029851311755635904,0.0007485848700102077
497,0.0007807909428728983,0.0004085462612934888,0.008485362067432495,0.00403670511716954,0.004527737761784111,0.0022226256892315145
498,0.0007725527145617186,0.0006831028197632685,0.0074003862763969315,0.0017120719562914184,0.004079590112949006,0.0011975873880273435
499,0.0007732320419159297,0.0005075538773198926,0.007998793184765736,0.0026571057810125622,0.004184225634325714,0.0015823298291662278
500,0.0007649609594267442,0.00042956907283784706,0.008752908675560766,0.0027180575646252618,0.004571329628810885,0.0015738133187315547
501,0.000743115570996491,0.000515851069224511,0.008236538287759956,0.0024913988395602023,0.004468279675168916,0.0015036249543923567
502,0.0007618501728434644,0.0005563673857536678,0.004360588861737212,0.0011362530407186006,0.002376776449571619,0.0008463102132361342
503,0.0007846341922493985,0.000688514803413133,0.00823876016929795,0.0034810674683555796,0.004471723815399799,0.0020847911358843566
504,0.0007981804662751446,0.0004340370607907892,0.005879554587370422,0.002588678364102366,0.0031463627181953398,0.0015113577124465775
505,0.0008023064514898875,0.0006031801806781913,0.005579677494075554,0.0015826614037424982,0.0029995368023521566,0.0010929207922103445
506,0.0007964451515780141,0.0006210787860326954,0.0040139511419841605,0.0011530029649739373,0.0024051981467659135,0.0008870408755033164
507,0.0007810089211673381,0.0006231081536609347,0.007083139300402692,0.003157577941252901,0.0038888297224593444,0.0018903430474569178
508,0.0007668681659970956,0.0006866697295976222,0.006220396664909378,0.0019503363687397462,0.0034543837685433094,0.001318503049168684
509,0.0008202138305386103,0.0006129194978156287,0.006535592481634029,0.0036199603660261558,0.0036472823069990416,0.002116439931920893
510,0.0008674310771345654,0.0006794439909307904,0.008969097851514177,0.0030953864579167075,0.00481271893652352,0.0018874152244237493
511,0.0009101515484183324,0.000677703850139872,0.004260323777946549,0.001477956012333916,0.002550361590604055,0.0010778299312368938
512,0.0009544258546825194,0.0006941265966456027,0.0021033317274406216,0.0005162602299789864,0.001528878789023343,0.0006051934133122946
513,0.001027313948592989,0.0007393931978888286,0.007022597169585924,0.003044620456154882,0.003755534369961039,0.0018920068270218554
514,0.0011102135663272378,0.0008289811435489684,0.008334864529402432,0.0035541070275264437,0.004616757502854181,0.002191544085537706
515,0.001186550375028119,0.0008968530512331113,0.009255444323566302,0.0038394964421410195,0.005102582566489134,0.0023681747466870653
516,0.0012582116300623627,0.000808620823525287,0.0059213990452214645,0.0023832572567743836,0.003204079178875964,0.0015959390401498355
517,0.0013232882300399159,0.0008917539940606836,0.006393515705972696,0.001822713816089101,0.0035875641721647613,0.001357233905074892
518,0.001378535133419827,0.0010969946600471036,0.00878996959872285,0.003513102215562114,0.005062291281389349,0.002305048437804608
519,0.0014263806792012227,0.0009933089407830576,0.008724317813200237,0.004225708281052837,0.005049256532194013,0.0026095086109179473
520,0.0014673605125399855,0.0011601912918739955,0.009524398214207926,0.0022988585290260556,0.005465233420637777,0.0017295249104500253
521,0.0015224967352463119,0.0012253865719383172,0.009303554646070234,0.0025911758381245583,0.005264088646569485,0.001908281205031438
522,0.0015725991934229396,0.0009851845412713824,0.006019733720584391,0.002172234685250729,0.00343034455896817,0.0015787096132610554
523,0.0016102617209603062,0.001160182193748091,0.005468662111540044,0.0031528620549114103,0.0030986669745746353,0.0021565221243297506
524,0.0016421945524939658,0.0012339104882344554,0.008497549832549408,0.0023846913041832467,0.004991287916112646,0.001809300896208851
525,0.0014953864977552,0.0009600800899266044,0.005944611161851101,0.002519368471048415,0.0034003685614107495,0.0017397242804875093
526,0.0016857153690991787,0.0011663720169856392,0.00677762351724693,0.0023877005792628577,0.004117696280100184,0.0017770362981242489
527,0.0008353103879935973,0.0005874718777226838,0.007889511518412693,0.0021721884792629135,0.00410097045146296,0.0013798301784927985
528,0.0008341467289183263,0.0004737923313677003,0.008528105071054996,0.0032270345510192902,0.0045338367746797625,0.0018504134411934953
529,0.000850211797228514,0.0004910976022872545,0.007573767587039777,0.0023560925140619984,0.0039592559258535085,0.0014235950581746263
530,0.0007449602285664926,0.0005045593327960708,0.007926669734688148,0.002775307379805657,0.004230592328756656,0.001639933356300864
531,0.0008215518955048694,0.0004861659560877656,0.0071480938241695775,0.002527567098683324,0.003777706880317976,0.0015068665273855447
532,0.0007910964838701128,0.00042242379148765927,0.006020722282287075,0.002673722084393838,0.0032042352140811484,0.0015480729379407485
533,0.0007709984053885052,0.0006050830422082985,0.007063333151267652,0.002149904620506065,0.0038074755966160524,0.001377493831357182
534,0.0007938890626357292,0.0005485049173404068,0.008360408682204903,0.002513821177856647,0.004538098134662165,0.0015311630475985266
535,0.0008112863910990268,0.0006138081358670856,0.005404709069646127,0.0006503153155107594,0.0029881245052304894,0.0006320617256889225
536,0.0008203091540388479,0.0006034240394437666,0.006006794934495249,0.0030389232360133016,0.003211307604999969,0.0018211736377285344
537,0.0008199129953161752,0.0006412469837814535,0.008213251663737535,0.0029039768611546397,0.0044295260505719195,0.0017726119224680467
538,0.0007160152259263943,0.0004983002617989123,0.00899108472293314,0.00299584789393795,0.0047080517098473315,0.0017470740778684313
539,0.0007997500702200936,0.0006049022729097085,0.007028382511690214,0.001914099062534588,0.0038632833435187568,0.0012595006677221484
540,0.0008490262931946489,0.0006340128895828262,0.009113377148816718,0.003047238214131307,0.004929164203823151,0.0018406255518570666
541,0.0009015997946569124,0.0007006175063701392,0.006781869654943809,0.0026530283449313205,0.003611762990472046,0.0016768229256507298
542,0.0009472852609926983,0.0007106693013949555,0.007438372370070169,0.001920168551575952,0.00413542236679039,0.0013154189264854535
543,0.0009855243518252946,0.0007475355810359137,0.004344210833427378,0.0016322125495442797,0.0023981191823017646,0.0011898740652900967
544,0.001006277959978075,0.0007610022655153401,0.006464233490062683,0.0022379150899597693,0.0034624958283855324,0.0014994586777375546
545,0.001069419011873422,0.0008189445844649101,0.00571470661083459,0.0029428096222111023,0.0031044403688416243,0.001880877103338006
546,0.001153219759807024,0.0008320656932799618,0.009516005815331987,0.004544788080742732,0.0052318857431704925,0.0026884268870113466
547,0.0012365943903586002,0.000842702874707878,0.004199420686440147,0.0013720725758089903,0.0027180075383993734,0.001107387725258434
548,0.001318919384247676,0.0011223664154112222,0.008390123994093083,0.0021452036475987815,0.004568857211137462,0.0016337850315050022
549,0.00138329097872041,0.0011362788154281917,0.006200527114374899,0.0026634467156892577,0.0035856048432913804,0.001899862765558725
550,0.001441481354469334,0.0010950739616856513,0.008778566963635862,0.0032273076550942146,0.004960091596921424,0.002161190808389933
551,0.0013883299692133587,0.0009577580015045356,0.007200105237061305,0.0017689659792492526,0.004000107896412959,0.0013633619903768942
552,0.0014068408983356133,0.0008857914791716357,0.007775519983183985,0.003671593435598705,0.004577549128362339,0.0022786924573851707
553,0.0016046818384030104,0.0010572683832395385,0.009785335168106278,0.0022158766908932175,0.005209117467326746,0.0016365725370663781
554,0.0016516689022859643,0.0010969701209739878,0.005726513556873704,0.0023960946275757293,0.003295302799319353,0.0017465323742748584
555,0.0016908247126377353,0.0009285721045112384,0.010188638490573462,0.0030505856617748586,0.005410958680648755,0.0019895788831430484
556,0.00172219319304673,0.0010903211162690458,0.007264923351015936,0.0030584566006076294,0.004335361720653793,0.0020743888584383373
557,0.001729154001627883,0.0013269147761402953,0.00972977272190048,0.0028135967488526707,0.005620618534898844,0.002070255762496483
558,0.0008786926675074442,0.0005408838632585636,0.007937618545885544,0.0027202023103878106,0.004120179238337894,0.001630543086823187
559,0.000882510992981587,0.0006368297067204697,0.0076427682559917776,0.001953087599387171,0.003986942267146532,0.0012949586530538206
560,0.0008808638361189651,0.0005823495140405302,0.007747485665943312,0.0013718628796159623,0.004080713656384482,0.0009771061968282461
561,0.0008728965522461736,0.0004983412204557028,0.006141918703530512,0.0024732311704073195,0.003271690217413055,0.001485786195431511
562,0.0008511767860857732,0.0006460762834981888,0.0055952735495945795,0.0006425593129469061,0.0030012576459352283,0.0006443177982225475
563,0.0008239692625656931,0.0005327042126254775,0.006286594571211358,0.0015383060659674645,0.0035229603533525975,0.0010355051392964708
564,0.000789833693131788,0.0005427590219259652,0.008497571895680464,0.004486957069795818,0.004510322235338886,0.002514858045860892
565,0.0007919886752377565,0.0005436291081933088,0.003719575767671468,0.0008006023771013905,0.0021455647857511,0.0006721157426473496
566,0.0008127602428733442,0.0006374719786806104,0.003265629595850624,0.0007982216179397891,0.0019330714368612522,0.0007178467983101997
567,0.0007469603791914207,0.0005927824080699815,0.006942857061306476,0.0022545285466802865,0.0038449074822943033,0.001423655477375134
568,0.0008270301879189985,0.0005233272325283356,0.00713826321503305,0.002951493583311294,0.0037815168945228056,0.001737410407919815
569,0.0008283904515458688,0.0006226306057769628,0.009069377166379157,0.004074513051450177,0.004748022130786571,0.0023485718286135695
570,0.0008240701689076004,0.0005989681452667002,0.005443289416084773,0.0016381995061118958,0.0029352794134518065,0.001118583825689298
571,0.0008682715603367727,0.0005969655746190033,0.009071725764877676,0.003460700755232071,0.004946686618327292,0.002028833164925537
572,0.0009266304712468371,0.0008033193940573637,0.008138151534708421,0.002457638460966533,0.004461857923073894,0.0016304789275119482
573,0.000979833973169648,0.000723994865268132,0.009042256192532213,0.00233118732144903,0.004744963567930244,0.0015275910933585809
574,0.001025949126415108,0.0007847294230264342,0.00667652873008901,0.0031310820894471527,0.0037706533871976777,0.0019579057562367935
575,0.0010531117927107243,0.0008437099349075695,0.00516950668201146,0.0018955590743381806,0.0030505311811101945,0.001369634504622875
576,0.0010777637615257778,0.0007994339324527252,0.005287911232607405,0.001894646494724731,0.002861384701341546,0.0013470402135887282
577,0.00115532118547916,0.0008580895345140114,0.008541018072110242,0.0029210598314936926,0.004625069760872964,0.0018895746830038522
578,0.0012316396007780465,0.0008406691400721933,0.00832593935238877,0.0028492754491917568,0.004513596856531253,0.001844972294631975
579,0.0013158311688456759,0.0009217569561202366,0.009074748627514366,0.0017092027240415701,0.0048189985874540365,0.0013154798400809033
580,0.0013847551167435253,0.0008907367876966821,0.009658013375800977,0.00196730965573942,0.005374801717132472,0.0014290232217180512
581,0.0013344084468869112,0.0009437759164336416,0.009659664135258286,0.0048696157071663705,0.005497036068472997,0.002906695811800006
582,0.0015209060145521518,0.0009075139088625018,0.008602563767588448,0.004210867726014389,0.004679272102081232,0.0025591908174384453
583,0.0015857026217476877,0.001215566802758887,0.009940743486568033,0.003492895578755373,0.005663231675058044,0.0023542311907571297
584,0.001639148252319638,0.000991903451826111,0.008233027885753518,0.002750879223404878,0.004414909527436715,0.0018713913376154942
585,0.0016888486471000454,0.0012304892852593955,0.009876934755741052,0.004040326233493304,0.005582747868349898,0.00263540775937635
586,0.0017360924604555021,0.00115876444262655,0.00989303601058912,0.004492945399115247,0.00533413087147372,0.0028258549208708987
587,0.0017563432505907416,0.0010705182030604043,0.010592600420441457,0.004065754084212349,0.006040269516191767,0.002568136143636376
588,0.0017719783487910887,0.0012333534784576658,0.005625325774736574,0.002898753358242118,0.0032467917713586737,0.002066053418349892
589,0.0009093568960501829,0.0004406662326635181,0.007665047852618658,0.0015115882965849908,0.004107811691744961,0.0009761272646242547
590,0.0009106829294285982,0.0005442012669692822,0.008048180121607962,0.003171853721571128,0.004428900159162004,0.001858027494270205
591,0.000903631815709056,0.0005776803702332476,0.0066900181865812425,0.0029738075527470783,0.0034718952973555673,0.0017757439614901629
592,0.0008963152476470258,0.0005705637641801113,0.006031048691327021,0.0021129409564427334,0.003422627278689216,0.0013417523603114223
593,0.0008788209154437314,0.0005502944967015861,0.008315981177083829,0.002509539002911716,0.004393331241460633,0.001529916749806651
594,0.0008532168803867415,0.0004816225641818264,0.008477760063956868,0.002606172335441223,0.004447216336736864,0.0015438974498115244
595,0.0008226740679415737,0.000616090426486845,0.007882600175204701,0.0022644243295273396,0.004334874445539906,0.001440257378007092
596,0.000786418862323031,0.0005862099000969622,0.005793363487285531,0.0018180454473040986,0.003200636435747313,0.0012021276737005304
597,0.0008070852720295079,0.0005983173940186218,0.009007619004848953,0.002624027649025415,0.004799961564734267,0.001611172521522018
598,0.0008233158556434701,0.0006347904247516806,0.009037713954206711,0.004377352822736639,0.004827344048961941,0.00250607162374416
599,0.0008319093850735919,0.0005952733197864398,0.008574849329078595,0.0036025077194544604,0.004603408295243134,0.0020988905196204504
600,0.0008369132724551277,0.0006158142076059404,0.006240001331666596,0.00380937556132755,0.0034747048866667542,0.002212594884466745
601,0.0008456249710934853,0.000613825563787864,0.006108158557206181,0.0026981934386711807,0.003234430429438999,0.0016560095012295225
602,0.000870390391081373,0.0005551915026352191,0.006103703093212079,0.0012509752064302816,0.003240479086287774,0.0009030833545327502
603,0.0008842834771153507,0.0006775281042820889,0.008690653245324758,0.0035690471472854144,0.004739445717854738,0.002123287625783752
604,0.0009861780876854259,0.0007309700682788268,0.00450206082912399,0.0007248813810630638,0.002667031575128022,0.0007279257246709454
605,0.0010372535004558733,0.0008121203535264628,0.006458512510548656,0.0015644518508281704,0.0035760173305950924,0.0011882861021773167
606,0.0010754550417743404,0.0006977465649370597,0.009195921111362929,0.004089719961834565,0.005068787193729959,0.002393733263385812
607,0.0011054849022621358,0.0008117373764533629,0.007935635040553666,0.002618837028157411,0.004453919782134069,0.001715287202305387
608,0.0011238425794852262,0.0009728889090703096,0.007300954731121207,0.002089745593776613,0.004188552074163993,0.0015313172514234614
609,0.0012070121824969352,0.0008484033058223494,0.005552297159515926,0.0011832520226866812,0.0033003657395502322,0.0010158276642545153
610,0.0012978668500734643,0.00096344072478325,0.00585197674582192,0.002419814106207716,0.003201385561110188,0.0016916274154954833
611,0.001385822588472251,0.0010917766283912327,0.008556850399293502,0.0026548375227849795,0.004564629862797357,0.0018733070755881064
612,0.0014610501659462793,0.0010610884065286332,0.00974413276061186,0.003759774875231616,0.0054538376550279915,0.002410431640880125
613,0.0015310746774259058,0.001116401944820567,0.01002164777380433,0.0026618975256489904,0.0056042285109151055,0.0018891497352347783
614,0.0015921160083006477,0.0009527878342819445,0.004980385414158851,0.001626936731357775,0.0030972498443207143,0.0012898622828198599
615,0.0016482725521758867,0.0011037937993421093,0.010054849644508883,0.003978287947668759,0.005726868593921964,0.0025410408735054347
616,0.001710639274084973,0.0010286210867827962,0.007610989107438429,0.0023091245335352334,0.0040886120201517355,0.001668872810159015
617,0.0017479944155633527,0.0011832594092866238,0.01052484265755618,0.0033483004065327274,0.00598345544546197,0.0022657799079096753
618,0.0017828095275389416,0.001116000966658469,0.010598689338098303,0.004317542041762024,0.006035820648414109,0.0027167715042102467
619,0.0018120246971585652,0.0011689224914905106,0.010255932723122937,0.0036325298022951034,0.005876793499834635,0.0024007261468928067
620,0.0009256073973375335,0.0005347378841178617,0.00839886413356272,0.0018399637458715698,0.004608133526088196,0.0011873508149947156
621,0.0009398085578671586,0.0005636534933532399,0.008046953855588682,0.002589305896499312,0.004233777108750934,0.001576479694926276
622,0.0009346283560404574,0.0005419015555895726,0.005169728000630857,0.0009954036530498843,0.002787407556367911,0.0007686526043197284
623,0.0009234559449906348,0.0005725916814060733,0.008302615509293124,0.0028267589957424893,0.004573284313586464,0.001699675338574281
624,0.0009065854508762454,0.00051623528537543,0.008751583265528393,0.002916099533660088,0.004592893682338924,0.001716167409517759
625,0.0008826573799070022,0.0006199191812969437,0.007969074945172828,0.0024328561248648352,0.00425688964996312,0.0015263876530808896
626,0.000825216439383226,0.0004669271956915827,0.008568204086263798,0.003827205064059434,0.004647237794039691,0.0021470661298755083
627,0.0008199784929695296,0.0005673944506756278,0.006206209440690074,0.0017904718641565786,0.0034258345674929355,0.0011789331574161032
628,0.0008097803852721502,0.0007029790962466704,0.007330431693306884,0.0024861395997616406,0.0040134079060758256,0.0015945593480041556
629,0.0008231330880738767,0.0006694117846456451,0.008090150687175099,0.002405537139346094,0.0043478336946049575,0.0015374744619958696
630,0.0008363186714681509,0.0006197225385013758,0.008934074980679132,0.0030535136979328976,0.0047783915173125495,0.0018366181182171367
631,0.000847725745881191,0.0006254987312927525,0.0071405811830728225,0.0022484507677615543,0.003971545869296266,0.0014369747495271536
632,0.0008995578732369206,0.0006567134717558047,0.006807535061991519,0.0021921198541351356,0.003800896017516951,0.0014244166629454702
633,0.0009312593311484604,0.0006377903875690545,0.009117805397937162,0.0021606481066200446,0.004948932975189261,0.0013992192470945494
634,0.000942449761548318,0.0007414132021176681,0.006411755982880651,0.0019689317584804166,0.0035861288129886183,0.0013551724802990425
635,0.0009963709062086861,0.0006531399199557716,0.009321110932405141,0.0059075243886486705,0.005003146092060988,0.0032803321543022207
636,0.0010546968263317378,0.0007517557454765047,0.008555380809538216,0.002491336258522176,0.004762586253660968,0.0016215460019993403
637,0.00109796256598788,0.0007137201425962542,0.009438621349457672,0.0023537942440894446,0.0052176142728252665,0.0015337571933428495
638,0.001130923907872956,0.0007921074424366098,0.009438301478962827,0.0034343580382096865,0.004965469378334839,0.0021132327403231483
639,0.0011528597504203643,0.0009102989724163192,0.0063112903143939195,0.0028508971684792004,0.0036821505132209296,0.0018805980704477599
640,0.0011796239418100647,0.0009004813104787265,0.005833861710933376,0.0011433490901733283,0.0034959962406364495,0.0010219152003260274
641,0.0012774192070794845,0.0008147427450690733,0.005717498182320883,0.002278745578473569,0.003419912701429425,0.0015467441617713212
642,0.001370930649351162,0.000825219302663798,0.00956761871033485,0.002542983867344497,0.005427289183135429,0.0016841015850041475
643,0.0014663088294795898,0.0010507537656879982,0.00961772077773555,0.005092429328500342,0.005405616467492537,0.0030715915470941706
644,0.0015503466559665384,0.00125006394080109,0.004718942972685908,0.0014532695408461431,0.003134644814325966,0.0013516667408236165
645,0.0016211948836952728,0.0009615391488319994,0.00627478102393465,0.002547200513919935,0.0035738317802622406,0.0017543698313759674
646,0.001684983251575111,0.0011124573293944478,0.010090813181939811,0.005228907872998337,0.0054416338143283265,0.0031706826011963923
647,0.0017263390768686067,0.0012619637941158025,0.010115419461382563,0.0038189486233290806,0.005763503641542583,0.002540456208722441
648,0.001755875895563403,0.0012819543537209866,0.007781207023182749,0.0026103517337396033,0.004580355547834805,0.001946153043730295
649,0.001461073671992056,0.0010918985652991367,0.010293564709277576,0.0034639830785939693,0.005877317227211378,0.002277940821946553
650,0.0017965664606952778,0.0011789151153603697,0.009612054357680548,0.0052679863298452844,0.00554728216979492,0.0032234507226028266
651,0.0009521574087450991,0.000525566775864466,0.008077433833052821,0.002468362684667144,0.00420676172764453,0.001496964730265805
652,0.0009725491078414479,0.000716175855221107,0.00866388079930719,0.0018792176714742589,0.0045441432094211545,0.0012976967633476831
653,0.0009671237762281756,0.0006303410324967686,0.006171150492011129,0.0013367884466284313,0.0032322982985109974,0.0009835647395626
654,0.0009575537790448847,0.0007268204285887261,0.008580588829962798,0.0025679260920627475,0.004524002135742647,0.0016473732603257368
655,0.0008704798736609298,0.0005293955006221087,0.008518380514770739,0.0037433194109595834,0.004519566150621915,0.0021363574557908467
656,0.0009138184136083601,0.0006717889845531722,0.0087861587489528,0.0017666816272053272,0.004614868449720863,0.0012192353058792496
657,0.0008894402402893193,0.0006123902433973311,0.006581573524652507,0.0021497558908465833,0.003470941891863453,0.001381073067121957
658,0.000857704423150727,0.0005212034410220035,0.005184136947857123,0.002274471434552983,0.0028101080910845483,0.0013978374377874932
659,0.0008251510299095171,0.000617058512476346,0.006608039295381121,0.0023127575014375732,0.003592652695309106,0.0014649080069569593
660,0.0008352363426314723,0.0006330910797731382,0.007715206810644713,0.003252149327191243,0.004249143505090603,0.0019426202034821907
661,0.00084025082442444,0.0007953673165094594,0.008732370175316249,0.0021898746763456835,0.004784099880163771,0.0014926209964275714
662,0.0008924287796642999,0.0007272103819113204,0.0064845435259080295,0.002657051009925391,0.0036587324161941985,0.0016921306959183555
663,0.0008662281843748937,0.0006047649226724935,0.009172759724293711,0.0024202560629454266,0.004938242221496171,0.00151251049280896
664,0.0009886189679210273,0.0006646496545531117,0.00846482999848979,0.003133439758782984,0.004726723484615617,0.0018990447066680482
665,0.0010035316223413527,0.000629886967005984,0.006407452076253404,0.0016130705815708916,0.0034381545482226115,0.001121478774288438
666,0.0010235604340355943,0.0007044681797593,0.009571513979221565,0.003011301864240544,0.005175132281853159,0.0018578850219999217
667,0.0010294610402081712,0.0006502690705321399,0.008220074083237619,0.004289572075508991,0.0045485001313881205,0.002469920573020565
668,0.0011277499556382887,0.0008081727763321738,0.006317877580954022,0.0022354969524725726,0.003431590046202007,0.0015218348644023736
669,0.0011599616633444494,0.0008323581788327872,0.008954886007761806,0.0034123305459847373,0.0048544628579060296,0.002122344362408762
670,0.0011859637366958505,0.0007767498664974637,0.009410142288767335,0.003642527926943408,0.0052545115765951994,0.0022096388967204356
671,0.0012132551983277291,0.0008818798153905856,0.00980847795965433,0.003891184503664915,0.005446088351461972,0.00238653215952775
672,0.0012592807110365762,0.0008944344756533718,0.008131394074638712,0.0029337570380788738,0.00466836274219654,0.0019140957568661225
673,0.0013583042014448984,0.0009378499422314064,0.009737056491832439,0.00486216641480771,0.005133780641867639,0.0029000081785195584
674,0.0014605810263257336,0.0009129061487690951,0.00233007451642529,0.000823861843122974,0.0017848263240216814,0.0008683839959460345
675,0.001554920128436511,0.0010366348535295752,0.0077031764114413245,0.004443061681121624,0.004522002151245122,0.0027398482673255996
676,0.0016348695567270938,0.0009108287513927181,0.00814193537448617,0.0036740412394652574,0.00472487868566986,0.002292434995428988
677,0.0016907083885613432,0.0010496171550429963,0.007936517401343799,0.0027543292312450524,0.004238556022372241,0.0019019731931440246
678,0.0017340778041770547,0.0009690916896838824,0.006399551643870943,0.0021113525593030643,0.003631431965996791,0.0015402221244934732
679,0.0017706372046815272,0.0011860558306431947,0.010524490497564177,0.003391487872374292,0.005982288887858537,0.002288771851508743
680,0.0018010644335465177,0.0013674110853639696,0.010399185710817077,0.005504658064003016,0.005570891829736745,0.0034360345746834936
681,0.0018201674399204184,0.001366463614510293,0.007879078416119225,0.003055610077757043,0.004314673638145945,0.0022110368461336675
682,0.000979273791869168,0.0006478284910171632,0.006373227000772965,0.002297832936041247,0.0036085306221463236,0.0014728307135292054
683,0.0010085049809706022,0.0006041722740911179,0.006029483151291685,0.002216068210212581,0.0032033612080318774,0.0014101202421518493
684,0.0010050149188214356,0.0004857478072209834,0.007522435489027089,0.0028086844884995243,0.003974054684917746,0.0016472161478602535
685,0.0009946765680103641,0.0006910801696678788,0.004144493221494609,0.001015895469541888,0.002294562213027528,0.0008534878196048834
686,0.0009758602389704647,0.0006211139307204147,0.0077843702266157866,0.002409595971788975,0.004159332232844001,0.0015153549512546946
687,0.0009497326722089936,0.0006485311390827921,0.008691912833153284,0.004044913025504511,0.00465915064338052,0.002346722082293652
688,0.0009238515350275733,0.0007331334014044133,0.005406731196627891,0.001799848866123174,0.003149331027419255,0.0012664911337637937
689,0.0008969545783861837,0.0006347154921402766,0.005742609410684963,0.0012125927072750248,0.0030952973794857383,0.0009236540997076507
690,0.0008692675813590667,0.0006337954556082052,0.00780166916314293,0.0039028787954520855,0.004335467707888161,0.0022683371255301454
691,0.0008612040896211458,0.0006110975424428646,0.00809749375783354,0.0019140623266378672,0.0044563698848357125,0.001262579934540366
692,0.0008733290683696731,0.0006589167746853026,0.008891857741330195,0.0027566592625470386,0.004667810612803863,0.0017077880186161707
693,0.0009321307140842922,0.0006915503952250768,0.009216384224127613,0.00441751064267612,0.004968344569012297,0.0025545305189505984
694,0.0009923226073454633,0.0006627875861939995,0.009009985621008854,0.002767179498919093,0.005001154114177158,0.0017149835425565464
695,0.0010407823323535636,0.0007814938114463867,0.008852290703906968,0.002811843755700957,0.00485119131341593,0.001796668783573672
696,0.0010590750679580806,0.0008124361895209207,0.004860847892234822,0.001572965088660954,0.0028288169175137382,0.0011927006390909374
697,0.0010774709550038797,0.0009104377295029232,0.009452004536634596,0.0031471680541874927,0.005145536790310374,0.002028802891845208
698,0.0011124312964194787,0.0006715085195989191,0.009152511774575975,0.00396703260812058,0.004817913593891343,0.0023192705638597497
699,0.0011564811107701103,0.0008600167377039166,0.00857283454217791,0.002299160597359749,0.004846173591441674,0.0015795886675318328
700,0.001196222886511435,0.0008076983687162644,0.009734164554779703,0.0029500911932174865,0.005257852724353292,0.0018788947809668752
701,0.001227554890979149,0.0009129148495899292,0.009739460568298894,0.003944212729338888,0.005256695962860524,0.0024285637894644082
702,0.0012561540638902878,0.0009516855971660566,0.006435169848343325,0.0021146641781825074,0.0035972827897305286,0.001533174887674282
703,0.0012104974427563139,0.0007793096836460292,0.009837768418542031,0.002649174680414492,0.005524129275710424,0.0017142421820302602
704,0.0013376026350780917,0.0010667607491831634,0.00814849820577763,0.003192164588101124,0.004687370488901411,0.0021294626686421433
705,0.0014429655617888414,0.0008922214083502484,0.009821877523569543,0.0022571145704973527,0.005274820641423631,0.0015746679894238006
706,0.0015448213548581381,0.0012746472550217167,0.006420883235040769,0.0015514443197982362,0.003587623473500704,0.0014130457874099766
707,0.0016263545961876544,0.0009654756665336279,0.010325349348650299,0.003156003608672405,0.005528027985474186,0.002060739637603017
708,0.0016881627645017477,0.0011970665290719736,0.009015495627157023,0.003589382165241267,0.005198254053434971,0.0023932243471566205
709,0.001739608049140786,0.001191005392045436,0.010187122812000085,0.004886717163167944,0.005823101265709767,0.0030388612776066906
710,0.0017818179955004863,0.0012118891103297417,0.004809566223042741,0.0019313799038190873,0.0026732654828082398,0.0015716345070744147
711,0.001816509192098804,0.0011178707421210603,0.010179997538115127,0.004805855849331178,0.00546628211768355,0.0029618632957261193
712,0.0018369153434228212,0.00147799831803817,0.010466979791641287,0.0038523817336958755,0.006053024706209272,0.0026651900258670225
713,0.0010069113762179369,0.0005554116651015495,0.007428179513811113,0.0017318042589857716,0.0038911475499010836,0.0011436079620436607
714,0.0010453565600517288,0.00043737157990434713,0.008755469714081546,0.0036390537177747443,0.004569320706559738,0.0020382126488395456
715,0.0010444875104505434,0.0005990565814066289,0.008502592453242024,0.004529266432627214,0.0045527405026031245,0.002564161507016921
716,0.0010367051296945936,0.0006205067967306999,0.00867169014260073,0.0026564953109447158,0.004634250458500235,0.0016385010538377078
717,0.0010183967885397996,0.0007546580145725416,0.007301689253181367,0.001953103336588004,0.0038455158116130297,0.0013538806755802727
718,0.0009913684469180374,0.0006471875770284108,0.008760803141449374,0.0029180671385887888,0.004609992633405788,0.0017826273578085995
719,0.0009632869137895755,0.0006100580476139779,0.005971638197004361,0.0018410433880980998,0.003278385450494698,0.0012255507178560387
720,0.0009366749865732567,0.0006443598918495667,0.003847641584981294,0.0007883531487119956,0.002152714984807098,0.0007163565202807812
721,0.0009032365112327968,0.0007046566947837252,0.008854911445594697,0.0031399664807475547,0.004718139496188884,0.0019223115877656399
722,0.0008711805063868956,0.0007685529234280365,0.008261880478726369,0.0020625901930239306,0.00455349412298674,0.0014155715582259835
723,0.0009091163974402796,0.0008412358567371304,0.006501674659119833,0.0020060394538257693,0.003693029045743147,0.00142363765528145
724,0.0009739360059618479,0.0007387205838323846,0.005093659312312603,0.0023336023366538603,0.002916599875153883,0.0015361614602431228
725,0.0010407272116794372,0.0007125174598363193,0.009265460666344198,0.0032321327638283686,0.0051530922297915735,0.001972325111832344
726,0.001100939277574002,0.0006244839170964276,0.004128927895366151,0.0013610978555799013,0.002431869897286127,0.0009927908863381644
727,0.0011230048584835472,0.0008424975803762375,0.009333420425476208,0.0032115891175950395,0.005055254207025487,0.0020270433489856386
728,0.0011439795713120828,0.0007158444404977956,0.00926650185022886,0.0029615891840995127,0.004872490726963757,0.001838716812298654
729,0.001164913839431347,0.0008432770263117961,0.00807178004269082,0.002921307481966205,0.004348340932083502,0.0018822922541390005
730,0.001190927617331491,0.0010023511280115968,0.0057891296146605625,0.0020661193368855775,0.003301521717935545,0.001534235232448587
731,0.0012315924338269564,0.000845798851063671,0.009657791884168716,0.0036540565978934224,0.005075875325172159,0.0022499277244785467
732,0.0012686324067812099,0.0009147441381529966,0.009293985352538687,0.0017517360539688089,0.005271935663307025,0.001333240096060903
733,0.0013036241435472886,0.0007627538972222739,0.006164992953522211,0.002347594570702708,0.0033357543619800065,0.0015551742339624908
734,0.001294976534899745,0.0009022313065126855,0.009880972096357762,0.0033384050498636033,0.0055227625390604435,0.0021203181781881443
735,0.001370920294226841,0.0008841375074318784,0.007329957214505764,0.0020542711411791464,0.0039080888063765164,0.0014692043243055126
736,0.001431452295219741,0.0010388985740281862,0.009900796359440762,0.0030354651200954473,0.005191822040705286,0.0020371818470618164
737,0.0015232806075770513,0.001193356592245786,0.010153682931026175,0.002430186365478072,0.005325489798309179,0.001811771478861929
738,0.0016047180948659887,0.0010490942359715418,0.008725219800856263,0.0030195821851923916,0.005030352600225912,0.0020343382105819665
739,0.001677871519064719,0.0011838928380803115,0.01018008451837173,0.003993122661562616,0.005510013546578473,0.002588507749821464
740,0.0017355654355950363,0.0011822788252588957,0.0100103355780036,0.0031761490978107357,0.005376802427191288,0.002179213961534816
741,0.0017779469422160197,0.001117238674133345,0.010094583941123978,0.0026015400320143485,0.005837842415996068,0.001859389353073847
742,0.0018096645534558852,0.00138506825513061,0.006302851116653196,0.004075115339855534,0.0036298801983750215,0.0027300917974930725
743,0.0018353319444214787,0.0012276990003713367,0.010746486689875172,0.0036556598319919644,0.005649927291665618,0.0024416794161816508
744,0.0010446537598187045,0.000711628421324129,0.005092811285801285,0.0010456251067571722,0.002977080953451309,0.0008786267640406506
745,0.001078444258081372,0.0006452943037786757,0.0087430475999629,0.003054465271107292,0.004587626791270047,0.0018498797874429839
746,0.001083161083124295,0.0006116229185251451,0.00818241624341964,0.0013018908886674738,0.004310236060375802,0.0009567569035963096
747,0.0010752563386118462,0.0006452275164070583,0.008721111812314244,0.002781222711177484,0.004607456229044811,0.0017132251137922713
748,0.001057825106647285,0.0006086826433386908,0.007257798831318965,0.0019321551778522781,0.00390501922319733,0.0012704189105954846
749,0.001030318248602807,0.0007299171307495582,0.006313435384340894,0.002602264541398862,0.0034639262191302283,0.0016660908360742097
750,0.0009965290809541441,0.0007369092081711966,0.0035233241532205773,0.001555697206821102,0.002163565506410435,0.0011463032074961494
751,0.000966037757608892,0.0007438595421262551,0.0073642399704094,0.003255614526409081,0.004148733418610376,0.0019997370342676674
752,0.0009322313762557389,0.000593878928284006,0.007560703407629545,0.003033579171429494,0.004011160177821323,0.00181372904985675
753,0.0009181504301246458,0.0007069323064292641,0.006303097922522701,0.002464973465430373,0.0035909040080728135,0.0015859528859298185
754,0.0009474738552385267,0.0007710788845954516,0.005589140439704703,0.002774357933439358,0.0032683050140046594,0.001772718409017405
755,0.0010171828068701026,0.000815769380155195,0.00928176869509252,0.004758424585567045,0.005123756283443125,0.0027870969828611195
756,0.001088022292160093,0.0007569184845168575,0.008855926345916495,0.002918895669880307,0.004880058556321758,0.001837907077198582
757,0.0011569650119767514,0.0007437528182324898,0.00926706247957447,0.0023075181040502074,0.005212013745775611,0.0015256354611413484
758,0.0011801359691680196,0.0008290548047723532,0.009675313991195818,0.00440252279893028,0.005427724980176203,0.002615788801851316
759,0.0012028905048650533,0.0009039812550783548,0.009231981412979625,0.0038816427287617907,0.004850847440525754,0.002392811991920073
760,0.0012292176471871414,0.0009094331835269008,0.009884080200077484,0.0039906916253253455,0.005556648923632313,0.002450062404426123
761,0.0012589618096358597,0.0010718338562364722,0.006279599330553515,0.003285834388332601,0.0037197813749129584,0.002178834122284537
762,0.0012879253419933495,0.000982438971815523,0.009576108348152795,0.0035289812355220112,0.005270618424275444,0.002255710103668767
763,0.0013190854770742865,0.0010106641627829907,0.008341803587657601,0.0025967119943864792,0.004582260575067611,0.0018036880785847348
764,0.0013502872153954262,0.0009547890722737493,0.010217237693538266,0.0026973732394819793,0.0057837597035441625,0.0018260811558778642
765,0.0013905446472488178,0.0009215604994870492,0.006953245016453896,0.002181799249209031,0.003724801693540148,0.0015516798743480398
766,0.0014296522257713647,0.0009220783999372316,0.010414677062739908,0.0044320976727231865,0.005586546946130809,0.0026770880363302086
767,0.0014520970356050778,0.0008921177559852208,0.010493739927332301,0.00424544281437089,0.005611759346614671,0.0025687802851780553
768,0.001445779616446811,0.0006824728169793947,0.00918962910450793,0.004292212887989673,0.004832642087415576,0.002487342852484534
769,0.0015835016436139809,0.0011491659690498579,0.010514801403411062,0.0027919389932762927,0.0060029190006394735,0.001970552481163076
770,0.0016547204464943477,0.0012592673109575977,0.0075145189223187955,0.0027748437470384176,0.004441347581164918,0.0020170555289980075
771,0.0017114417310839815,0.0009244022875666222,0.010449643004158446,0.003042434477345654,0.005602592130331869,0.0019834183824561378
772,0.001758679691236412,0.0012906363951052746,0.01045953097241723,0.0035122133077203155,0.005956335801017881,0.0024014248514127945
773,0.0017144574606866852,0.001218502524457777,0.010616828054528968,0.003644306988119429,0.00605478831631311,0.002431404756288603
774,0.0018313139997319285,0.0011765617235317343,0.010653860909014018,0.0050179716492012305,0.005604496507392584,0.0030972666863664823
775,0.0010736906733927042,0.0005692943750648145,0.0056391357930839735,0.001782612370588425,0.0032076156584939183,0.0011759533728266198
776,0.001098636820642013,0.0005405290115299919,0.008601183429350102,0.0039770242953937746,0.004516564881853915,0.0022587766534618837
777,0.0011073664993505896,0.0007370821997032144,0.007958162365974084,0.00253407266209643,0.004202441927094376,0.001635577430899822
778,0.0011032406711249001,0.0007147250719759114,0.005353031112189032,0.0026867483263987814,0.0031398871629398093,0.0017007366991873465
779,0.0010893605509803826,0.0008301102525951138,0.008987801345294566,0.0029897588343523974,0.004962261024290369,0.0019099345434737554
780,0.0010647091045812673,0.0006853342686077467,0.008408746450849259,0.0030278493801682276,0.004588459227943805,0.0018565918243879874
781,0.001034007827306209,0.0007494956773384579,0.007643700482406023,0.0029578391770694107,0.0042941884331423085,0.0018536674272039346
782,0.0010024282255097674,0.0007772230595523291,0.007200263410837175,0.0017025962101838345,0.003983073610796884,0.001239909634868082
783,0.0009435540609996076,0.0006364856450080529,0.00916023243277072,0.003580878929464499,0.004998966205779499,0.002108682287236276
784,0.0009369101691840496,0.000697119598193952,0.005519244970135041,0.0023262909944282715,0.0032154401464449985,0.0015117052963111116
785,0.0009816363153772232,0.0007274515624974314,0.009368057193925024,0.003012425206598849,0.005174846754651124,0.00186993838454814
786,0.0010546916972381181,0.0008252587278226432,0.009098933377641503,0.0033981990559829186,0.0050768125372054815,0.0021117288919027806
787,0.0011271365851365485,0.0008406956141471364,0.009390439195927155,0.0034972893022348858,0.004925236279609599,0.0021689924581910114
788,0.0012010398715607334,0.0007993672235039873,0.006334507501276207,0.0017765716899241705,0.0033920610393538614,0.0012879694567140792
789,0.0012308136606441447,0.0008617500676787852,0.00931960706974218,0.0033162441037492573,0.00510799768793147,0.0020889970857140214
790,0.0012580948081188882,0.000904247292297271,0.00618128787695479,0.003025525999774958,0.003719690372170564,0.0019648866460361147
791,0.001288273046149767,0.000823436126887641,0.007525043721674973,0.0036562445559398748,0.00440665838391237,0.0022398403414137583
792,0.0013218105991285446,0.0008280502574799411,0.009231677914779548,0.0026726956554173806,0.005047654458290963,0.001750372956448661
793,0.00135461696259528,0.0010463219860805764,0.009017863169842013,0.003965328476404162,0.005186240066218647,0.0025058252312423696
794,0.0013540757092727139,0.0008759781365448814,0.00974902367795809,0.004918783792569771,0.005345064369363561,0.0028973809645573257
795,0.0014215235595823267,0.0008054358827370052,0.006832424360909196,0.001977855775453439,0.0038353795790029214,0.001391645829095222
796,0.0014447846894206496,0.0010307503120936502,0.009815709747407149,0.004141031040386848,0.0056302472184138995,0.002585890676240249
797,0.0014808160175534897,0.001117953180777248,0.007097167381820684,0.0031228358959740484,0.004282947265716833,0.002120394538375648
798,0.0014972388098060713,0.0009548021192903988,0.008714807049177993,0.00324776810028526,0.005106022929492032,0.0021012851097878295
799,0.0015248214983915797,0.0009789499320668018,0.009327246762071941,0.004031932245816815,0.005291980155019022,0.0025054410889418085
800,0.0015700413839256563,0.0010785239637397038,0.006523068589336027,0.0024984232705157787,0.0036343827664109332,0.0017884736171277413
801,0.001622045266732353,0.0008573792804029898,0.007124690881611299,0.0028959275313172983,0.003941613505423283,0.0018766534058601444
802,0.0016797188946896153,0.0009133238152711704,0.004375913279465614,0.0010206407751860462,0.0024448745360603043,0.0009669822952286085
803,0.0017460026624789124,0.0012322492920072172,0.009325859241997539,0.003929889488893673,0.005388617181742386,0.0025810693904504455
804,0.0017961691488690805,0.0014865525027719273,0.010648206354526738,0.004129429195547073,0.006222187751697909,0.0028079908491595003
805,0.001858943641962528,0.0014540999999581642,0.010017718124284172,0.005490570697724342,0.0059383270603800345,0.003472335348841253
806,0.0010994264621547575,0.0006876682468576478,0.008343239960263543,0.00291638068976443,0.004524649899223601,0.0018020244683110385
807,0.001127375124744389,0.0006720153372248669,0.008781830128653863,0.001736774473901905,0.004546326887142844,0.0012043949055633861
808,0.0011375051816480285,0.000613694205412995,0.008758248472850724,0.003794050302877474,0.004598986382048353,0.0022038722541452343
809,0.0011329997232539092,0.00061840558128786,0.007841147118001685,0.00277073467554269,0.004174813623025284,0.001694570128415275
810,0.0011233843675962627,0.0007098869083315546,0.006459780714413166,0.002360497044211584,0.0034554392167148768,0.0015351919762715694
811,0.0011022731441740678,0.0008422294361807284,0.008808609371465027,0.003190071294036949,0.004875885934776139,0.002016150365108839
812,0.001074735721785089,0.0006414417970451922,0.005746639799873174,0.0017538866716203972,0.003100268088399189,0.0011976642343327945
813,0.0010435277978004033,0.0008100022002524353,0.005678032500261675,0.0016206454882484876,0.003314506773533051,0.0012153238442504616
814,0.0010124203133949996,0.0006326992507369349,0.006715116242398666,0.0018820860151950649,0.0035839139340613324,0.001257392632966
815,0.0009753914826320114,0.0008165998460402637,0.008484485874054974,0.005623690865127309,0.004710480114772385,0.0032201453555837866
816,0.0009542611700531627,0.0007958867864438217,0.009225229306420122,0.0026994519977518844,0.004884802011808311,0.0017476693920978534
817,0.0010826296686769939,0.0007242723095666556,0.008651023892534726,0.0037001011183099134,0.004547109874994147,0.0022121867139382845
818,0.0011587111052422366,0.0007532512790472401,0.009072990263032795,0.0037877181727107878,0.004753904763898968,0.002270484725879014
819,0.0012365542289411798,0.0007954983612510824,0.006008402743242346,0.003620864770164327,0.0036107624677008954,0.0022081815657077047
820,0.0012761928596052609,0.0008054892002097077,0.009777099681894528,0.004070984641750789,0.005526642802534276,0.002438236920980248
821,0.0013080273112101885,0.001046254352750573,0.005534532747319004,0.0024115285290250217,0.003129429566930095,0.0017288914408877976
822,0.001341581837952631,0.0009792692819842338,0.007486698864568723,0.0039041499435919927,0.004131924842135347,0.002441709612788113
823,0.0013789125228209913,0.0009302786059994754,0.00459943832514919,0.001650441598492263,0.002947401089183127,0.0012903601022458693
824,0.0014156130053372725,0.0010005635015679025,0.006294143829000436,0.002059414614599508,0.0038548784171688545,0.001529989058083705
825,0.001456371564367546,0.0011459594390773296,0.007017229560537121,0.002276991642567922,0.004236800562452295,0.0017114755408226257
826,0.001489012023957962,0.0010382647626789908,0.006784124927926269,0.0027626678133374797,0.0038224343457446833,0.0019004662880082353
827,0.0014814817889728278,0.0011061624731762427,0.005254473873171265,0.0018263851181230602,0.003367977822745719,0.0014662737956496513
828,0.0015541025464336014,0.001118998156581996,0.00878575251031518,0.0031188601008125686,0.0048046416167113306,0.0021189291286972823
829,0.0015879813661925865,0.0010857354135814553,0.009928899314623228,0.003973126643450967,0.0053673413426271795,0.002529431028516211
830,0.0016215705474630095,0.0011002329143325244,0.009947609390517618,0.005010611463503336,0.00521576565992115,0.0030554221889179307
831,0.0016542911701045624,0.0009746198555451354,0.010453606607696802,0.003856909563343299,0.005609763233464183,0.002415764709444217
832,0.0015876282558862354,0.0012479044535979227,0.004891744529017543,0.002576355113524422,0.0032396863924322034,0.0019121297835611724
833,0.0017633489278948524,0.0014412812425039345,0.010433772496907573,0.004463810820377949,0.005969114692705416,0.002952546031440942
834,0.0018223374818414208,0.001441457780122775,0.005782514482959722,0.0024167138761205338,0.0037571815764446104,0.0019290858281216545
835,0.0018865224225361938,0.0013571180068527836,0.005914884738247165,0.0027598976528288195,0.0039007018316532787,0.0020585078298408013
836,0.0019528845188486665,0.00135833676204781,0.008308072269932791,0.0028059819580007177,0.005130475359345168,0.0020821593600242644
837,0.00112517107241086,0.0005757695691438766,0.009106440711964193,0.0032927241962002014,0.004688256314290998,0.0019342468826720396
838,0.0011575895071563535,0.0007492850506551186,0.005459632140716277,0.0009649729349833408,0.00317370376707312,0.0008571289928192297
839,0.0011721572565742762,0.0005504274070089307,0.006744534284632695,0.0022499857860198936,0.0035651397250438337,0.0014002065965144123
840,0.0011686260238796698,0.0006873985008857895,0.008404589510670258,0.0037057995317855406,0.00445993225290681,0.002196599016335665
841,0.0011589374755931786,0.0005900160133527122,0.008756134334534857,0.004307756154551325,0.004598270734142354,0.0024488860839520193
842,0.001141248570269563,0.0008501545874867981,0.009361618115785335,0.003699108753016977,0.005151942990786708,0.0022746316702518875
843,0.0009482450053220418,0.0006386555733422913,0.006932327140342683,0.002362679635859317,0.003825067749853444,0.0015006676046008041
844,0.0010865255402149451,0.0007123330375414905,0.00865365553393142,0.00345031579634184,0.004549474064870866,0.0020813244169416655
845,0.0010587981669318393,0.0008050364747286065,0.009214477907997882,0.0031919241205829825,0.0048768114341212745,0.001998480297655795
846,0.0010288331203149557,0.0006865873102600307,0.0043164049371658755,0.0014444715789395234,0.0026726182303244703,0.0010655294445997773
847,0.0010327945334416898,0.000689936819302485,0.006163699520930856,0.002190766375296891,0.003506061805858323,0.001440351597299688
848,0.0011089460514501137,0.0008378919168563559,0.008814789788211217,0.0036353407961101864,0.004879841417923505,0.002236616356483271
849,0.001183986231848203,0.00069615482580744,0.008548144713750292,0.0023433260140967816,0.004566107271522515,0.0015197404199521112
850,0.0012657207267467298,0.0008400398667277381,0.008889091898180117,0.003520735039346507,0.004906865305322144,0.002180387453037123
851,0.0013164119671824773,0.0008928273298482216,0.008389377148338172,0.0028246232317191322,0.004654389020152365,0.0018587252807836766
852,0.0013517679907547714,0.0009780235644448675,0.010111152262109065,0.004947801517862792,0.005731460126431919,0.002962912541153829
853,0.0013891114033307843,0.0008796477332427574,0.006273951085607692,0.002741621456150139,0.003512848010229193,0.001810634594696448
854,0.0014298055151113786,0.0010848356296377492,0.010224307489720447,0.0031594209849156603,0.005563856555101465,0.002122128307276705
855,0.001474847830453325,0.0011543345312111277,0.00811316531523634,0.003419949484528646,0.004507564856514604,0.0022871420078698873
856,0.0015254174650154069,0.0010530795018558275,0.010338112431585899,0.0031685146999476882,0.005860622463973016,0.0021107971009017576
857,0.0015634496319213939,0.001091977968952689,0.006415941045525553,0.003153485991320188,0.003457807791504618,0.0021227319801364387
858,0.0015966646770078558,0.0010541234397151561,0.006075452274752943,0.002442051050773567,0.0037661331065859454,0.0017480872452443612
859,0.0011548176347707757,0.0007921811214905226,0.005521528639771293,0.0029802330275764425,0.0033381731372710342,0.0018862070745334827
860,0.0016735110303043531,0.0010547148075468991,0.005075150216318257,0.002882150652667103,0.0030547241568435637,0.001968432730107001
861,0.0017157777239793473,0.0009852419199866491,0.010600428021587643,0.004738619505375244,0.005714700533276372,0.0028619307126809468
862,0.0017585709966044354,0.001404233979892732,0.009971215787501769,0.002829757768325325,0.005864892063719378,0.002116995874109029
863,0.0015661968182016715,0.000879813243662139,0.010372210858485673,0.0031134213287439478,0.005428602461623508,0.0019966172862030435
864,0.0018409395195466984,0.0012193625723198437,0.007132194840320074,0.002899904998170508,0.003962174937995017,0.002059633785245176
865,0.0019052346092106535,0.00114366157518186,0.008879798058691669,0.003424532224996674,0.005392516333951161,0.0022840969000892672
866,0.001972265013624187,0.0013670418946178562,0.01054989350985211,0.005484798170929981,0.005849886260765382,0.003425920032773918
867,0.0020430081322228553,0.0013511814473019692,0.010613197812651303,0.0037194910264459194,0.005581475885036186,0.0025353362368739445
868,0.0011521890228088482,0.00047607199014390556,0.009195452913078994,0.002538288938757273,0.00478854940278969,0.0015071804644505894
869,0.001188754280652792,0.0007936176699774557,0.007695176625711068,0.0016952875064488236,0.004057232525770211,0.0012444525882131397
870,0.001213866462450877,0.0006933908777721028,0.009410127663723853,0.0017974879263490107,0.005153296216130807,0.0012454394020605568
871,0.0012069161021007748,0.0005665289010723758,0.00743585858390574,0.0032114632106218137,0.00397791820422366,0.0018889960558470947
872,0.0012001867237472442,0.0005998443466551674,0.00917937023830184,0.002689061764121792,0.004803941873305042,0.0016444530553884795
873,0.001181663186647809,0.0008254667296951705,0.009573729305011637,0.002755741517990819,0.005111712180781782,0.0017906041238429948
874,0.0011608794202946139,0.0007447989544497125,0.0062237435521556375,0.0018431393283524975,0.0034052925308941107,0.0012939691414011046
875,0.001135212209901683,0.0009075262248222082,0.009170918713954765,0.003148773218128638,0.004802828790364055,0.002028149721475423
876,0.0011112057742709198,0.0006958867892131471,0.009294205423041338,0.004996538522353562,0.004998785125266931,0.002846212655783354
877,0.001091017861055225,0.0007436303472644504,0.00923057993962256,0.003978900114972813,0.004866038839665448,0.002361265231118632
878,0.00107865887122428,0.0007247475522885805,0.008471896804338559,0.002931150538500421,0.004447908029225166,0.0018279490453945008
879,0.0011290146884910797,0.0008414928496817554,0.009741224938983497,0.0020466150794349845,0.005344568017592047,0.00144405396455837
880,0.001209970166416466,0.0007293615022576205,0.00950995551095608,0.003931695645146923,0.005227552337748583,0.002330528573702272
881,0.0012892425556574635,0.0008642414727332336,0.006093503548299632,0.0032975774033095068,0.003566975942307072,0.0020809094380213698
882,0.001350110968358777,0.000959069841373147,0.0063911560796564015,0.0032869861787412713,0.003506252363358925,0.0021230280100572093
883,0.0013889580619349377,0.000884806941866844,0.008667235703771634,0.00304403539397811,0.004793525936043171,0.001964421167922477
884,0.0014319991909058458,0.0008466625442106288,0.00980382385062411,0.0045545808609660145,0.00553598196134824,0.002700621702588322
885,0.0014812850059676237,0.001109049139115886,0.010320003678540128,0.0026644468052105168,0.0056235001314662025,0.0018867479721632013
886,0.0015349863182229388,0.0009882418258890793,0.008100425167722278,0.002495570145852958,0.004518000059609892,0.0017419059858710187
887,0.001590887928756461,0.0009368651728271985,0.0077875767485419975,0.003958426955456795,0.004379276298789686,0.0024476460641419963
888,0.0016360151104439211,0.0011633853053687004,0.00962235243909607,0.002356053611900586,0.005629182803092195,0.0017597194586346434
889,0.0016740216272828354,0.0010493231314111858,0.009814632651960534,0.003587420352976622,0.0057443271396216845,0.002318371742193904
890,0.0015501169731442156,0.0009648911022755136,0.01000526285469222,0.0027140860427487625,0.005577658605992515,0.001839488572512138
891,0.0017542535065270502,0.0012387157378728499,0.010593041454653594,0.00493443724306569,0.006173645796896204,0.003086576490469269
892,0.0018044138670378577,0.0011786235373104589,0.006877767628232806,0.004549882693937954,0.003920759798367897,0.002864253115624206
893,0.001604053727265343,0.001144076456821081,0.005145692878847719,0.0021558939103448072,0.0033748733030100936,0.001649985183582944
894,0.001886996561696345,0.0014903147866631098,0.006522485200653211,0.0019225227992725983,0.0036769887189826234,0.001706418792967854
895,0.0016032610940497746,0.0011779044630976037,0.006610010059314285,0.0019694178331323598,0.004106635576682029,0.0015736611481149815
896,0.001981485294454423,0.0012843806412030808,0.0109087417802331,0.004369640780936696,0.006445113537343761,0.002827010711069888
897,0.00149009992502325,0.0008992918672377639,0.008212263320524228,0.00528063760522181,0.004368983269084689,0.003089964736229787
898,0.0021280119636246874,0.00124819309281339,0.010423009369803771,0.0053944249761230184,0.005591099437687804,0.003321309034468204
899,0.0011800118977527956,0.0007356761111008761,0.003329569644692094,0.0017480675899918317,0.002085352388652148,0.001241871850546354
900,0.001220858253354226,0.0007932826654933839,0.00810911988963086,0.0020156747610254014,0.004486652527136351,0.0014044787132593928
901,0.001256067690284866,0.0006354996804385191,0.009839285848128682,0.004015270061741358,0.005150275106879501,0.0023253848710899387
902,0.0009033883927075082,0.000548263972589658,0.009109436836379188,0.004735995280033533,0.00475903170515138,0.0026421296263115955
903,0.0012439645098330512,0.0006572186638400491,0.008794120502770222,0.002851899340650312,0.004682486256821918,0.0017545590022451808
904,0.0012289223791357804,0.0007486606401328772,0.00825643460889148,0.002573845781351118,0.004419072712336781,0.0016612532107419975
905,0.0012088880086991102,0.0007589955039780511,0.007692180204929402,0.004392778873119939,0.004315515002575396,0.0025758871885489957
906,0.0011879370447767518,0.0008159661491274698,0.005884844689637462,0.002578703175806362,0.003262262755972923,0.0016973346624669157
907,0.0011724552836716927,0.0007693649678302794,0.00639234337212046,0.0024064716147958005,0.003559281088086867,0.00158791829131304
908,0.00115847813468852,0.0007208848963091762,0.009468155562982156,0.002762874006523762,0.004941472893493761,0.0017418794514164689
909,0.0011504564655674394,0.0008626180947059394,0.00979197433149483,0.004134337108817345,0.005424893560934888,0.002498477601761642
910,0.0011419444384464597,0.0007264002891737842,0.007424256983868627,0.002678673468634725,0.003969117848499279,0.0017025368789042547
911,0.0012279785124483977,0.0006787955821719881,0.010134483905141342,0.003420056846381436,0.005681230201675252,0.0020494262142767123
912,0.0013172762548652624,0.0008054488724756005,0.010204615796853212,0.005832701394294572,0.005760945225795507,0.0033190751333850867
913,0.0013793473474175036,0.0009421791262371927,0.010042518927617922,0.003397517048953853,0.005491441019954484,0.002169848087595523
914,0.0014249618079412005,0.0009935682845651755,0.008841702582030408,0.002968138257899423,0.004742760543587959,0.001980853271232299
915,0.0014743939471067705,0.0008701727953428816,0.010429453145095488,0.0032988729619955297,0.005951923546101129,0.002084522878669205
916,0.0015307361014428754,0.001071716217593138,0.009426374195719102,0.003543261664176227,0.005189409667392579,0.002307488940884682
917,0.0015924320554828362,0.0009614092310989587,0.0068111488628881355,0.004111718482699434,0.003888958177761202,0.0025365638568991965
918,0.0016529137630771026,0.000991738705048035,0.0043863380089739215,0.0015302775828478711,0.003013314141435231,0.001261008143947953
919,0.0017022981692219048,0.0011605826230731812,0.006090477636425117,0.0034778508760232364,0.003518014695859182,0.002319216749548209
920,0.001745133034519513,0.0011262468491896856,0.009371555391858612,0.0032163553132254314,0.004944506880262254,0.002171301081207559
921,0.0017866329420256361,0.001089747371541564,0.008851006966772521,0.0043454061736135025,0.004683468774601384,0.0027175767725775334
922,0.001600899230346276,0.001128605211335229,0.009036176120085834,0.003515806674386027,0.004976466110334157,0.002322205942860628
923,0.0018868365473310225,0.001515105747314921,0.010483737375095814,0.0037325909418939457,0.006185286297092349,0.0026238483446044338
924,0.0019412712573274,0.0013793704661572068,0.005585542585023573,0.002821502527398055,0.0036076032120454255,0.002100436496777631
925,0.0016470959186553088,0.0011691499713122476,0.007595579621446356,0.003716695301305698,0.004236826835514845,0.0024429226363089727
926,0.00201786129270164,0.0014637562082238122,0.010700310328165829,0.00328400567156429,0.0063590858104337344,0.002373880939894051
927,0.0020505882231057976,0.00137436301549286,0.006945986787327109,0.0036915712232171933,0.004233656690845439,0.0025329671193550264
928,0.0021254273225086422,0.0010945855143853832,0.010527677963562866,0.005214698879048868,0.005683884484318039,0.0031546421967171253
929,0.002206954173121007,0.0014137941931143608,0.010959944187085388,0.005298654109629061,0.0065834449581673865,0.0033562241513717104
930,0.0012102366822746157,0.0006088708472723098,0.009273005114179961,0.00255740640682157,0.005048757040958422,0.0015831386270469395
931,0.0012539058207014396,0.0005668286530243997,0.008461668996832362,0.003212583956236108,0.0046428383767854855,0.0018897063046302534
932,0.0012936414650891086,0.000795020436810265,0.008596875305991028,0.00256030036312103,0.004735122590654214,0.0016776603999656473
933,0.0012974748359831883,0.0007732052271226758,0.009332882331652793,0.004151380215322324,0.004864299373246977,0.0024622927212224997
934,0.0012912465600078717,0.0006803468197992589,0.004368382951251997,0.0014140006266562424,0.0024622117477550486,0.0010471737232277505
935,0.0012800990690712908,0.0006605968671824375,0.009382331423983835,0.002281691083105481,0.00496378193040032,0.0014711439751439591
936,0.0012635183854636713,0.0007250600662990523,0.01007284043945184,0.003944562348539777,0.0053989248038484264,0.002334811207419415
937,0.001250362279782688,0.0006803967060896248,0.00536427284938848,0.0026255316350238646,0.003149211861795771,0.0016529641705567443
938,0.001236384579413124,0.0009166423186414422,0.009841339290686143,0.003931600353546742,0.005389823699495247,0.002424121336094092
939,0.0012292495967783066,0.0007935845797477026,0.005479493101480462,0.0025542737590573588,0.003344407333216914,0.0016739291694025306
940,0.0012254878656397863,0.0007303036941411269,0.009562421398492437,0.003151521187739223,0.004981537508898454,0.001940912440940175
941,0.0012129867076250645,0.0008388479032834107,0.008098872081785058,0.0032772283851528394,0.0045229335345695395,0.0020580381442181247
942,0.00124266857239283,0.000939412442134189,0.009578811292628804,0.0028800517858418007,0.005002609915903551,0.0019097321139879947
943,0.0013396655180394589,0.0008133544766583397,0.006388716304130976,0.0016864391725273959,0.0033983219767426084,0.0012498968245928676
944,0.0014212107359514673,0.0010146330062812017,0.00897151654726957,0.003240311757195598,0.005196363641610519,0.0021274723817383996
945,0.0014571605246478142,0.0010932861711500015,0.009554115074450082,0.002895446373229602,0.005505637799548948,0.001994366272189802
946,0.0015128771528106666,0.0010903072010157136,0.005224082543877404,0.0020053531216052594,0.0030920684273764735,0.0015478301613104865
947,0.0015762645156073933,0.0008847095312540845,0.008655913286686093,0.004732224511471749,0.004719296854542508,0.0028084670213629173
948,0.0016456126249256165,0.0010671301268989383,0.00971489549171633,0.003614506007229422,0.005294610924364357,0.00234081806706418
949,0.0017081893128037839,0.0009557258082788124,0.0067117722636627535,0.0031745973254101675,0.003715909193044674,0.00206516156684449
950,0.0015123264769529633,0.00099122936555652,0.008657831825241576,0.00443592457706837,0.004590338138498705,0.0027135769713124446
951,0.0015592043703840138,0.000854223001905911,0.010506851401893126,0.005197140148029361,0.005746706280051185,0.0030256815749676357
952,0.0018568702373414478,0.001267084952639691,0.00604920052964579,0.003874253677553484,0.0035104217078423742,0.0025706693150965875
953,0.0019098797436589601,0.0010773580236281143,0.009517346281999661,0.004584977729673015,0.005713612929023585,0.0028311678766505645
954,0.001962449248032668,0.0009917970069582467,0.007089472749782237,0.0037191160788325427,0.004138253717329355,0.0023554565428953946
955,0.0016735864308943308,0.001243576404525331,0.007407653552595029,0.0034849379974637336,0.004171857581310386,0.0023642572009945325
956,0.0020779725211983124,0.0012125442265703977,0.010167409202415713,0.005047236809605883,0.005351228451462411,0.0031298905180881407
957,0.002115168288352718,0.0014123140806166176,0.009065735460224777,0.005067870582862158,0.005590451874288747,0.0032400923317393872
958,0.002150982248978148,0.0010402195488110025,0.0094456305727518,0.003001904774748358,0.005449172331891454,0.0020210621617796805
959,0.002191926204736918,0.0015163267597833555,0.011005281587793616,0.005301668091190495,0.0065986009897709835,0.003408997425486926
960,0.0022777119309893264,0.0013713342069750578,0.009761647784571958,0.004097013943636185,0.0057675244547897905,0.002734174075305621
