group,mean_r,sample_1,sample_2,sample_3,sample_4,sample_5,sample_6,sample_7,sample_8,sample_9,sample_10,sample_11,sample_12,sample_13,sample_14,sample_15,sample_16,sample_17,sample_18,sample_19,sample_20,sample_21,sample_22,sample_23,sample_24,sample_25,sample_26,sample_27,sample_28,sample_29,sample_30,sample_31,sample_32,sample_33,sample_34,sample_35,sample_36,sample_37,sample_38,sample_39,sample_40,sample_41,sample_42,sample_43,sample_44,sample_45,sample_46,sample_47,sample_48,sample_49,sample_50,sample_51,sample_52,sample_53,sample_54,sample_55,sample_56,sample_57,sample_58,sample_59,sample_60,sample_61,sample_62,sample_63,sample_64,sample_65,sample_66,sample_67,sample_68,sample_69,sample_70,sample_71,sample_72,sample_73,sample_74,sample_75,sample_76,sample_77,sample_78,sample_79,sample_80,sample_81,sample_82,sample_83,sample_84,sample_85,sample_86,sample_87,sample_88,sample_89,sample_90,sample_91,sample_92,sample_93,sample_94,sample_95,sample_96,sample_97,sample_98,sample_99,sample_100,sample_101,sample_102,sample_103,sample_104,sample_105,sample_106,sample_107,sample_108,sample_109,sample_110,sample_111,sample_112,sample_113,sample_114,sample_115,sample_116,sample_117,sample_118,sample_119,sample_120,sample_121,sample_122,sample_123,sample_124,sample_125,sample_126,sample_127,sample_128,sample_129,sample_130,sample_131,sample_132,sample_133,sample_134,sample_135,sample_136,sample_137,sample_138,sample_139,sample_140,sample_141,sample_142,sample_143,sample_144,sample_145,sample_146,sample_147,sample_148,sample_149,sample_150,sample_151,sample_152,sample_153,sample_154,sample_155,sample_156,sample_157,sample_158,sample_159,sample_160,sample_161,sample_162,sample_163,sample_164,sample_165,sample_166,sample_167,sample_168,sample_169,sample_170,sample_171,sample_172,sample_173,sample_174,sample_175,sample_176,sample_177,sample_178,sample_179,sample_180,sample_181,sample_182,sample_183,sample_184,sample_185,sample_186,sample_187,sample_188,sample_189,sample_190,sample_191,sample_192,sample_193,sample_194,sample_195,sample_196,sample_197,sample_198,sample_199,sample_200
0,0.028873444879510556,0.03511447471632194,0.014135959011409484,0.030173332279733872,0.03127759201816227,0.03783937480947254,0.03228630314646789,0.025633929695774074,0.012501160875626183,0.03171566406264186,0.030189779257519124,0.029568554472737124,0.04125532570866787,0.029380515478407816,0.04870465905342584,0.040006807862925486,0.028904982903526416,0.03237000076387565,0.03481869776759594,0.022933530128899822,0.03213209747964329,0.03727488826232256,0.024674075396078805,0.021317435930080224,0.032678005870902874,0.034608297153110784,0.031211053204158467,0.04703921386802403,0.031702902296757374,0.019970583760801117,0.010334497943080178,0.029188625979199037,0.027910969146217733,0.036824787438054236,0.015484563089010318,0.04643010320639881,0.03498101199408774,0.02854411167596724,0.048364705137299804,0.024429239826351656,0.025356876990579758,0.02204393889103818,0.0383450136502905,0.023231113513760216,0.044394469468681,0.028768419992393053,0.036246848330705045,0.025091006204721468,0.03523694005731731,0.018983664908928922,0.051040597749877945,0.01881486044997186,0.014053878296235112,0.022035726597601904,0.041258676441739923,0.03844757123245217,0.029144804992372306,0.02374516997761385,0.026718433247596436,0.02470567896277749,0.021183609642674076,0.032279949083968806,0.01784503305087863,0.03403803532031398,0.00963262044017215,0.035728267754522966,0.025784292476420206,0.030532641004541648,0.014260327026808687,0.035208754531290506,0.044666849171255754,0.012811536940578534,0.03162550381537698,0.039647396991668915,0.04728131906574164,0.040707068165038565,0.013448185410734378,0.010403137438634056,0.027038982520015027,0.04296150110390483,0.019636098563703405,0.029008981970911514,0.0319956538353494,0.042589790543248844,0.029601042318877148,0.02975577764248081,0.026451937273095007,0.0315548297536631,0.03233428870595118,0.03199602328524225,0.038088286313776976,0.020699967684163212,0.01836621880126102,0.026720211393890872,0.020026338923408035,0.027775466199746315,0.024042495490678727,0.017449467999489324,0.014254363607275285,0.0327436944048313,0.03274352735446321,0.035257310014336976,0.031617961322552506,0.02947655591219663,0.04298383867374126,0.02105955230303979,0.012206690065669653,0.03372854755545252,0.03674599379176096,0.03071231146105585,0.02197760142788676,0.01581856430000269,0.02922036996921703,0.03105768739787539,0.03640021470142219,0.0268259508649576,0.029420723331388454,0.044851853423062096,0.03605760917622906,-0.006986134497240379,0.033476368082014284,0.03437600467481841,0.028515532920950177,0.023047427376954366,0.03540234027437525,0.030201417321259843,0.03901556950024274,0.01762505261256045,0.03378361927291833,0.04122695044157265,0.030478186553142324,0.035183618234231745,0.026001674385206848,0.0299330673927453,0.027515692117695324,0.027400857482000482,0.02500961347011152,0.02763501056833662,0.005947360067759717,0.0234854492355198,0.05851576340426737,0.035083942925547465,0.023094085904814855,0.012591047465593787,0.0426195920445751,0.03167031563841644,0.01853295398810379,0.020699016808499678,0.02133162468716641,0.03852316882122246,0.016702995783664215,0.01050618398221589,0.03692677095332848,0.023313041235221318,0.04077342261374442,0.03974468243043355,0.02422628456217649,0.03182035612142575,0.019677404315958096,0.03077468894508171,0.02916121043996336,0.02873674597616444,0.03067043489241575,0.03511688197759174,0.025448270842724455,0.02523337929444907,0.029075245278447452,0.020156462472030207,0.015038561588760695,0.025696617203750747,0.03779066251310047,0.01497950865757047,0.03424494536518984,0.02029271381704932,0.04380547470814228,0.016071844806626927,0.01948102331025056,0.03603193816504587,0.028498625429280118,0.019387200211235814,0.028641502844488107,0.03223048293332331,0.03809991915675342,0.034980406119970255,0.019445531674122038,0.03451998106533666,0.036919001543300446,0.018004639825205136,0.015074079613323951,0.01881443470398344,0.03432345698877903,0.026624722687308647,0.01875555579373267,0.028309048161760126,0.03143156539209329,0.026569474995970274,0.03668412016117356,0.021414608911381784,0.03532356739419905,0.05163100623217741,0.024657791296018965
0,0.029475017541292142,0.0441497695430705,0.021489367371890812,0.04380752012354654,0.02143033534577932,0.02570294099478596,0.03647862993016848,0.03508700663358926,0.030795606959441474,0.025703443524574612,0.037960894561907446,0.022235364696111076,0.011694111310926857,0.036207958056685856,0.030747855673935114,0.03333940040548346,0.04311125684111096,0.027436375296805416,0.02501435051056409,0.0427507205499588,0.011389092299468741,0.01533959365706436,0.030762707041953507,0.03649714182102422,0.019450272852107292,0.027509781598378816,0.024934725965492857,0.007077923003374485,0.01965965254545883,0.04221045854745227,0.036655079973101204,0.03295005823146885,0.02022131002363091,0.029735402123009198,0.029510811634555822,0.034869866195992485,0.036633642856205725,0.024823270338880078,0.03630362776059041,0.011234764126862133,0.04152193779577594,0.02674422624634259,0.03847771203926962,0.02810730743443189,0.03350044571898512,0.03572731599034284,0.0349050507455467,0.019953020049364598,0.036562467631136755,0.02848828185539912,0.016482511249740553,0.02174132294022196,0.02542360217317765,0.035696594898607596,0.03596852044832158,0.04611938455333536,0.017892646322109636,0.04950271674017874,0.0135050536558768,0.022815945594415882,0.027145279930338013,0.034937033066913384,0.03765331117790624,0.02532874285067848,0.01936984812384731,0.025365084490420416,0.00938240955362888,0.0342067983227224,0.030338949209196116,0.03999289857729286,0.027073018787910377,0.029146428869191762,0.026655814574498594,0.03630150197059355,0.03424084162927537,0.0379964697854412,0.030644224300393944,0.02501288113049951,0.03606237345016946,0.013444654972215038,0.0291408084509387,0.024674361167605303,0.029338903148907712,0.03195597351560207,0.024144831651189122,0.03067616136262314,0.031942781846047784,0.03405448486485895,0.02762201546296581,0.026851929440021037,0.013363733433579526,0.01882169242590983,0.02225183582660744,0.046676570919235036,0.02749375842459703,0.02310986371420893,0.032070172275296925,0.008000599024310027,0.02170465755250589,0.01291854438000636,0.02429262161328305,0.03390085268248233,0.03780839742378292,0.04986851773443611,0.0145842715871016,0.03230433817476294,0.021822075126100862,0.027741427008944435,0.025190384623022807,0.017635630082400947,0.015530788599632096,0.02364306099086366,0.028450184351714935,0.03255829356015329,0.027473358081792992,0.023320691073384317,0.022906761115285938,0.025134694386935854,0.04127108384375103,0.03727459926828828,0.03846324921388129,0.018115092721938127,0.045775965162998734,0.045976867586869044,0.04319493796599895,0.019078631214941192,0.026283657321089046,0.030722130388276266,0.03251058293048537,0.04328303428637505,0.020043683456615818,0.027725414465263058,0.0351348965259577,0.030067655183051812,0.021455220973946264,0.04112602328686392,0.02726808911821648,0.021499542389445625,0.032316293876922336,0.023993832107307857,0.023325139876880813,0.03181982144244031,0.025284315491908918,0.03618945652827054,0.011490151545339226,0.029354123856086135,0.021636705926469837,0.020093849490082305,0.00637799836363372,0.0287719163099756,0.030342362266742407,0.03540195670064178,0.035754607681339354,0.030511030554145623,0.023527247471043962,0.04851924747760117,0.02958996318071962,0.023584725206537184,0.028801280981066248,0.027467105707413893,0.015758312844469408,0.040643661852732875,0.02385010163201101,0.02364594534527309,0.011939131555002595,0.03721255001964843,0.026805229778478497,0.029408170822768403,0.04930008540344761,0.03598316937167486,0.035106907032443097,0.034519822583379475,0.03471472860202922,0.026876390044739185,0.043946165326328786,0.018396232675167108,0.029151737056466797,0.02905581659363827,0.029296116949305364,0.042598443940563835,0.035554351636686694,0.027838820948900243,0.02954870407330194,0.03072193461034918,0.030299414564441608,0.03511192349641319,0.032502426813469674,0.015930920964660315,0.022723472372801916,0.043807422914629426,0.04805352520437208,0.03901285160996624,0.03331646084996134,0.020712081367663074,0.0455210633108714,0.02955757654771347,0.03099188747889204,0.032757668135434834,0.054420869029390695,0.03582518698829793,0.03883598967860195
0,0.030210563891146985,0.04170898867792795,0.02401133687350809,0.011192926247657355,0.02567233432341832,0.021846541934951585,0.046171232749886604,0.03743150325443764,0.026855786348531665,0.006381984003521746,0.019111774719485622,0.04711258840120172,0.04893456801297964,0.026610265646984585,0.030915750439138516,0.02661680680209127,0.045335264942059965,0.028489061051138864,0.03291006378622704,0.031534394937453476,0.040549705868629236,0.031304937675801614,0.03331722987249354,0.024835644649256104,0.034320884160167084,0.024922630079155336,0.021262474061103265,0.031909134601464814,0.03379065464068245,0.02331000733420105,0.023290626500512616,0.048487394296517286,0.03182857028237546,0.021861886606590605,0.02932692503229963,0.036274798515369626,0.02225717437699302,0.029720918582172892,0.017447649937185956,0.015520960996125556,0.02165859796984417,0.015055455966665849,0.02963122465204912,0.04698237360756154,0.02310984377909203,0.044565557423152866,0.015134002042514682,0.04903168176830561,0.03724415552480142,0.02753940297619381,0.017809549546219362,0.025884255829629787,0.048521602239645606,0.03170379072378911,0.024527045623723726,0.02031442417791296,0.026424824838146285,0.026421880172788532,0.02335378101484608,0.03943960333704323,0.036331216292693466,0.04314212605761781,0.034874431608074206,0.03292507757374861,0.02675667391117807,0.024409550447777165,0.03042861126132489,0.02231072920128194,0.01836790639793398,0.037648837132903304,0.030965573899454747,0.034882597308589884,0.027973963645902915,0.03375565832692586,0.03156208674533354,0.03740033388922865,0.017964590663464272,0.020396600768260997,0.01764250962731337,0.037523298926570504,0.031598753993559936,0.02614627326249509,0.03221324050028963,0.028065278447554094,0.021059891522917998,0.033042440575453524,0.03729952454361211,0.017136262807912143,0.05584444581047718,0.008974086940932824,0.031493529740856216,0.027704335304301025,0.01814357361138337,0.028122197581249102,0.011686432836983365,0.03125844761165945,0.04101332737727116,0.021140316085483217,0.03248202219667228,0.044309147285669384,0.02882147140134971,0.016469080585175253,0.03217564058999806,0.027816510975756416,0.013897122865433802,0.04008684976056356,0.0315744359656907,0.029094672270738538,0.03466964449424695,0.036524816027442716,0.0493365948805075,0.0428364572254836,0.021790332054704036,0.021240749625923254,0.029779793377386808,0.03084697183598281,0.026939029088095676,0.02044265912304446,0.032199092845921214,0.04641742001269075,0.030489036367078306,0.05457449477075005,0.00882021893646005,0.016534275454150486,0.025408519364979468,0.0023532598081786246,0.03657316650661265,0.030120360735372213,0.04200800167689936,0.023370380797683436,0.023253986743034354,0.022923781492149867,0.04867792645027384,0.03872823042218544,0.029619653531019745,0.02086113365809462,0.030490835570907426,0.019431136314476856,0.041860282556638304,0.024252101592085382,0.0324772399919745,0.04390961331309891,0.02417605815526601,0.03975324998066203,0.03970336423706291,0.051252512222285176,0.028562921686942265,0.02128435077999352,0.03308555581726481,0.01863892100680607,0.052463224300232314,0.021813770841700227,0.019654880736578006,0.04446268106580314,0.03754117321365566,0.03215031473229663,0.03484300811845457,0.019763722961659583,0.022132875571680435,0.026877166509289906,0.02255230819300997,0.03033316984673084,0.02959490926079095,0.033189680806289076,0.03997758990572603,0.036033696675795764,0.05673761605436313,0.025660944282077915,0.018561351653270195,0.04365054872750416,0.04567064470790863,0.01897669158389151,0.05167703981615418,0.008181542274177802,0.042082545028078566,0.01082680168364341,0.03118104840413222,0.0349311353508384,0.021267743899373727,0.03807606944421497,0.03208197216819618,0.028882166684274048,0.0372058741021539,0.026685580128965186,0.03502859792801978,0.0406542554303778,0.023402181125363176,0.03726287853643084,0.037978104293138706,0.04402725177686116,0.03397598247123902,0.023448164020127452,0.03923009303593152,0.017957354005696435,0.0298179339929933,0.028098835170420684,0.026416811118131805,0.044004090023725635,0.02108340365074743,0.0215380655251691,0.021581036287654072
0,0.029730036065455417,0.023801284356430606,-0.011659060946431286,0.03163586165596964,0.014959555636697711,0.030161106777059805,0.024843605243593508,0.030700846669503314,0.027079635374177173,0.03616112988927014,0.046199940254076824,0.029462300803868663,0.034599082982396244,0.024342314583043943,0.013725394238204156,0.01153274515271583,0.033930051275817365,0.01120313765021726,0.037032086857199845,0.01724289113544428,0.03214668667961707,0.029307507305790615,0.0336202375500082,0.028013379468230504,0.01670800065396521,0.03246350835094666,0.02366052446558113,0.040758095281403166,0.0538352626704945,0.023382543924687985,0.028544365044754813,0.03445785024378141,0.01794320691515045,0.031855002076737,0.035690737448921615,0.02795218684446099,0.026135999014504238,0.03142360064003662,0.03687609620966514,0.04194149166307316,0.018947965052453747,0.017764988445744742,0.023293600436310912,0.032276803428165995,0.026458282827303076,0.014879321833060245,0.04236740708055042,0.015564612093545283,0.03634452290823507,0.03169086514395565,0.0317508497563154,0.014682985187969557,0.04189579990212794,0.04905919005189616,0.027243099688501568,0.026361702370293266,0.028806561351774198,0.039646265124281585,0.03661910755831745,0.012431406370046139,0.03809682718128489,0.024432450786980055,0.026248195013055985,0.040955113912846716,0.036107243861102124,0.04339040340656894,0.03805027491900312,0.03749218736049007,0.029869039702979775,0.015884668062103965,0.03283662374303644,0.015838900432102357,0.025154680761689665,0.03672173624818588,0.020672670580964485,0.036014960268305515,0.03629063792909765,0.01257257469239861,0.051540616367237446,0.01784045156606333,0.04339677819528752,0.03247346730840597,0.04520542989253874,0.015633332214658523,0.021029980399738725,0.03590407983682056,0.03543340537611627,0.020621330648664518,0.041237569175261585,0.03882505236113569,0.03837173288593693,0.024704164769888015,0.020443713074321045,0.02677949931555527,0.03578194185148441,0.02797773621909924,0.01438010829865046,0.01958180694130828,0.02980117777293017,0.017298633035266055,0.029278208474717037,0.01292708467090695,0.03381537111634847,0.030295350666176085,0.03241607741964692,0.047356242775850765,0.04088542961290976,0.016574128500695846,0.03275240831753459,0.025171806689516272,0.026264067738057978,0.015035231783223262,0.03709133555583708,0.040507841499267706,0.04601801104494192,0.041465447839266895,0.04119738047933655,0.040415726821630575,0.021766614389300623,0.03204517599298844,0.017395484149699617,0.031589629496138624,0.027278772020541898,0.040853493147991304,0.01659449446359435,0.01945055103177615,0.029488451519181034,0.009479886065411523,0.027633861021449106,0.02084574331006389,0.0272380295985828,0.03394760152746994,0.029753841396041356,0.0240455958051651,0.02431768912015029,0.04468490282016034,0.030654343875002685,0.04736559508143488,0.05750956071398894,0.030852453622574688,0.0408904707634317,0.019141675841577152,0.013958450028265432,0.03014063216391215,0.027108831997404416,0.037784315168363114,0.02281193082931749,0.017155173101012312,0.01782344860941491,0.034294896995850706,0.018132683144960714,0.03504229676709417,0.037193365051316915,0.0309155811764468,0.028960174814195633,0.031829506875981496,0.027594729254826443,0.028694725970041066,0.022881969736823448,0.0351297613862175,0.023563074665166363,0.03211074787427711,0.03181786132746552,0.03277930640110415,0.020700801358142208,0.026577214953881066,0.03967610948392159,0.020772875814073458,0.039074674435351835,0.01640562026978728,0.03264512970393617,0.02942769491765134,0.024265456077011506,0.04884907387864171,0.03929247184892219,0.0444643623611459,0.03781303934228246,0.04530092605639341,0.023856709679556005,0.032534627178585705,0.020987961003841607,0.027997028461047704,0.02131652341793547,0.031857115583475905,0.01837721047083169,0.022915138808839677,0.005377991902206308,0.032678142259620714,0.038926164213774095,0.030071485991013006,0.031580694329053895,0.04377085156131354,0.031319605144811975,0.028954350197948973,0.020357725897024614,0.03768193008710488,0.02887801608154757,0.053393254526914374,0.04470459146056619,0.04785427250366602,0.03068911568974388
0,0.03003637871710225,0.03768267115078021,0.0525961306989008,0.02985966136949474,0.033881257333434237,0.03340467924538633,0.018218473579873537,0.029373394410948758,0.040512876744513794,0.023040280144996147,0.0316165960753871,0.02057004150222535,0.024139657129641917,0.03309215473541091,0.03361780092772619,0.03905237476928853,0.022120603184702152,0.034890523697111334,0.029039389080338703,0.027056532081043007,0.04137354890636312,0.030820861922014366,0.02471520068882421,0.02439686062040826,0.036688930724352975,0.018955931309378154,0.026381224228800706,0.027333226120914926,0.02874193553675133,0.017738760516176847,0.052847301669212116,0.01689011953067971,0.019096620117020527,0.03968858194198994,0.04226790986829317,0.020210983445460094,0.01048903828017203,0.041351510577477546,0.04179784845763987,0.030377609060902193,0.018246647575069826,0.03048811852284981,0.01311640903378384,0.032796626224944454,0.012739584313668405,0.024077747539053805,0.019606320150005914,0.026688485143754673,0.009777182346082859,0.023292594066235423,0.02037572802137605,0.023324905593944855,0.03479116902540769,0.02328972218492495,0.04783523482203701,0.03654129720694807,0.04164151687825977,0.03803235739452496,0.020070443447787474,0.02529704972635896,0.0017315454864613201,0.04221975360499328,0.0334738879624568,0.030388105609875916,0.024245813318932906,0.026205580407155628,0.03896023768205384,0.05011431132429812,0.015302632626897395,0.03029664384772029,0.016728956876111728,0.024765749192003174,0.0205089027239201,0.01861294372682412,0.013392761684946144,0.044473576390059444,0.023796097719074538,0.03412106457752361,0.029518837715012552,0.026263691987292264,0.017970236780206043,0.017627087463345723,0.027429310001800815,0.04375533019814349,0.031243969911340076,0.018374424849107597,0.025500726378466752,0.049813575386583854,0.03752122213281711,0.031322112946834374,0.02333526828001502,0.05235130207484902,0.03584169418830692,0.01873659797826528,0.01511758920072342,0.0233303889723733,0.029712372089679133,0.03836248692901027,0.02494873004410311,0.054396358578816514,0.04527352680709362,0.0048389681722922386,0.0388068769861206,0.026417712835518505,0.016670354329183117,0.015590076638222256,0.04870018058920378,0.04162206207412672,0.026374163959908558,0.032147986179427566,0.03680261169048931,0.022485357732487995,0.041390240985670415,0.01039372825281032,0.045858658255005076,0.020839535060692724,0.02506607628686268,0.041643845892016626,0.050182310403341465,0.033429359099387206,0.038699941986421085,0.038049323724023046,0.024869795117389154,0.041641576620652515,0.039508926890060865,0.03592185844861458,0.040394121006610495,0.03916103332389149,0.01933427346457224,0.0359712830464952,0.024454376703199436,0.022534114488458105,0.03257281732321956,0.008528068467246824,0.017058270755273934,0.018574823606428842,0.02799122138742095,0.014628457999546594,0.04495694310861351,0.03185457606541014,0.017317728003983415,0.02909528310158893,0.02326972354340822,0.03927999072622411,0.0345474991281013,0.02878014623823923,0.04296031316822876,0.019598428024574698,0.026300168691756592,0.03237985527601031,0.043786513939789475,0.015634631437497944,0.029404522305086552,0.02898300520678416,0.03894138105619965,0.030223081600705658,0.03086652104988036,0.02564022758633324,0.026682293975792776,0.03633950242297221,0.03801001146897544,0.027096991841013437,0.044954036415717116,0.022332472518659923,0.037003333386983105,0.010552057557100925,0.017172729877047436,0.028618848727654897,0.030427290322635567,0.035382325538262524,0.017230878489169165,0.056907661691704456,0.03163621065999533,0.05040709393606699,0.03199047241572328,0.027372070114880614,0.030720363021366128,0.030482460499305204,0.023956195956704902,0.033763373445173245,0.014401348143228644,0.02305848649064237,0.03216354676900626,0.03704513550090121,0.040606959340402475,0.030242447397852895,0.039747077732487486,0.017828332294454255,0.03849207605642977,0.051556480688138895,0.031172589838240762,0.0385000874380854,0.013246725346982152,0.034975488402550936,0.04067391372583433,0.03689802959180569,0.05076763099453507,0.019179930954920998,0.04001336983089894,0.031584802424104746,0.028064034878783985
0,0.029193197882719558,0.04559320208205224,0.03994054641023509,0.03694492959898653,0.026977900189520503,0.04295271880806212,0.03704221659145706,0.03220784088220579,0.017871579559250894,0.020117082202549496,0.03718108355767399,0.038490669037455585,0.0003495791912850807,0.029424845543693946,0.02785495971287657,0.031466875394920955,0.03551884533886441,0.02712200234728186,0.007795782052238208,0.03107876979132547,0.0368007356161099,0.042941047391640355,0.039773682814882694,0.012891201431314336,0.01583733392978309,0.028291737621798464,0.039938917377325495,0.033320970595258584,0.018859705578587647,0.0239437350074391,0.037188309244876414,0.018970665395968297,0.024558119766043413,0.0388278818372271,0.02951630547066711,0.030043943395246794,0.023527054193260354,0.03295972217394785,0.014896194712193314,0.03591173231488673,0.030254102879448134,0.030245530648319217,0.03239978779474348,0.009981422097074526,0.02721369806999362,0.020116127737429334,0.0261256733744663,0.0203095537607424,0.021503849510416655,0.022748426656645906,0.03257450734588841,0.029725458328103933,0.027780568567137665,0.023800877460455522,0.03143651287114966,0.019826367168853002,0.03084124445557613,0.037172472309025054,0.020607533314697786,0.029559603908886872,0.03829232359423608,0.021654997176949107,0.019222140422827633,0.033452298718521324,0.011956756607925913,0.03237211392024361,0.042511041898091906,0.026988745140310355,0.02325277010586542,0.030502085352742254,0.03176719418423831,0.04192904988635176,0.038009706587047415,0.03312759401480461,0.04090951906910281,0.029355353026819263,0.01181860213061407,0.04488044229077403,0.02680876687996108,0.03980527237165191,0.020868186903017914,0.022694069180006732,0.01967949464657105,0.029274913714038994,0.005135180091826726,0.020977835882085044,0.029984838276436603,0.03841527966085379,0.04871393853373397,0.04977480701655446,0.019977874549385786,0.04004759232735793,0.031668207537623956,0.02863593144740088,0.029967671325190463,0.0223747132735774,0.008672659879919286,0.017448557963350923,0.035033637176354875,0.022589227716858118,0.016214064058483888,0.02911401067374655,0.03636288690183116,0.03254123511801373,0.026584908599453692,0.017896328948719828,0.03816865467357161,0.045896086113197294,0.03118380046405575,0.012658877533672168,0.03867338575951159,0.041144104213943156,0.01839839628471872,0.03715386196737278,0.025607509031304314,0.03132507297482442,0.030377581883429164,0.03233539657149322,0.024293720328972965,0.04939508044249491,0.034715731554908646,0.04519677173298347,0.035818061973608255,0.03705358191714142,0.025207009105794966,0.032945340629346447,0.027026273483309864,0.022068234304242762,0.037218439785134935,0.02357088874436336,0.02667932896397378,0.023948355088734392,0.02411752075212681,0.0389646508037072,0.03484375075257072,0.03419240572409544,0.02667651118191846,0.030100301105391178,0.025208522406310493,0.04388043057377391,0.027571622552107537,0.03133100353502859,0.022088813440522263,0.037844305119891924,0.017428921945146073,0.049625803227122664,0.021377747079861217,0.025147583566435844,0.028673119530810826,0.023508742590816027,0.023658086344248746,0.028496379031846108,0.04559499261568823,0.034339518684354885,0.031575837119157166,0.02381249709457964,0.040352769756417974,0.037942852350647614,0.0011502621818287768,0.044585460989789064,0.025899126770752633,0.032710546766048225,0.03492219496201102,0.02013207306456504,0.027838375982010104,0.034997528611329785,0.03519044508297701,0.024734128818299096,0.022515474109282715,0.04144707623093983,0.04418501202495653,0.033323133887444505,0.0436230526991032,0.041458918073877395,0.04071750711012443,0.03202413118841535,0.01895132609084681,0.01095498222390745,0.030553180132231142,0.03621633671402053,0.03713311435351968,0.0038236040523199205,0.022743685186047316,0.029366071369874538,0.030023042151844842,0.011152560314917594,0.008634631143206794,0.023332242047508868,0.05724097454317589,0.023941134531948988,0.017560138111656076,0.026591359326797674,0.03136313926632344,0.0273919484492927,0.02945636110127051,0.020664418554462688,0.0346496998799657,0.01955772120891721,0.005931240673521111,0.03854200763945101,0.03657740731152794
0,0.03069366030269086,0.040022903684230525,0.027922593820852753,0.017362737518750043,0.029708320778424932,0.029079905653442126,0.03433782906996986,0.0351917787867485,0.021653052406757724,0.0193187001439262,0.04350639197119699,0.014261736457537432,0.025064090815358337,0.048852157850355654,0.024721844506559343,0.03901939409835789,0.03691369600795147,0.042768967635587754,0.0357249047295638,0.04645058516592713,0.03097058694667825,0.022481124445479495,0.02821517837679431,0.02882524466552438,0.03068000271677258,0.03520701689849697,0.02694190475936562,0.022317139404107927,0.049923865170042915,0.03861707269908082,0.051075197602382334,0.017462406275705705,0.051301685246372415,0.022599157540954377,0.032834763879296465,0.015714262865530577,0.03900674960033214,0.03607072101471831,0.035769554127073847,0.01708688520833597,0.04435570728069824,0.0191939619492211,0.03711779136095337,0.028640692612106833,0.030447766036177642,0.017942881855156904,0.039520349537321926,0.037008373715570246,0.030499450178042977,0.01884414994436106,0.03234421706180711,0.02452734890152533,0.0511172236072602,0.039327150202793315,0.03434968161364335,0.0363564161465125,0.04922424802698677,0.030596841690850148,0.03441837573468206,0.031042496870190058,0.035378682952315325,0.054969183977928035,0.03906295459916141,0.01471427574275099,0.012736553886410939,0.032607144843438685,0.014685768460928592,0.054464530695762736,0.02005195046450966,0.03132306128939255,0.028852209019571876,0.039308676664993325,0.052757022488346725,0.04833692742880638,0.03491903835518598,0.019963623531540263,0.0419372534413983,0.025727110479562207,0.04992600185880532,0.015137082473841773,0.029885474788551924,0.019539156128307787,0.04960433903899744,0.03883251854138679,0.04205203776393224,0.0050913352065528154,0.03756689919175537,0.01587030029471089,0.022007013722518322,0.041767797031165774,0.033969355977760095,0.03381892626766055,0.0446011850235544,0.015130854858497194,0.030924746856516874,0.03196063243811845,0.019430607352335164,0.02080792810734941,0.03872083451563259,0.027781828554656298,0.02721679797572545,0.02954250414748778,0.04063092699384387,0.030850931472286923,0.0351134256253268,0.03167970420718973,0.03809882797352322,0.024014645992525546,0.01745033347799113,0.027411020730295423,0.03645757626066854,0.022540334512572834,0.03359230370103746,0.04390050269977152,0.020558958170330464,0.0034253945679803867,0.015597711885330972,0.027158167016696516,0.04100586664188052,0.007732481566122579,0.03186135158715103,0.020864456871297222,0.027030117411341148,0.03281304039361568,0.017712653041592565,0.031201149324069612,0.024914472527971514,0.032063762869907426,0.02335266827295853,0.016120012748126678,0.03143817862405577,0.02628133052540178,0.027011511566212794,0.027359795252210144,0.026370211994988582,0.02105802264525786,0.0137884570065257,0.023133888795650752,0.03421963858117867,0.010879563389672726,0.030530059972611653,0.02335484845704595,0.0392117052648184,0.030488447394051862,0.04465492859838227,0.02316273737506304,0.048354913025676384,0.027409974456019736,0.029421229594187963,0.018719660024500914,0.021570280817742253,0.032709164661472764,0.03577819056020054,0.031113309873238404,0.025351683612098594,0.02915324030330754,0.03786607224484554,0.055444534043674235,0.03738350101449098,0.03904881983162406,0.02621974439794538,0.03459005603096872,0.04750544139797424,0.02482745219297556,0.020205832365758472,0.04377111243654315,0.039680797996736336,0.04876040673979193,0.01939075246314224,0.031195894308230738,0.04233350962763071,0.021505621636082266,0.02985020836786822,0.016550224681500747,0.04462037052472174,0.028320477596876042,0.01594348668802561,0.02096237901771258,0.037578313929255584,0.036577008877501885,0.015717101488491723,0.025203774022520362,0.013799334769053238,0.0350113315530259,0.025401925554002197,0.02856440031931822,0.031184073200931944,0.03530502830598959,0.0300755637861129,0.032036160677254934,0.03487576072089362,0.04101798530518861,0.02769536538332502,0.003220301606874275,0.02397066636608653,0.03862583361042844,0.036458411390546765,0.032753604994721186,0.04103732700889816,0.01569762110172697,0.04843133873769598
0,0.030526728312389607,0.031418007755611016,0.030760944396127695,0.032309780773203144,0.039696085370387546,0.02402833928496842,0.04238712477418056,0.03220526089015158,0.022051242726823357,0.030386072650555918,0.02932746695294347,0.04488319268441962,0.008650737905978947,0.020273701103164968,0.05339927268949804,0.01755556133858474,0.020581130433749727,0.0125575253278216,0.03714066245313968,0.02464988139062734,0.020594467274820588,0.036628033259734516,0.046042101799039475,0.02466548150336263,0.013384046425924175,0.04341803824813901,0.052408745997029924,0.026002724088748125,0.03428162565558219,0.030202020792804558,0.03639110186048266,0.038675374426589165,0.04140601613096475,0.017342203876414733,0.03603234676848319,0.036806124611820354,0.04799498961733239,0.015026335956939894,0.03700262478785793,0.03245304111860489,0.01782292153614004,0.036041415467921105,0.03297227696245486,0.0405591612424009,0.0333499325981604,0.020454773147317,0.029967473599542372,0.03919351719892361,0.029452780391884488,0.02083136629117653,0.031733164959466716,0.024631001329516247,0.018332508214584587,0.039203667104335496,0.016431729516797194,0.045905707059936816,0.03290166635225678,0.023084388526114826,0.009519204076825782,0.03694071116269346,0.033136042578635505,0.024299492843751824,0.028559051650576275,0.018328397934139616,0.028204593999432682,0.03358063741325097,0.03989227007641248,0.03588498499282332,0.02392684441800865,0.023022610083716852,0.020926079451987708,0.02628276818253342,0.01915027588547793,0.034762069665954534,0.04522850956836677,0.039661835680905005,0.03486356156865798,0.022247212883440615,0.016847991067072923,0.023219573939771823,0.025358264955340874,0.01953272210223641,0.024569809323562414,0.02799167117388302,0.03676132852765972,0.017713175250687135,0.03411918384997177,0.02433141839680728,0.03810547094466864,0.028738002776013818,0.03673410069374719,0.02934014371461082,0.017291781186998804,0.030846985729752974,0.026336758812586042,0.0221859917884488,0.03397798204735577,0.04329435459988088,0.019825421131487005,0.028528705021468617,0.03629029587064587,0.02361566480548074,0.047599156366822756,0.03131636944279281,0.03707511096017801,0.025327388447869963,0.027741741693826052,0.04207313040850277,0.02340450557009741,0.03481712917770923,0.02274037505198119,0.025278698224265875,0.047293574885766805,0.028394269744930156,0.03489562954648203,0.028534344585388827,0.03943638098240324,0.0071162137661051825,0.036474930706235587,0.021733469692409385,0.047079975922363425,0.035300865941767616,0.02813420655046113,0.020472567616192,0.04406301351924744,0.030667533793488275,0.0363078550443382,0.020896587753187267,0.032274219659321285,0.03549290278266142,0.03129588358131594,0.02477274955852267,0.033872930579481465,0.010302323578742677,0.038707858928946355,0.0291931763778259,0.031240646781910495,0.021151158313686122,0.022481896206043097,0.023818387175438313,0.034063704302258,0.014677433460163931,0.023987262512335704,0.0302104979560847,0.024328587390086642,0.027357837850842847,0.031042175009308885,0.013469584231641532,0.02819509820220902,0.01514689424583676,0.022094080641509854,0.022908913804555498,0.042633696517031146,0.043255994902127705,0.0463056889133843,0.03076417530147003,0.023639352790037073,0.026923653066496873,0.023888835105501563,0.029772027585219307,0.030682110257467043,0.03236613692115741,0.024893741269782527,0.04508942088445579,0.03587487639054335,0.022074655051555512,0.03134825388845607,0.03265080429128883,0.02710145790388488,0.027984711711844062,0.03721356191268728,0.040280594189178544,0.04855089110234043,0.012122363153026536,0.030032771915887557,0.0502873140746376,0.01745159482269118,0.03638265941864976,0.047071080781495946,0.02405108664642439,0.032085095189449325,0.038683518609867525,0.036588553084843545,0.02089549247554822,0.03581239032891237,0.025227318364872242,0.040115893712761655,0.04041628581279976,0.029294679869686018,0.03123551191580573,0.049430001772087,0.024116089926254237,0.04516741298053804,0.03497643926328394,0.011525648626701454,0.03253806478923357,0.041288412465627485,0.03624211236250874,0.03421332511019115,0.0538782469803675,0.04679759111304423
0,0.03020407620002362,0.040021730253594734,0.026619476022531716,0.028057804266689673,0.030706706090656812,0.022771154287147564,0.026037035697110533,0.033402867020341856,0.01875103953231226,0.03431463942720466,0.03385042221182191,0.030915791251879668,0.03758143097236407,0.03577751015100855,0.01952342825313818,0.032049987117831746,0.041715316568548724,0.027834625196894395,0.038578593530264146,0.03490820208737405,0.029059307399472812,0.002320604826808379,0.01798741572949979,0.03189649009031796,0.04040115342379556,0.025008802538478654,0.0377160374406546,0.033928013840408236,0.040319630150079194,0.016772883694267396,0.040178418558986656,0.03636795287430313,0.0070383525121193585,0.03471808817631711,0.030499593499274242,0.03507929581498574,0.026955778855021782,0.03430219024332182,0.030587535817017886,0.03760759052973189,0.0176290172736268,0.04061107941070552,0.027077482012648733,0.05414032745015229,0.03571934810645923,0.02166298139680755,0.031410128369353134,0.03424008685709722,0.06740855068634559,0.01027394023360614,0.03388409215815412,0.03208258233118551,0.02872160965393221,0.032488526885149485,0.04411284107237108,0.01459516583252012,0.0229519593090068,0.02585659582688905,0.03565487014873195,0.02557637156616097,0.03257198926092746,0.03884525757483539,0.026706995120691066,0.03522326370033185,0.024472427121215643,0.03405025552596434,0.03426747896946263,0.026111672903583658,0.02498726441317225,0.02072397084372972,0.039704757418061926,0.03718837475166259,0.030511900552713415,0.02117856220533637,0.027372763585541,0.03203551470714491,0.019576257410190798,0.024596923548365422,0.031376370968944335,0.025076750390428146,0.03658787820244295,0.03829065537335359,0.027388721126164334,0.019827790653891418,0.031892941374887324,0.03861605988436853,0.019027629685852067,0.028419010517536668,0.024991333992756957,0.006055346754486254,0.04536182745673489,0.016523217714968577,0.025145051106738158,0.0157410406786403,0.046684713878529786,0.01517623841501588,0.040449361159043296,0.02453193479886719,0.02147121719134052,0.028059836840435788,0.030226892866648154,0.030083593540372645,0.04934835723779725,0.022700628157116202,0.041248535825453035,0.039084460664048755,0.017245860690777298,0.022034120212634616,0.029564911877013864,0.03223455957041283,0.027206532535114448,0.04431496301020719,0.01683676059828205,0.048042282883164936,0.021327157832513755,0.043610671707275256,0.02319391524687992,0.04439909000266809,0.030917394695331914,0.03273362907528848,0.03375254285272104,0.04559365576375508,0.04236290979214938,0.019397734352835018,0.04046101439392076,0.015075199380830243,0.033201747066843056,0.03198679479234592,0.04442368486588609,0.029733509843325897,0.023966508424002227,0.0521573678338457,0.024710718579142157,0.043001069976508086,0.035293550916507606,0.030586917164706098,0.030992154807923673,0.03185528804713695,0.03241716986457929,0.036051435232464776,0.03925738427038839,0.016109094718653856,0.04550791452986029,0.027014220335320596,0.018153332684969464,0.0364363268725477,0.03557572322723515,0.028111581107420916,0.03653153468794128,0.028099109214935334,0.028368778928856447,0.022588621130671404,0.022574975146190765,0.03633763674464505,0.027525153041233305,0.024068683249341857,0.03279605559109571,0.022964823819375313,0.018674975933059806,0.02808091995114115,0.05115192446248949,0.029108340352902308,0.04061069225126682,0.02347624283321195,0.019574405677730448,0.03808118066883322,0.028714418147834236,0.033929059273131335,0.035512375296533824,0.020696840108979046,0.03445857662383963,0.016870409765729413,0.0320026249000731,0.02770122890218152,0.026325207931210907,0.025156656688612614,0.027439719026348904,0.033734064773716856,0.024996418320883687,0.019149551681179256,0.02060271652166823,0.016168873170498952,0.024582133429394696,0.021538442420798443,0.026582893471445306,0.036506519457263964,0.029446956781440315,0.03254282536879609,0.023321593733154067,0.02428072997986786,0.03137361254370688,0.020266910146522037,0.054381523641764073,0.028406604359861053,0.03353614871548938,0.009623656689284547,0.04711440308116279,0.02164920640356191,0.025568204075987325,0.03782231238613712,0.03357588826207809
0,0.02881011373806367,0.02704272707106814,0.02676108194538073,0.054088470289349724,0.02172323510826455,0.0321433869154544,0.028437955394858414,0.01231322857686279,0.037860387412298,0.034649375939604966,0.053399819003766696,0.0315857547209848,0.034732825213560456,0.012977745606648643,0.026992875853934662,0.03897676622090545,0.04753110913681661,0.04085102093844751,0.030655139894302137,0.04544258510772833,0.03500803593194797,0.01788332544897834,0.027025381999525065,0.017966035119667375,0.04487062501176521,0.04616539211211684,0.01736926419772769,0.02403774360369526,0.01183837751322626,0.01693727664771274,0.030173043139003573,0.0381675397558623,0.03229005067550811,0.04584296542829045,0.02583009019318601,0.026297565689727007,0.036801112949500635,0.03854010483631714,0.03360294796428197,0.03621676746272853,0.04076270412942071,0.02406618026675522,0.044844947323746484,0.011085512167954302,0.02630315139192812,0.02288877960128236,0.04814999938353285,0.013755815980526092,0.04328895412617592,0.029396615317201398,0.010015198751205188,0.012782985832060906,0.03511123576327833,0.03440363373369073,0.030375332009199913,0.04885356448246131,0.027857168462102358,0.0431974603463436,0.05121338800058055,0.015721190733429417,0.03362101882288318,0.011245920521932344,0.035305686344819176,0.03221498373779973,0.026912751616613245,0.028710689317056812,0.026138902597576515,0.004767856836744463,0.030411830595510968,0.02300742173457734,0.030348410128936666,0.03269999096871682,0.03366170417838391,0.03843709534335231,0.018957408426414246,0.03384502836371589,0.022018418455042665,0.0295059531770824,0.026616083416680886,0.0217370638711311,0.032031967717562684,0.020333416058251605,0.033364556485211805,0.04262634877726158,0.027710279281522584,0.022853200071237076,0.026357009340944943,0.024521388179037644,0.005167843243503573,0.022989427083564405,0.024794462304868356,0.018320554001709337,0.029635930536649417,0.03998019960484995,0.0233443667235393,0.01670146384579964,0.030854555681980922,0.020880398088793786,0.012093358994529284,0.010800626586287106,0.035398592826639555,0.025310064730331296,0.04473033000423116,0.0210375302003563,0.03155939419286121,0.032898917443639486,0.02541227137766011,0.03653539512540162,0.03080957425793414,0.0491262480029213,0.025359652265037117,0.025835889429314446,0.020500127069625958,0.03680364370273173,0.02108757317043183,0.01751657821283384,0.051132084327756094,0.027930333732557062,0.01938740685969862,0.020327945217320495,0.02712121773640021,0.032403591663166476,0.03966184813222186,0.029367068491471054,0.039444919252355146,0.029863636244885434,0.026008489448517875,0.03268710043295177,0.04432291844327186,0.038852680753447624,0.03223918462173853,0.025394238107742842,0.018499272707756066,0.038794990388572016,0.030776858216810157,0.03529447530644169,0.01773386470096984,0.019939331737418367,0.021639985292355706,0.03699653408244977,0.027599967432622555,0.01527124035609756,0.03095862658712117,0.06170170005225699,0.019170004013535094,0.02052107553629256,0.03109808884643169,0.042031032626961416,-0.005422472140157841,0.03340962205264987,0.015854076026400613,0.03152381593379942,0.03151244933604023,0.0231731856136578,0.028238400114158232,0.025676305297598817,0.01740528283074734,0.04461345810354528,0.05076670620408816,0.02134155927050053,0.02838903007923654,0.018566890793608837,0.019496822361813416,0.03315910219151832,0.04674609562020144,0.03333024701273323,0.020638229913874977,0.045257098488509645,0.024917149809919093,0.03314114724431839,0.02450341352462282,0.03856838736969332,0.04386622941532079,0.0074223020912674055,0.009515650837013008,0.03131273001980971,0.02259227797460965,0.012389226173818716,0.004139222978912425,0.02088998343807161,0.02171548903900075,0.02694082571533026,0.02905676219755504,0.021083881617225624,0.032891199356881944,0.03654134628704321,0.04389671020265315,0.03271478525125911,0.030362918750896684,0.04725676918205364,0.01901819727617199,0.018258603398627803,0.029068582725902244,0.021076194890708742,0.03907801705475291,0.022768384931118713,0.02072147215281691,0.007417928667343598,0.032041396719768696,0.021568767744135797,0.02688887021208234
1,0.031115969060694276,0.00830712942591853,0.026713076194712953,0.042516974710134214,0.05922464226250701,0.021095428055124075,0.020916481884089386,0.04747652131972372,0.009347493659253317,0.042078746567537205,0.038699517623806794,0.032586156052640716,0.048445383093561015,0.025285021678555165,0.023400367903692952,0.034965609329024525,-0.0003063892019121578,0.004393678314363918,0.027647167676971222,0.04528423465024063,0.043270583614696025,0.0471428395922594,0.01565639564817803,0.018766214598749435,0.03482207476247032,0.004393442805605944,0.0537564209952283,-0.0047463519668961285,0.02642368179059285,0.028675395756450773,0.05152474554414154,0.015492223461399349,0.028444334799657103,0.018083378734807407,0.0310251273674558,0.03377958546801617,0.01555512106690797,0.0014575575171024598,0.028245040393504974,0.033846861399186565,0.02434738811114487,0.04428269476779707,0.019696749203319715,0.036486213197483006,0.03643528118955605,0.037854845231061515,0.03239578902940456,0.042372763503678704,0.011455415479950111,0.043984603018041545,0.02457161066927599,0.023570818059392526,0.012943447291161387,0.03916116748087541,0.04627799017539528,0.021276114672215077,0.05026133884143821,0.04355432646363668,-0.005237297730890385,0.05598304330271409,0.006894588059846184,0.008230872657050785,0.01151579679287932,0.028803041064643035,0.04013144423847387,0.023201955034815095,0.04783846284062353,0.05061469972607238,0.05122353157345627,0.030198398263675562,0.04525118917141003,0.03050673337029303,0.032983276540335095,0.03418181649082488,0.02422187259644221,0.021811812743401642,0.05588341816621636,0.01937217643584393,0.01882847196023655,0.05688000331273152,0.032980360849526,0.047345032156704374,0.03965019138251996,0.03450943138959494,0.06368751097144451,-0.0022079589953891768,0.03578227009635516,0.043908371395516003,-0.0049734077600070495,0.03043035588631503,0.042337100517771314,0.02496595118162238,0.014792207379212701,0.034817515927528395,0.019060775312649554,0.005503814298705365,0.016891886049236846,0.014962047208752889,0.027820550904574325,0.02233521478652222,-0.009999043424909114,0.004297710001532187,0.05620331271739612,0.03143889857454881,0.04658257974917614,0.019835825519788138,0.07181353860087149,0.03100399575722382,0.04195676465804342,0.024596317941431405,0.04418634242918655,0.04080282905668881,0.04048518444430493,0.03834574982350624,0.03867619122162023,0.05270324204735077,0.021625393882833695,0.04216425846125664,0.03539505329188111,0.03497299158926176,0.043286730869728327,0.03800903588506032,-0.0036538936280542597,0.029682604559793827,0.034925430918600016,0.03759522053001377,0.05143908934934863,0.01383262813235266,0.028568195134360642,0.02964633972970358,0.0413812370268566,0.03717440330555133,0.02958800365282408,0.02601208456378767,0.034403788707669844,0.011742295307408678,0.03388489534008623,0.024989976745769086,0.03883461937050944,0.034287935833537,0.04890137846887038,0.03388338588775748,0.04524873286807747,0.04284458530006534,0.03440603283274825,0.0551862545301163,0.03494000733295801,0.02059404609664332,0.03394338897664137,0.029173030735406703,0.015871818571402234,0.04245924461375429,0.03449669646509275,0.0018350774022813411,0.02703767707521937,0.029820393458626634,0.054910960962181316,0.014358349118360623,0.02552591629353723,0.041146239851153815,0.037126474949550944,0.023762578051464665,0.04798110148799552,0.01585178531737559,0.015880431673757467,0.02528702185098828,0.03295941997898321,0.04079770160174814,0.05169989631381014,0.03359911252888083,0.05823271256586718,0.04933139877074256,0.020595936018987286,0.01798928072845002,0.028377436960378827,0.009769144627485488,0.045015777670408263,0.010315260355498734,0.04221180738898648,0.025088122630533793,0.02786825645517819,0.04419101880340326,0.029507851236957768,0.05083791959551713,0.03830327519014729,0.0544981127595183,0.010566458219717089,0.028253887937647368,0.030814123087566935,0.01754055417261423,0.0383614136116234,0.04839081003377228,0.04391503361864235,0.038022965079870887,0.04505176038006216,0.02108722156039164,0.014710946688914091,0.022848601248180743,0.023452023220523303,0.024542871374246877,0.0407163333891328
1,0.033129973408468676,0.04336005277201133,0.044386394530214084,0.04918846319556794,0.04171908862507953,0.028128897405793753,0.0350577577685212,0.04342822963410385,0.012077711897373576,-0.0016561966038278059,0.037456691837776945,0.04818194892145848,0.0009030555737282661,0.033186819145878066,0.04335636397441922,0.01784654453520918,0.04164051864006902,0.015108901704024184,0.0501510979671674,0.042570010154522615,0.025195212071129496,0.017483921455866712,0.026474764347746364,0.05212697525916622,0.013046479223266794,0.026689240803536914,0.03696796827962891,0.02626399254910865,0.01216212420046157,0.03640808255708457,0.061930098315453236,0.05209066771794004,0.053155266066664625,0.021034172318425796,0.032253400362089416,0.03022026851195712,0.04738350183492047,0.05011766010253868,0.03683929531037354,0.04029874710785686,0.027641513229835206,0.07153835156486776,0.05396860051186548,0.03200760245611816,0.028068784982833554,0.036671357815624805,0.046410408083683935,0.025261537018441232,0.021865284820850255,0.030337523929508246,0.02659077910405301,0.024727915077254598,0.03711562336197103,0.029631850928332436,0.048503977059167674,0.06098246982358925,0.034833773323398445,0.03719908968085293,0.05831844986388247,0.03927184813249949,0.04427378664870419,0.03680494736402432,0.0381249571060884,0.02563681263313745,0.021527912026983047,0.028216248600108056,0.018267894303953865,0.015079726624875563,0.03231361272766607,0.030578631012178625,0.053087461057768584,0.02947391950172343,0.03266060165761415,0.056941414428350386,0.04672495251274301,0.045674894048587204,0.021459079719302686,0.04561098205800711,0.02320904113239662,0.06635888105462061,0.05125377700895131,0.02836452170707132,0.02968115265368893,0.04835256699373808,0.030895731358980924,0.04382962792289104,0.036736699982293605,0.042878303350690414,0.02941052793313616,0.04213115820880722,0.04207142211920701,0.013309922087471036,0.03909781451365992,0.022107191937339787,0.035877907996023924,0.009950269151853177,0.06585323605797541,0.07853638529200652,0.042708869150313786,0.025331809530894478,0.03834506769419559,0.03957950565596797,0.029448268729568954,0.04153955518444258,0.02986297321833704,0.017536261974277052,0.03428582400796967,0.049055128159658665,0.017340827808634003,0.057717383079112713,0.0409308901693479,0.03667547653252293,0.032543708996707534,0.04381829713395659,0.02259864270014797,0.06171469752545709,0.024961990936575414,0.04143351697577634,0.01715675295756726,0.030388674691179167,0.01384654494196854,0.011780771740621105,0.03144190698903314,0.04127346419432901,0.03369775390362158,0.038657316177492684,0.020727613992150798,0.029318968172392712,0.020184487359681338,0.0200788690698186,-0.0040954706672872085,0.030888286097139533,0.022097990226693613,0.02639610899756926,0.03966516880554619,0.0603704316008111,0.01730604356494489,0.05697096784768506,0.050097669447198845,0.03665346247632452,0.03360931771052162,0.029548641514948487,0.006885189791536805,0.049039021793036874,0.0349974124768648,0.034389819364641534,0.047637355078695785,0.043124072567285184,0.029556259513073516,0.026845500686355293,0.042941232792155684,0.030256941622777995,0.03965009308491827,0.029446664008870485,0.05265565640096147,0.018240421195029805,0.021883750309022586,0.030577872464081685,0.035253298499899055,0.028390202375243482,0.03355043114540418,0.027377313541090922,0.025149827477010007,0.04748958750011383,0.03683952443297813,0.01848732410535033,0.0206409724323472,0.024881261994256738,0.033058788638273405,0.015802705920402643,0.01976354832336442,0.045572419062273634,0.01676641034629514,0.022268658125135794,0.011186574583152083,0.05324985546089997,0.021219346547545488,0.016101142664048003,0.017568021956853225,0.02831272853433004,0.013489768759692301,0.03221425371844448,0.04481238449189362,0.030785797971338888,0.035212942532747524,-0.0027101372204736476,0.04122811196102076,-0.0009277616727544902,0.01810531139745706,0.029252238177664425,0.01681992873122481,0.03803185481167645,-0.013015114437445165,0.045462836269097105,0.039708344022160384,0.025614838256635342,0.018826594788995264,0.03653945137196894,0.042181943249836706,0.03568382271720427,0.02858472466640212
1,0.031915288463090614,0.01755312279538571,0.03521985919203117,0.041000501717038576,0.025853443935191955,0.045074373266603324,0.0328145099087703,0.06883047909383787,0.026358712308114787,0.05601389433232278,0.03931621667804277,0.027050093853374164,0.011766362146910299,0.03547902504429185,0.01693071791913761,0.048086414049453616,0.049831816366342506,0.018048019177145904,0.04195281127036259,0.03493565093123693,0.040364704029015985,0.02655796706238462,0.036630214923563165,0.014768561501715596,0.010904188667557171,0.027153070284096352,0.03153791684687773,0.05609683226072046,-8.946003703309835e-05,0.042598816034288375,0.017821051007674865,0.040772613786192,0.04491192735244449,0.03476278248356234,0.04549119244457828,0.03969768928781947,0.024192013413629206,0.05435342337060453,0.03265670411861086,0.04059653789405702,0.04477695879201904,0.017386036948563843,0.02835209151087871,0.022898936321141497,0.018958385548529,0.02495500879509347,0.04792149826106441,0.042800492348925245,0.02397611999154436,0.019369723012175773,0.052220023175817754,0.05175120162652552,0.031317351811642156,0.023271102391929397,0.04501072765519617,0.05164746409165871,0.04529283495396902,0.003970031257851871,0.0316029379016747,0.036898013841102736,0.053721698706501654,0.04377416729853485,0.029528031956551678,0.03552041800151957,0.03112367281422076,0.031910321863869405,0.05026599477018069,0.03466814857898508,0.04593526824741087,0.006084734348450024,0.031081810884161867,0.04955209066477398,0.03525849364168053,0.029509631998105666,0.03977219563438333,0.07386321113833477,0.025830527677542233,0.009455271852329177,0.02374731770949618,0.04465572235358527,0.0378799904257462,0.02729100965616893,0.029062252453735404,0.025671578558660473,0.015981900815024458,0.026497919727383534,-0.008495597913314973,0.025161478878144697,0.0327956701680633,0.027699707511150973,0.018452085003127172,0.02566103774027695,0.04128523219888464,0.024477535929035454,0.0043030856985237925,0.028404232084838388,0.031479706316573375,0.027920838586032205,0.04529125796717074,0.048395271104750975,0.010972112805429063,0.011769291652762196,0.027035108683983317,0.03455707087401517,0.031155626695924674,0.03998505881694664,0.04495288900927948,0.04952617289757667,-0.0005178837801141506,0.04388818066436091,0.003540752691565296,0.01762446384111773,0.00893806792000354,0.050681463752038,0.02179547445845018,0.04883981613837431,0.04645351969580922,0.046757163552205876,0.049259628946896485,0.026632004104846042,0.04329690528615425,0.005861955080979614,0.027873753191648844,0.01542971408737032,0.026564312879624727,0.016480567809975144,0.0517291956924871,0.030018982612110636,0.029518982796953093,0.030347530616460228,0.021432341987050935,0.022223271411619797,0.06216464647938018,0.04032400108198008,0.01976458193841274,0.02425549427486056,0.035426587390116455,0.03977173295398,0.07114822412395073,0.02144157684414398,0.04625886686023804,0.04092255832231848,0.02295840553937278,0.02614941469770262,0.01709325518701849,0.019532643765073347,0.03917959257250883,0.06538293855502378,0.047431452740701645,0.03068930424596376,0.01994150190497801,0.029965952073935157,0.040300747967734446,0.04270202633731293,0.04535891224117009,0.03468560241316863,0.017530349019501457,0.027329650564808315,0.040474395163546374,0.023465596842365564,-0.005357829130666264,0.03552275159760864,0.021091916061217315,0.049160875887510426,0.06159272808163047,0.03147287916230057,0.01695506177235874,0.025998070308654052,0.030977443158200984,0.03656099225640196,0.029673060024347466,0.006388451257695289,0.011998870989689082,0.05226437519527077,0.05044499313116414,0.045895074704221946,0.020233991092309944,0.02041059559634511,0.02151028523213215,0.023964609036765797,0.026843920031274726,0.021258672069690978,0.02420388600038978,0.038169217783091,0.015812316712825573,0.027453107311325456,0.017806282406909832,0.0308741070348324,0.05098874300142986,0.023093856233307918,0.040044330675864714,0.02297294504794987,0.047989575875559166,0.019049548446312743,-0.0022907632132968814,0.020883460407617384,0.043998211184690744,0.048397075743842964,0.029901593799974018,0.04827478135036874,0.015553486317978458
1,0.03574651954539438,0.02431842834701242,0.02931138315524235,0.03900063025227443,0.043544372502564786,0.04407262934079421,0.03639547793281491,0.018438987912012657,0.03180036027543943,0.032019592202039746,0.018365311806367565,0.045097616098193447,0.051571146572568616,0.02199371496730703,0.02762273672124055,0.03283069563748203,0.03798086147128689,0.038760183674707516,0.0360765548562376,0.03522317378567668,0.03334275249462355,0.0365543454546675,0.02980108686755518,0.018622846431193982,0.026065028487214863,0.03463595713092075,0.026036353588293933,0.049171025141625274,0.0452984105810835,0.028485226169128772,0.06013782740371383,0.027855511176014366,0.031197345282345412,0.04812769432214686,0.020010978155388333,0.04259650276040223,0.027186647265484032,0.019917161491931366,0.035311759259262054,0.041851558817063955,0.03946015176910599,0.046420593778134914,0.007946104097545606,0.025666414331592727,0.03102529651031199,0.014246489358573266,0.044547696898830536,0.02893263473230486,0.021583587630127556,0.03169052194151114,0.06242970261729121,0.03311972177864548,0.03371508488291299,0.038128180013342616,0.012336404005944657,0.06270616669978646,0.03154176911628157,0.04843947214408982,0.054549374062468466,0.026992905625469847,0.05148549537852477,0.01918880743441357,0.04771042302524495,0.08057198666478893,0.046411932536670336,0.02807068460562498,0.023148922279216257,0.027112871953076507,0.04051151584391462,0.03628298602999569,0.023449790227539367,0.03370284090636297,0.009460847208173022,0.05127521602999635,0.02330597931433321,0.03827695204118657,0.03389379545107606,0.0305286249696694,0.01627370128840133,0.04505294007973216,0.022476481232772235,0.04290999202834225,0.02913967844144863,0.03968341564269474,0.05478054328617252,0.040304914483374504,0.0265849430180478,0.014533399316317228,0.0003554434621855229,0.04028803852850115,0.046068140634756484,0.04509162622124005,0.034565622213703864,0.043685149306532535,0.024502239437038803,0.04554711190009633,0.02988506979331147,0.03770533876141446,0.04922731045791711,0.035343689138246946,0.03270894015971517,0.036810551018337884,0.030771992692846115,0.04676673039683579,0.008750539886879936,0.03594947572140077,0.05969530118453249,0.055155704959863334,0.033741542063875835,0.029001177100511363,0.030128756248777474,0.012761529490034895,0.02551084999762144,0.04333583753838387,0.036264847567605916,0.03792387368328211,0.04943025651137144,0.05064191801604312,0.03470480778882674,0.059352394454605495,0.05238020398047956,0.017048270521462558,0.038927639803897955,0.037267962276172496,0.07059385794412117,0.05738141032132328,0.02873250755919132,0.045728510429774646,0.0280153554400893,0.023629230812868655,0.029882003105629464,0.04210798829387065,0.05536718930612158,0.03446303034383867,0.05741009696231103,0.008285264061153777,0.06596074294321502,0.028742964715251028,0.03435275831742625,0.04709366814995668,0.014971521164305439,0.024553608434961398,0.036080137220865484,0.05552945680689983,0.058533189497131315,0.05017049125369499,0.043108424738763446,0.026813526106999767,0.038761882805337725,0.05297852389160235,0.0353146169496046,0.03275552761405517,0.025655516158004217,0.043105360534114165,0.03855797048606644,0.0350044831023806,0.03687314574913127,0.034320959567417195,0.01900928061295617,0.04451140473351378,0.045510365904763955,0.0469815741885119,0.022666501117048148,0.04572323798740267,0.03504071816474403,0.030659666486570224,0.04003027937525584,0.03620710902424466,0.01840437003101557,0.053303533302635174,0.046516849958131296,0.021777360093972034,0.03929172930043991,0.03906897291405869,0.06699272758908872,0.01185875071242343,0.061827709012096124,-0.0036545246734119574,0.051753177378706244,0.04303700286671307,0.043575591129595276,0.03688099533891853,0.016756237556542337,0.023047919750056392,0.04862532293168188,0.025228727392735295,0.04660864949250787,0.023118234093388132,0.025813397495575166,0.0593905925687003,0.049282081308479386,0.04139655529404097,0.019858031026766775,0.01993424187826385,0.03430900398304408,0.03153247645263178,9.987055274642692e-05,0.026531203378835598,0.019495106385254247,0.021302363903189934,0.05363087887655054
1,0.03398369791768102,0.0417053328478553,0.055076596057288194,0.05429220532963574,0.0460909596148083,0.05208380705200013,0.039575421851517606,0.031724355416597044,0.028449317944550384,0.045548050105245076,0.07369924485687412,0.044120003955575124,0.03898516716134102,0.026954975261375268,0.032318868611957874,0.03370739753208591,0.028614666861736342,0.01345041574153382,0.02933218783901221,0.023135438837449222,0.014542539915760596,0.0025261129336512714,0.010099799425028026,0.019119534238342607,0.03353180358629273,0.04748629625805521,0.057549265532577304,0.06255557645049384,0.018874803862040428,0.013567762437998402,0.017287672770941287,0.018435858553644532,0.04531523687165326,0.03705707036862305,0.035540453247400364,0.03961648178086781,0.03953437262431027,0.004889482931312059,0.04155850338372067,0.04233651033988052,0.025208545143375245,0.06361234290901671,0.003785436198270018,0.015886773179648386,0.025705490687174124,0.06294846843722311,0.043300598136972554,0.03282148855983932,0.03586258966566852,0.015195384938570589,0.03356140841665823,0.038915800357735716,0.05203070390397721,0.025892105300468034,0.031109938054425166,0.033872210704760534,0.043394392836764745,0.023434541100438445,0.036743844527639805,0.041690479783677147,0.09512719698224034,0.039244827059656096,0.04935414963346915,0.04945750104270448,0.04415721934616411,0.02677189651203548,0.005402367784561508,0.03154605130861339,0.04006608512096911,0.024184047765995947,-0.004366438291552852,0.023757961586804745,0.04166827285124942,0.03365449916241588,0.025922604956187485,0.03571992671115955,0.033884276127668124,0.042905057189728035,0.06391173759501403,0.013494195978811515,0.013415174238843058,0.039509762811978315,0.06411588844146314,0.023377173835905176,0.06791340612710128,0.058606714034647636,0.026562537152197106,0.06231557923295164,0.01914357693079638,0.03093618006621473,0.048580805587114716,0.035144508004147916,0.028121152526349752,0.04336820556798769,0.016270030328535707,0.050849086146867985,0.020500577326367238,0.044665509310106086,0.013696431271041972,0.036158080661181924,0.042318691024220985,0.04763967277662504,0.04026650980120734,0.006525832949676149,0.022462431850200665,0.03241476360436554,0.040464292041831315,0.012915407846510303,0.031248710266715406,0.012282979041246683,0.058192457440499536,0.02705784275058007,0.03564561687525808,0.03630392050837528,-0.007842093794161106,0.057094067831179915,0.029781496847442284,0.02196475933340023,0.018385820924894172,0.03826410354429528,0.03684601334272311,0.03335531705857298,0.03366922400071053,0.010034640939154696,0.03915267138855186,0.034144322753008854,0.018831821815303802,0.05992156046630894,0.030914372566050834,0.03626433423046689,0.030477469072092242,0.031105067125059525,0.043413445704731046,0.03221784362182007,0.03420355452085765,0.050603455552727494,0.03797107785689284,0.04244074598499516,0.02173579976112696,0.05166656707872623,0.025256996736614586,0.024738136095560026,0.03558736370824297,0.03286850112335415,0.048197707657905875,0.022880188974326685,0.056083968460564154,0.02183786387929006,0.031042760903413485,-0.0026539158193988055,0.06809884060845778,0.03368045029382097,0.02247800466779369,0.03180293756959736,0.051430428517235116,0.028611863818075095,0.031936918538559615,0.014274473326352472,0.034932775109679015,0.03173611759850141,0.02745570337506996,0.037750878656349456,0.02102787465354613,0.045774670452719476,0.031916942509578584,0.01882206972432446,0.03546367570812798,0.03634287535041429,0.06027410495561651,0.024250442141792783,0.04642649431418368,0.04498716329810335,0.03723202821071766,0.024911127491698867,0.03662859582765764,0.039497811541775306,0.01809933836824718,0.02547295253053461,0.04240635027035177,0.027148456274599917,0.038066918697777175,0.04483430084161736,0.05502146563095807,0.038783685363819466,0.05148453482566944,-2.806136003571935e-05,0.018029875894840765,0.04841383241163028,0.027764775739461726,0.03818817609323741,-0.009712012460605865,0.03885776931609629,0.0171616611814859,0.031963361783282365,0.02463791381051839,0.04236824345964195,0.0325708064191003,0.013947506352795645,0.036374351933518526,0.03156488453817085,0.053001158076592156
1,0.03486744536624013,-0.0032782909943614574,0.011586966656583444,0.04857048234087487,0.045758143084441635,0.04152089863904905,0.04120974932207998,0.022020442335684315,0.047718757278185336,0.03230787693067652,0.05006021004214976,0.04263199810722289,0.022216410942514794,0.04651432627470888,0.029828938972035614,0.010552071942595082,0.0309935744794949,0.01129532103397643,0.039604786399683366,0.03905149928988299,0.02213657938761126,0.02853359645998487,0.024759489605081147,0.018657507350682532,0.020026271105988758,0.01780082138990298,0.030219853954595855,0.020422831404865373,0.039807484988580825,0.07160398074428723,0.037690927075485714,0.051403802065422236,0.044369549573526644,0.06427814168745563,0.021769744689065517,0.006889988482510982,0.014754157169871829,0.056103137344424125,0.05387960933731792,0.03659434885479182,0.016780223263312955,0.017379063641334173,0.041421844336714114,0.0037085787201260705,0.051633525492975174,0.03635992804931937,0.01901870836053677,0.03370794741416243,0.041119980612368864,0.04537437734536236,0.04155204072978999,0.023558793735094938,0.06251529747286316,0.058703812181644575,0.021704542097221148,0.04867074964794115,0.04678887678818572,0.04028373552995322,0.05158987098804858,0.035859345044656966,0.025585070333485924,0.0524453906381387,0.041362623285146144,0.01670244506898158,0.050018016752360395,0.048835440488126755,0.046535602852025904,0.04617498987393042,0.025734093815697797,0.03425267895891176,0.04766714072618883,0.035912216947422956,0.02103045160735619,0.028258064631714378,0.024616435702279876,0.06579529644905187,0.05940986107269623,0.013090273896956935,0.028873992572208233,0.03238821941163462,0.02114265020376547,0.03508165249480227,0.012064598303371317,0.05032117756971437,0.04615186683221945,0.0523460999045722,0.03519928212961959,0.02913852796048047,0.02858737198201413,0.06481143018974747,0.05613302527773429,0.024670100712678698,0.022850788110270113,0.05110048503638277,0.02075051383493537,0.034884544634968075,0.047802608143401905,0.03706884276063369,0.01987312408261694,0.022577082411309617,0.041117686926142046,0.052688965228872606,0.032925650847571625,0.031359894104494676,0.030789686072781968,0.059010107155600476,0.04221545925552309,0.029855279681140802,0.026421720688405727,0.048638410721652876,0.007626153220638657,0.06335874903571785,0.04861726714055027,0.043287495511878854,0.04116482733639647,0.017238390661434323,0.018480353297679733,0.02155311737167486,0.03825546732407114,0.054543454932507326,0.05433497225350614,0.05324987620146224,0.06978746621800302,-0.0054098703775496415,0.0342585185144881,0.025536883681518612,0.027299349244469112,0.014295268551236532,0.02173998121364045,0.046442915045172575,0.03789257645563007,0.06005837039665408,0.012171036107199655,0.03542243039342594,0.02383036649865583,0.03382374667281945,0.05009390436252991,0.009335404195211505,0.04177814230386982,0.057883070052302865,0.02367643867374848,0.035179975415550256,0.023599899915819136,0.041229963679408205,0.004866921163129329,0.030903665064571727,0.040646645552144804,0.049954154253839325,0.031182813718670363,0.008457805589439642,0.04244166133165778,0.03691394201842346,0.025949175243666567,0.0076576579173595755,0.05218299673795094,0.041527712541629416,0.018483842273614513,0.030614075979225268,0.02839597565676138,0.03386450811335286,0.03675099811406714,0.03443403775390768,0.03392439535318872,0.05603808175573184,0.044213645406903465,0.028466404921950402,0.061141487404258135,0.03461857251384171,0.038265003523917665,0.022117473733280338,0.017533725528338935,0.04855046878150619,0.046826596570369666,0.03724659722684933,0.022175673715620105,0.03152022476371587,0.03136215976461769,0.012698459870849159,0.01859646601982765,0.03918059848618947,0.05857860069633396,0.03128288949496205,0.019032704334670657,0.0342548237672096,0.02162334680680124,0.05061832664241235,0.057034988359117106,0.03346058430440566,0.042350666209920174,0.027051285848266268,0.033874464462823224,0.03581457656005784,0.059411389319466094,0.05166983496885963,0.010925915272745841,0.030977819937792698,0.021983049167538144,0.007801244261662694,0.041472600283574364,0.04514168109883044,0.015923530042604637
1,0.03341831384889969,0.02373176399485913,0.04429352728981945,0.0557393699789038,0.019156105479626748,0.03918857007429629,0.014107844850631036,0.02843949408711062,0.03860162398208173,0.03605981190147161,0.027508388669406147,0.02473934022633025,0.051671122084135546,0.04160908231717143,0.04172176799509246,0.03963859650347939,0.044168012074739735,0.031127049648804576,0.04346834315630243,0.038053282190493684,0.019025062598922317,0.0252696314317322,0.012237804454334509,0.0199182153149383,0.0032727297329055403,0.046381444236884034,0.06869084911919911,0.03233774465576099,0.049754251953223756,0.040586807958445284,0.058703804665719166,0.029821012662241655,0.03522023761160512,0.032242140709639704,0.0423910418243464,0.03109100115011312,0.030211317708781403,0.053544189925031155,0.026438599273774305,0.01715989721739257,0.05879829404538231,0.0308066629041017,0.026905039335428427,0.00827396261347068,0.020509087676461653,0.04941587630954178,0.033121519743954234,0.05402294060490964,0.04665656431506604,0.012667625844393817,0.021653799977315237,0.05400838986497441,0.007605271143569216,0.041325982134670626,0.04392725550227505,0.030470808794817436,0.027194577373590337,0.017357970089689645,0.05226418457766083,0.05780063502730545,0.0465035629953312,0.03790615270807941,0.018921925506633124,0.041317293753616424,0.0343051243988713,0.03891513748986754,0.03497092010626681,0.01605298620124118,0.02131871885783958,0.03152335633098465,0.05165725542043141,0.014492655798712648,0.02458524832095964,0.05040287503545621,0.0340064533717872,0.03883466051801591,0.042887177119852515,0.05266354461284861,0.027223553837597617,0.03400836205070886,0.040168055579534956,0.029499785765608095,0.030835514705243088,0.03582565738693526,0.049427259640801906,0.045990781519199976,0.04585205293736713,0.029840843317982,0.036233299305195255,0.05897921101431711,0.03952251885516777,0.05183826969957748,0.039848449499027355,0.014195645608280336,0.00037779982589074973,0.03217696765159735,0.0416428686886692,0.04101631871215659,0.02569761672041016,0.016530045506435886,0.03234403931403501,0.024759307702087917,0.021787899515107144,0.005442336753763797,0.06259094140560019,0.027437314697971116,0.03328724602330014,0.03705237749004901,0.04172466755883182,0.03205293495994168,0.016556946864291777,0.029600859992349526,0.027240907561338824,0.018180138947544652,0.04042915957117837,0.05442153679085759,0.025047315446207287,0.03839523572850607,0.05704631277141059,0.015838307481038677,0.053226991793070486,0.03692243829182075,0.02816904149719939,0.038462302617781226,0.04817925170029545,0.02505817059530881,0.03200369864941652,0.03856336709040355,0.03504279048508036,0.05573014154406264,0.024629206737489147,0.03874585236975154,0.06836581863295421,0.0329420126513656,0.042045009996765255,0.06089795349116416,0.04191475389004989,0.03283058908457093,0.014309731807813527,0.034557042073107044,0.039127481623711394,0.022404440858552116,0.030227730916507642,0.05498835529727389,0.014930203992223046,0.031801178986710255,0.0249326653759663,0.039520580088877884,0.013116754416872437,0.02084851390649522,0.015448877402808026,0.010808926319706876,0.04034570400018304,0.04349626590388889,0.05197748471374557,0.039563778231746644,0.013984889777234388,0.018288835502112112,0.038728386218049124,0.03870912575598866,0.01254473182019181,0.03385320182250173,0.03930782377396866,0.05231089742111915,0.019533892421679293,0.01869555862617192,0.03979330827195848,0.04529613920794294,0.02231772816498826,0.04614569437060994,0.040551901589985076,0.017366564556633476,0.03410733425357786,0.017313687059006707,0.02565681125105917,0.047771129553531216,0.040973253698451104,0.037194633403128216,0.005934042109003789,0.021629253932373516,0.04248096497114735,0.008225618510422195,0.013968254920715045,0.011702988403167677,0.01655244007409851,0.008845688538911357,0.03661698765646623,0.03628762944170476,0.03287047504666381,0.015527628657623159,0.043054049080768736,0.030911797210745526,0.019625187331895257,0.03979260326004319,0.029014450426281323,0.054552811422322434,0.036210510735897095,0.009181869225042917,0.035271632549471896,0.035973454261587996,0.031512754920719435
1,0.03281622622036892,0.0631094695706,0.026875672403534667,0.025693861073177865,0.059873327828370834,0.01564153210506307,0.04880618212873676,0.01855897450953754,0.060015646882364146,-0.0020436280382347544,0.02397482827960619,0.028549728902614847,0.026547507782468,-7.994703291317601e-05,0.05770535491140029,0.01986868195377105,0.026771411079324958,0.02074122871539679,0.008754511832641355,0.03570210405638524,0.025962595184023593,0.03648662810214737,0.01959465601001513,0.04214329595098666,0.03143302872859588,0.050132489812590504,0.03715906538128492,0.020850254253197937,0.04883653002732541,0.05604314754205211,0.04124880524476937,0.03127791605084142,0.04718127742864418,0.017459216043076365,0.02427353755511711,0.011346919709822288,0.05462438162850217,0.02200045584096349,0.050446875436131244,0.04587240168977201,0.03419591014703974,0.053132214269329826,0.03276068336219136,0.010618530451134998,0.02929265075908339,0.010202037877177519,0.0357658885449815,0.03994467719545105,0.03049029675941089,0.033988707980726965,0.015374741837550578,0.05134679132538996,0.04951759364476675,0.03213831064841326,0.02126172736418697,0.048079004210803016,0.03600494117951511,0.04732318150429161,0.010330280431439492,0.0410322722248635,0.05984698261313801,0.02172447834039736,0.040498954962852024,0.04582504158355155,0.023015835143828017,0.02865399449659743,0.050430607024523275,0.04751679474391826,0.04835733694896863,0.06112116617200254,0.011204430868007813,0.06240455222737129,0.009446026118350333,0.026442779126214653,0.04942355720777708,0.0010657387813562194,0.01924603916053611,0.03634375257887688,0.036318637519868004,0.035319066836358645,0.03768414789384694,0.04019067135821357,0.03863294262608917,0.04003023893891052,0.05508974764279134,0.015552001045419664,0.04487486411000882,0.05326888999614282,0.020837710037047073,0.029812147897814712,-0.005909586631997074,0.06386817624982612,0.028478869526820702,0.045466111602211735,0.05028116685129682,0.02753522072567029,0.05107971542461593,0.028809183436935698,0.03717238559908906,0.042940717257044084,0.030396969441794812,0.045884326412386836,0.08377434637860616,0.024865016376669435,0.011229040578364595,0.017410674621897323,0.0499581549205897,0.02175504830310012,0.03642621698961066,0.025282285771185416,0.011504233774972651,0.021305953755429513,0.022708500615015902,0.04019633711516946,0.03646991451951543,0.031891151330018644,0.049784578754820175,0.03144028808357665,0.033293071562198316,0.03224084110603121,0.04919051344488884,0.03499760202308265,0.03609914328979723,0.03666745309102907,0.008481897776600193,0.057665811275823736,0.0490976719683101,0.016989921486550093,0.02736319220859844,0.01267413663749992,0.036487561640514865,0.03317987733302734,0.012861969176692013,0.00873414357179755,0.04671849380207612,0.01825911446762339,0.0659470285626656,0.03208340504860051,0.03137657108937683,0.043043234328597024,0.02213299697810631,0.02938499211193541,0.009767916441596601,0.03605980560145514,0.03551435807118513,0.0627324429894228,0.04487980071757791,0.022941799188682357,0.00781819854447249,0.02810321388222747,0.06206345338752442,0.04025175290537404,0.03677171258766304,0.03330615051632085,0.05087047563345695,0.02817628027909346,0.016992322404192208,0.030805023249633644,0.01246142974501063,0.028276961733938448,0.019935699750156643,0.050890573776926566,0.03343764303681985,0.0037933419586887486,0.054710260422348014,0.03545876763328254,-0.013722598801585537,0.0429714177701272,0.033979301716737846,0.017969584646794462,0.021305091352122593,0.0284725193746016,0.018035885950609475,0.024116631991181914,0.03540272222322969,0.03140947601974247,0.04953663862179464,0.020017876311097416,0.03788531873633859,0.018485965130313566,0.043422876095908,0.02619287619924104,0.044819187206418074,0.019453144349451085,0.06316039459392712,0.06011848404105583,0.012394220663391856,0.03429660682650565,0.013125761263392186,0.007672298531674577,0.040841795403830344,0.010941736357446018,0.035888990534855045,0.004099456213190484,0.02442689756489202,0.02815682639400721,0.026935506681545623,0.04586652499887464,0.039566876412021806,0.033969659702767156,0.026614764491340655
1,0.030896429079914318,0.025481868409189215,0.035739372104801166,0.030343196439655225,0.031617981854294944,-0.0014674958729924345,0.021297837334659227,0.0389261184117945,0.03169270409769368,0.013656202283360116,0.00567034194421636,0.039251530545838034,0.030953869051966697,0.012366144461323194,0.010404524170000547,0.037660951056141784,0.011122387639540265,0.03746337950053896,0.02797186234359124,0.041710840031638795,-0.01709410526259006,0.03704540684851667,0.04243193340554384,0.018060003749515254,0.03523796050923813,0.024048347105697553,0.03606710556595483,0.04401588205055538,0.03769749698066074,0.06111251054366716,0.05826171701389554,0.027287059895259952,0.013550182171250463,0.0330170909689916,0.04194025383113964,0.05069448403870705,0.026281913039285364,0.04130918876382423,0.03792206041011956,0.0262919077605263,0.03189649061100152,0.022825615164244584,0.032513553901452844,0.0167678481666384,0.04265966002599733,0.03764484654696208,0.04003636233065778,0.026255882969559545,0.00993512411913923,0.01776375421099797,0.035930306825025626,0.013706337205066917,0.0026369274837816786,0.01734433176703246,0.0169601681562112,0.03392326675554966,0.041447795007219575,0.04425023664793103,0.025304209777315796,0.008795348053953406,0.04331369848511879,0.028978474052611943,0.02562587822431338,0.05293383054157946,0.05769425421639242,0.023109202013888948,0.047437515447311604,0.026111011028558135,0.04912478311485937,0.040925877623169044,0.03998515978723149,0.043916345682368255,-0.008707481031027475,0.03776292626558726,0.01936123740102246,0.04261430026746528,0.04669972688893833,0.018198235273106503,-0.0029903411285472636,0.054130075893448246,0.0351438322661309,0.031568219261711314,0.022379375840753453,0.001149674769698579,0.005998077446972217,0.03816033925857329,0.03490538254092226,0.05556300084289122,0.007200646272866009,0.040092587320193745,0.004203892674075768,0.04624512127068035,0.03258628178552517,0.05594959638407135,0.010537761255713141,0.018678699071192524,0.009731152838804987,0.0127991224388323,0.028401668309584495,0.01910916410263471,0.009655602275206086,0.01742257010079458,0.057902088356148934,0.04135404896923402,0.04348470625318997,0.020868798377936933,0.024915532673644967,0.045792572129514736,0.013989231644838604,0.03457407029414547,0.01275488885838548,0.04139266383546168,0.047050321701095195,0.025325269460099446,0.02548393963789503,0.014799681401219685,0.03303288466251855,0.0397404816719289,0.02055998343447874,0.042699044651710136,0.024465537170930196,0.03221064643027948,0.03339461584816568,0.047803888157291766,0.050611911345526735,0.044941486412831175,0.03438678356740002,0.026136061729467874,0.05360241100009982,0.0322599631394666,0.03746068856654921,0.031712303119946175,0.0350838781707435,0.020425347145987614,0.035783181594189854,0.021447467534911883,0.027874199245276544,0.02120397958397573,0.05442946413275519,0.04111463288265988,0.030077184033890016,0.0498903673390277,0.034639957131979586,0.02043198635337627,0.04332558587715625,0.028935037808823783,0.035198123109437846,0.03661857306535333,0.01078157108007996,0.05277558585495737,0.02380242484652205,0.05991555268005011,0.014242679450830322,0.013653599638987931,0.02886081162147381,0.04023648336513659,0.04570656946992841,0.021289818755392455,0.024328878937992918,0.02648052366866874,0.03497751514673669,0.035500763523168485,0.018844912566577846,0.05289020255475614,0.03489407632332041,0.003688958921719783,0.002397383817791185,0.034641269760223935,0.03310477501179779,0.012935587237740766,0.01570681433878595,0.053229854147409245,0.04863761599700618,0.05018403617558659,0.02581750278716084,0.052823830445125786,0.017344668448781186,0.02078352200857022,0.003875445915409049,0.02016970910718774,0.03359005667921886,0.054454470755108245,0.04514893909002048,0.03035206463764045,0.04737376107684975,0.025364576800676875,0.01758166922021552,0.03462507809712193,0.04552996960861972,0.05747276501397919,0.05622630145767059,0.044347707827848984,0.03565820826365635,0.05282233765989595,0.0361687083254613,0.02884490871724824,0.0068751030141683545,0.014951800387619125,0.029589354661398212,0.023907031445416733,0.05334603082923184
1,0.032986317748193564,0.033924894204653236,0.03017692414692669,0.041451529281660245,0.01869772124028684,0.00692007794358496,0.012331363794464464,0.03514980103454099,0.04701808277911488,0.0362335329100483,0.009326938243165776,0.030120825108381877,0.058923590740479925,0.02701170977325106,0.04038372928440252,0.03274700106218747,0.03329812630297673,0.038045433372220494,0.05129354526174244,0.038778851628849996,0.036014025826847616,0.013300173569944833,0.02494776607462308,0.030529478914723105,0.057656394630284526,0.013834962036745925,0.04554935561921443,0.03903135129492033,0.04094468184069005,0.03688600369429764,0.02073978841323508,0.06757546230540151,0.042628088569924685,-0.00694636874252004,0.0361053318535019,0.035518089796669955,0.025120634997199034,0.04971388072017366,0.03569733850179489,0.029156349971179718,0.05902720317413516,0.025321138440454284,0.02703324880555856,0.009687964147431855,0.03313717989565914,0.033327260661110164,0.021852426700315196,0.05466121421103372,0.03411162963645209,0.01459542736308395,0.029138637706444547,0.048751535875294155,0.03241213210318843,0.0327974437428453,0.05491597559471726,0.02498723821616475,0.027679346536795484,0.028537488148162,0.02988646525029702,0.0125200612550872,0.012134814696678528,0.05338607097890709,0.053431383362099724,0.02387239311378593,0.047662479026486376,0.03334927632002792,0.040271373844174306,0.0315995193994383,0.04994173579183532,0.007450099100607382,0.017838591571861746,0.045626640380146286,0.0378568822358296,0.041836342925203406,0.04171472061989464,0.0318475194768853,0.04554149204271188,0.015052754675992274,0.046401745185045126,0.008639051966242227,0.03692771040269875,0.025575101805349037,-0.0007482729812982036,0.016866763043777083,0.06084052000725486,0.009509931603984126,0.06446246129298977,0.03254929828175912,0.03744402669565042,0.046340299746836136,0.016684967514971744,0.0453489637209816,0.0640063328119266,0.03326342042591071,0.03691174131659969,0.013694547533250952,0.04628441716399316,0.051675423993007764,0.05356779007347038,0.02974254148752656,0.06093528142361844,0.022389314080217132,0.04006751641051844,0.029466748830909693,0.04968788648619718,0.03854280968115602,0.0376041777638617,0.034561236070663116,0.023408561634290184,0.014804221123096314,0.04036708530762136,0.05221584802467871,0.05046839651544924,0.04721368233387513,0.04166745623839893,0.006003646055200852,0.04698271348053957,0.05152853951775274,0.047572715962741,0.01670777737025263,0.03632510935519829,0.017314679366198932,0.040954259555166926,0.025677420936119768,0.02129411993797063,0.032925909432271735,0.01472518485612321,0.043711489838551575,0.015862656319544,0.018973287379635204,0.0021701998083571254,0.048428324846282136,0.018844559787564906,0.050182235079209894,0.030980482569451184,0.033773097473078946,0.016904979044977064,0.016719281772507127,0.03589048340140412,0.05076091318431021,0.018723361755633935,0.03653504683899785,0.026077721647183846,0.03217674140467525,0.04315958537828472,0.009877349409055672,0.04124505041960958,0.04331303449074002,0.04171550669771256,0.04770166345582834,0.040042375668910286,0.03790851789803344,0.01891246635480129,0.03533459698009863,0.0509804097348784,0.04353522498406911,0.041548751147907285,0.02695031978171209,0.004265734438214937,0.030380071760032594,0.03662912497985529,0.05100375352986092,0.025818748902787098,0.056400800939441845,0.020602480506844496,0.024898863534923564,0.046846407217712466,0.047799856080131736,0.024084583650204244,0.03445337793716268,0.03667109170094101,0.025648980926960618,0.01197603633048229,0.0056573548743859906,0.012890604889751026,0.049373534226842514,0.02014297629739376,0.03580328884790755,0.04836384216696163,0.01737888118342179,0.02003049333348467,0.02701433081132808,0.04432551882408622,0.039846771135326406,0.023978249360397434,0.047849388908003256,0.008032214934637814,0.04028533710780281,0.03871511384868538,0.0213829627188398,0.010884287552475412,0.03550192913724983,0.020230093788265416,0.01206382760255173,0.032015129338223376,0.04654973016092288,0.03718760616997714,0.020356530954984232,0.04216811619790842,0.0486183179079047,0.01616483449983019
2,0.03123187767035069,-0.01679671105128351,0.03918672327600432,0.0035696700080874513,0.04730435259563119,0.04782977099827712,0.05321943916324584,0.010261073968093226,-0.00919115400734788,0.06404654339254451,0.03681656883883579,0.057101375628996615,0.022885403595172757,0.02077149716312127,0.03938097072098612,0.028179091481522943,0.025279977909897312,0.004868022833303946,0.026046426438876655,0.03995473962283457,0.01979411560417276,0.02738834377954956,0.05400411760409504,0.0766867548040241,0.026436975854591052,0.051511980855056955,0.04006268426795067,0.04034589116426204,0.04799601658498223,0.019771167571757592,0.0313867742259674,0.03633666852521967,0.03049648110792533,0.02320901853900298,0.03743048514383365,0.032848149746499355,0.01979865935905708,-0.017148063693205685,0.039319706673161946,0.015864293668082813,0.00849455484390145,0.01835220252993052,0.04260235887741115,0.0013527434740014874,0.024025734538536722,0.04295032723904395,0.039795838202043715,0.034785483684457566,0.021492668892782472,0.03541574777427388,0.026233979971639988,0.03923418084791704,0.054364222151518385,0.03716360622054004,0.02120041897685606,0.015092749169642466,0.036955852528889006,0.018457546477637334,0.017771389133301094,0.03532236873100725,0.03202035720544589,0.04843233483992496,0.04231821098644177,0.017719005444527494,0.02804796997680176,0.03769431894722027,0.023708235847615593,0.017535048055658187,0.042347143341928066,-0.003123212880702428,0.025945129052412363,0.014715137659898937,0.04536518098099469,0.031943963566053946,-0.0016169493372174687,0.02663155471494775,0.0020541242561222875,0.0334862561089978,-0.017323850506254686,0.004182429190356052,0.0322180922195563,0.036021322900076126,0.027983472226512814,0.0003555346425560407,0.02639436274594329,0.029462739882605532,0.024256606879470496,0.023023095726338837,0.0025145148197822167,0.05539440548960814,0.03383100824840762,0.044019243534416344,0.04494161473849691,0.017585736657086397,0.030302610230700657,0.022677424154568485,0.04108250012204676,-0.01685532511210354,0.014370749212028182,0.018279769684854966,0.010797076073708237,0.03660596804885837,0.027008982411935813,0.02795919059601419,-0.001959252460105504,0.023760354620910654,0.02905587785616165,0.033341581101594166,0.04733680248926611,0.060246862339058196,0.03744612860271395,0.040944666843504625,0.04413308959030153,0.015842419677580842,0.026281006775768622,-0.0031126402427848684,0.06562420604260624,0.046220574970648604,0.029027802197103124,0.03263201376778801,0.0413846358000496,0.005333697057430763,0.018695591920484003,0.01591271544157492,0.047164877502401226,0.015395423287928488,0.02398144118076486,0.07906431118557822,0.008436387692251645,0.03262889196764338,0.03702051080438083,0.06856500958101222,0.03663090058716605,0.03534032636948908,0.04736242631971635,0.0030093211516029686,0.03449971443013474,0.05396555711795434,0.03222072994258165,0.04699208561850972,0.032270857777526994,0.022598321989862294,0.0561856373158602,0.017316908933600505,0.04632628865423127,0.015624680669348221,0.03161110012884262,0.03175120376519192,0.03337502036135657,0.037825270728680936,0.05334591173382017,0.02286557435285636,0.05219793186598139,0.022709503622679338,0.07467371967099444,0.013310032733529289,0.02222995840382227,0.018569046284760957,0.03618121626700507,0.02746710955487299,0.058303665760378674,0.0734684465635837,0.039908577442285355,0.016871617380256856,0.026577438301673924,0.06832739417973899,0.05290786290569799,0.05473373454879765,0.043075293391267935,0.06849766041862616,0.04359103974415371,0.009351139855755867,0.01168191149674801,0.04434325564004524,0.0055534343120156385,0.04930285425194206,0.040967105280432355,0.04305558435221263,0.02889664352942837,0.04889525355647423,0.024715009459864164,0.021592323976572028,0.007435136829910014,0.0493269440025561,0.04890733241457923,0.020147872035221875,0.06028155583308989,0.038433801927848524,-0.006621328718555926,0.0639701793960053,0.04500936291394265,0.03095415545989241,0.0067765925589157484,0.06318212772189974,0.04860386707521903,0.03494073633493233,0.02800023401937994,0.02838862284199817,0.03593920744544217,0.052788995294241095,0.008800486577312253
2,0.03560840255618863,0.05558908658830218,0.04156427856582273,0.022668678359640967,0.05657662170801689,0.055273755064617555,0.041916705192984315,0.02226932648902421,0.055495274378192266,0.04386233433595191,0.03072126526255023,0.05062756786968588,0.014611898377631157,0.0389592559928267,0.04885231722767092,0.043477654688745426,0.04449393070369027,0.05863374367243975,0.008153567289642387,0.00907358585176371,0.024234883545512294,0.00656658859793794,0.04329638230524834,0.011617071245777894,0.021928489327050674,0.027766505188076072,0.06177285175720352,0.035500604974226614,0.011940408126324454,0.06378012191058594,0.035250500339710215,0.06357482700530938,0.05462799106362066,0.06478818961440821,0.04775902256252938,0.0018470437839162093,0.02810851970616724,0.05062597095218848,0.03572285483281942,0.016052281352517732,0.026974238609783575,0.0612388574841959,-0.016018204143748695,0.06693508143656601,0.03779716105979086,0.06405320534135704,0.027885422105450006,0.011850988891666688,-0.006045755608733244,0.05537676148044443,0.015996741791129237,0.06562870394782902,0.03706634718351055,0.04495474943830147,0.0525918264805795,0.02997457438650998,0.0762570740194414,-0.0017869182966949518,0.019574315635196415,0.04238382845023143,0.034230008286020894,0.04609410999965309,0.04480791796986672,0.04817737850910426,0.03076206840881318,0.05029243889905272,0.03866197046367552,0.0020705844270099416,0.0350072768445781,0.06639344824037244,0.02887620086966708,0.04611097933652135,0.04194745150393228,0.04458201133146199,0.029841007871298814,0.055553383702057424,0.02431942174623225,0.041552976233205745,0.02111552953482968,0.01377235953242413,0.04909709374147388,0.052839958409492446,0.05851716489690978,0.051490975358667146,0.017918553699773503,0.024528527087035797,0.01611452479403088,3.15784653745696e-05,0.03919391629881327,0.03678786262816899,0.023520147594678936,0.027608930517083914,0.003058757306909708,0.06787393208685144,0.03460248866989925,0.018180770359662934,0.052740839120124144,0.024842718160701195,0.028888805453430325,0.03828273558186761,0.04771730598532157,0.05794607891856249,0.03262229153375328,0.00868752548278482,0.034331751143190335,0.01817327426381382,0.04448125574670633,0.029388487869148133,-0.008443198489992039,0.05821363750442288,0.051677254408531076,0.07576694998468199,0.01776935500248841,0.021988955339969092,0.06178366666328675,0.06559757102099695,0.038738709885239545,0.06250037149829522,0.04982213751345714,0.031887999052607245,0.04295537561549087,0.02261952931463298,0.046115097622925504,0.04762703090750458,0.044412305008585944,0.037585144486309785,0.02666528256372841,0.059154107210980154,-0.005076726004854974,0.030947584360433815,0.04476577823128249,0.04345413520860527,0.025751833392426617,0.05909424761206931,0.018941050950650247,0.01238131940559745,0.024347719474445813,0.06539643558800468,0.04729875778889196,0.03781779577598969,-0.0010947967325872568,0.0033447773270979184,0.04520760298828845,0.04341813436031129,0.059066925332526964,0.05658184723631965,0.05786344090427122,-0.005300594269469473,0.03867925782367344,0.015226435335141491,0.018191966274486427,0.06520855797625227,0.007506950255732496,0.008376811255259103,0.012314697154068983,0.024721200870726684,0.03838629342233182,0.014920457265147558,0.04922241830903907,0.023149859423287757,0.02335414640526913,0.05079324823244065,0.04605214408435186,0.03876054722326768,0.01748270149636638,0.03718783887196573,-0.0039194545236658634,0.04038054640824391,0.018374946826617947,0.0021391147499978946,0.04089838397039312,0.0603239520700295,0.028864902702333953,0.02923676973537839,0.016088701138005763,0.02837689804758865,0.023456818876926563,0.050462170516299115,0.05735593426852606,0.01627110431805081,0.00622755120138806,0.03383225011789338,0.019573611161252585,0.055304734218634445,0.047642501982038,0.01217501301867378,0.045583621469799655,0.039502318531326325,0.03240246796582475,0.023289330939877076,0.057532599550712854,0.05938949050314697,0.06374995983581086,0.0525089459934011,0.03841672600865203,0.03074111696119881,0.04865658832247145,0.030182128667316104,0.04544694079278128,0.04137235881867105,0.0357516529617325
2,0.034580841212927066,-0.0026717249881599986,0.05685532297655398,0.01631395638817048,0.01143186308561486,0.0438936936554323,0.02919099160920087,0.02836045583564839,0.019417238687603835,0.014779154598498982,0.038067262167261084,0.025718509414065824,0.03576752794018357,0.03794943267714855,0.01085597016856021,0.01672606285008393,0.027987261627508808,-0.003579796826449856,0.05269598159162803,0.013142194524502427,0.04140396383194543,0.005834593367260284,0.06889095908220078,0.05289331058154787,0.04448205236766074,0.03373594121190242,-0.003784886233731792,0.029348890520032717,0.0059301010790509465,0.014992052922707153,0.0312481022957411,0.06199649701344759,0.053831958310035705,0.04850887254519039,0.03512180611875452,0.05589405696353268,0.020120775134513456,0.0001627247363946288,0.025843785331667736,-0.004967563932882925,0.05007105006091663,0.033274491224931174,0.04498677586880612,0.015547638428295485,0.02321622095993987,0.05151214598012972,0.024333408193120194,0.038518971221087016,0.029298853084328398,0.001578323146949931,0.050204072055463636,0.044047528867955064,0.0313695157170315,0.06359688860663759,-0.006114828463768887,0.039645209478721154,0.01670037274888911,0.047985545424331186,0.033845370824138604,0.041602364059720724,0.019287826730328368,0.04484039593868746,0.04396246816488941,0.05375749415307915,0.024373969590102643,0.07183531379007263,0.007996322898781862,0.04240639166044951,0.05554888556007215,-0.002101616163937517,0.03400680820059922,0.04352711235259797,0.034137044074772346,0.015527247075924882,0.009041851459654183,0.051100899660083444,0.01150827769313197,0.03830993535373103,0.05345125079382629,0.03568152864724605,0.08935628704788263,0.04084341515030515,0.02169990819714593,0.03364091373250527,0.013446004630386595,0.019276625178662386,0.04295855286387046,0.06705724783071729,0.06148949795841121,0.04743609059394463,0.04140092498302906,0.04039291956615809,0.03615258638627512,0.03207724977903343,0.03447474572680638,0.007239462005694721,0.0028776094375140004,0.02564585306345899,0.03080775531271056,0.03877355594512118,0.051368651652094366,0.022206033516554327,0.04360476407678168,0.021665513816089915,0.026784712276548238,0.008041336257550914,-0.017920382606149844,0.05494952462911851,0.05114905655224793,0.011731479131526192,-0.013010384629361667,0.0993285859098584,0.08737281521588958,0.043535291750114585,0.05346970482546212,0.02270635165557241,0.028371691320943297,-0.029754903914046574,0.04549113404882187,0.04223659250080186,0.05225470822783747,0.0503394552243937,0.03124658528654825,0.039534797675604895,0.027967391944384388,0.04154610180734513,0.045071446869965566,0.0716297312301643,0.014892627625798231,0.009306010663627011,0.04017083797236447,-0.004832833765799072,0.02986230937884913,0.07925162785880469,0.026694975271230194,0.04598682908536012,0.06107387893918172,0.01689250140988771,0.04528321926596979,0.025730544734255657,0.03774346887861171,0.059221160660961475,0.0098822759856424,0.042831707127635114,0.04715138704014427,0.02471964787374329,0.02073280586721905,-0.02344789349692672,0.0685550005076346,0.0495171871911539,0.031256927317534704,0.04308884029299728,0.042226696388599,0.0566112798939822,0.04138575467009566,0.06202142406012505,0.025043652460573447,0.04201804470400139,0.01658969064328178,0.04427515898275937,0.04310963344324311,0.06438595464091645,0.02986073206844737,0.07779664638166653,0.03903760009915869,0.022732938004729097,0.008228105092937397,0.02921282941665662,0.0027966881556213893,0.03208563192730318,0.054025397180499174,0.07640625851319618,0.03175847386732966,0.04257086895215143,0.00422533669231262,0.04329106897174557,0.05658427962733687,0.04742849676230177,0.062196239729667986,0.010828028170783807,0.033192941914382726,0.08689888446038013,0.06459621436408146,0.05576333046533649,0.03368018636566502,0.02244969468899312,0.018136888753299184,0.056683149769082446,0.032684713031362854,0.03461522548437957,0.07698785169402766,0.010652269802040312,0.008052127914262575,0.03689771999230031,0.017403835898529195,0.036009768232292,0.01605179541347953,0.04246950604834141,0.0363067168322441,0.048465022607297285,0.0400987776722921
2,0.03590426435011744,0.04352894857214842,0.009118709175751586,0.05228320518553207,0.061712029944465625,0.03859551084759814,0.021519069495752913,0.06508814822511229,0.04808831254859067,0.05714814914944664,0.038526422328876035,0.045588052632698786,0.04789866629334935,0.06404790687030025,0.0877771845253339,0.042057359282527046,0.02500048171388982,0.041507429874415865,0.06526585499412849,0.01964554727389975,0.009973203080461703,0.034978550506720316,0.06374877684272291,0.059518627597624975,0.02846470738444152,0.04608808143569637,0.018029863630738406,0.04482720638849589,0.03532136526872023,0.037629581032141965,0.0459072082585334,0.003474989820047819,0.04642010558509382,0.04053307846110866,0.005439983568520483,0.014039916235144004,0.02162942553800945,-0.011843178225843048,0.04542169511903331,0.05926528350980193,0.044633041134887724,0.05738917388774926,0.04918092649701225,0.03447242466106593,-0.0013446706659266047,0.014759165800097465,0.0552488901066059,0.042518335575387374,0.05008281353953784,0.0217386973309178,0.016359075027551195,0.029616117097648054,0.039072172062153236,0.02548992610008301,0.023667678072586754,0.03790483378896379,0.013918015161811056,0.04974610689010016,0.010422013854194886,0.004984322197860082,0.05284599251455327,0.011805648568822436,0.04152362315281823,0.04240724860921685,0.039514313271746565,0.04505005262404411,0.04945307822572245,0.051752250470090244,0.014916564139430755,0.015459326781823827,0.05440044937948128,0.054785199398185755,0.031913780444032355,0.06363260132797555,0.034012324784382104,0.05633985357452682,0.0333629856968065,0.06607450341328015,0.007500905086751216,0.0005691954276717329,0.03311219838973291,-0.014621461194747408,0.06378159097690045,0.05720445460177423,0.04562653985636573,0.03592503520990169,0.028275658409573377,0.04540805733632404,0.06653313493956009,0.04091821933131083,0.014035443904394877,0.02594746126457137,0.04567387804082591,0.02048931880110136,0.0160099959210054,-0.02259048778170166,0.03764806425855491,0.013814124476329546,0.06394177515327852,0.002085683732105499,0.035919899287442957,0.00022040370975713597,0.03844923482848202,0.01828996702179876,0.02966814746020878,0.026875853564108845,0.03599133011290457,0.02449121544185863,0.04811764160429152,0.03683848207061974,0.0861099935501975,0.04912568505067135,0.021843681397337823,0.0444693927005855,0.07201398981783814,0.04579037447435447,0.05389577871430711,0.03609038827459181,0.08606664742735814,0.01420205597812925,0.038325315042106095,0.007420326110929725,-0.009719715942816363,0.0350909736990953,0.051972054113656685,0.01722351105869297,0.06221058084245204,0.02913088231618812,0.03273450645946552,0.014654947703968111,0.021349649558014147,0.04002831672675926,0.010396871658079551,0.06802482952265715,0.01469438514303752,0.012004523849300515,0.048491246615343694,0.030752520938481603,-0.01056606055881007,0.030225513254347334,0.0397398792675111,0.028164432797341918,0.06208272931076186,0.059896019326565936,0.051569542536090224,0.022883927881817513,0.051836409829905214,0.04582557199605108,0.055996136900927015,0.012201420473621622,-0.00030639765306248595,0.037526832494302956,0.037241481016533344,0.05809989175690895,0.06187921471564721,0.02444294155968093,0.047750678249351204,0.023564977707077425,0.017271175267520807,0.05436615373385792,0.004231421994415806,0.058595832471781996,0.05867848279106482,0.04071976095446898,0.05032990071934498,0.05757105559290136,0.014549357553615899,0.02214300109900693,0.05564817735452392,0.04698572472884787,0.0437917052866848,0.05382714229817129,0.037126664882547775,0.02544952288017304,0.012987807882246353,0.057296869278273044,0.02771864347118879,0.04475513731353914,0.053046855643213,0.03398525013291781,0.013669210232632796,0.02212134747568103,0.027842454317024753,0.07356059326683037,-0.005261795942610677,0.03079860324966662,0.021195628456990617,-0.013081588082509386,0.09306333578604126,0.027665522554091326,0.02734254652163687,0.043575976349162,0.021249210668027,0.035609584260540256,0.03372553249849815,0.02758828757103513,0.04895972476798109,0.05289085626046383,0.02509588325132369,0.0361690552187165,0.06702312663729044
2,0.03481017215759398,0.040079805300553835,0.03277875686857693,0.012224681152355112,0.06286086869942457,0.015082700541106584,0.016737538180777625,0.02328153545752934,0.019692618897927564,0.011613049619242914,0.059969146107554244,0.02202058683318062,0.031447414259684586,0.040151458199964726,0.03553480184163789,0.05448211631581188,0.0286336500315239,0.04187413752156141,0.03072402320861848,0.01011898953244797,0.05253504603352942,0.0018661161102282858,0.0230215222405694,0.06668233407594533,0.032950921877118095,0.02256724928466254,0.04463488247194078,0.055905072283396764,0.0003807994077098739,0.0441958899115692,0.030496767066525227,0.03575999859342886,0.07156533944252401,0.03783149125443605,0.027682913604702073,0.07779407145038333,0.021897536544006918,0.049007052732362555,0.031168648864473663,0.04707043572600263,0.05992832332592052,0.04758076270311072,-0.014686853698628474,0.03240702048553612,0.047654232312735766,0.024237321387533997,0.00722749218036095,0.04234920300229137,0.06472954983779285,0.02084980604232737,0.07653207214363553,0.0023510470639931183,0.0390785042056166,-0.012574567692669132,0.005549854571516664,0.04147682356494209,0.043506437961039465,0.05306976982263394,0.05459865477395864,0.07245371920961868,0.028668178977939822,0.008330814006436264,0.02636997211302115,0.041639732339012095,0.0036336884739245623,0.062109330146103855,0.020963393327876292,0.027805892198578534,0.02758945205558893,0.06125718667312503,0.06303967625127661,0.06786215616688852,0.0377298881361578,0.013496466593697434,0.04385203252738,0.01032582271123746,0.05037347206954139,0.03860935687707292,0.021110134878167895,0.04484812084905432,0.07200988198619368,0.009907173963491774,0.03486597884166332,0.034262678343114264,0.06403382884394129,-0.004750017843971867,0.017135278005726423,0.043574488880309695,0.012575145802531568,0.048943987928969236,0.018548426533506378,0.019422925710542757,0.0067048775442138525,0.0201034729487744,0.03160624229886171,0.05794995962574043,0.014453862421318197,0.07306103814320744,0.041838239265719904,0.02955199105432695,0.02380332659897156,0.010946437732630574,0.01852118548206621,0.024828059212084502,0.042280900505872736,0.025869109868647225,0.051549204710427246,0.026580170250583363,0.04070357872627161,0.027837849234852333,0.021058207296104824,0.01569946402200309,0.02540995359592215,0.03456556838916803,0.0024389641920241345,0.04818469474246582,0.041517742876294575,0.06360373355803146,0.026707307322927594,0.00736373440276588,0.05095829755471258,0.033600558620120215,0.07170811259475399,0.026436837141928966,0.030951006906508767,0.029271667721244548,0.04176572530946019,0.05565423070227668,0.013666776444639102,0.043388559441728355,0.034821658538456104,0.028982593501508707,0.02008526379633893,0.03310751348354669,0.049440327168696334,0.047978560020352154,0.0623094183264324,0.028875721780949992,0.045437137897639306,0.042638543505736246,0.027271306403396763,0.07720945886509208,0.03335888297730175,0.04554114138291088,0.021997152572959294,0.03935568427073428,0.04331423816040149,0.020172389377452804,0.058442920181268954,0.02950085663646084,0.014926834184928864,0.025976631847467565,0.02949402878147463,0.005678788261864853,0.0032750266846902076,0.04385217187264706,0.03530938211292409,0.021215273218340693,0.080725227571654,0.04432723069334242,0.03668607923271908,0.05584720605425382,0.047070260526832525,-0.001453815663341275,-0.008176951717060753,0.02592295941906149,0.030373848111207448,0.06183308945207825,0.0358783040219435,0.03124550652458004,0.03339091254427426,0.046903753894852074,0.023823010485358204,0.044873395405697875,0.024938536593083774,0.02982845608130659,0.06304335313179413,0.03609792428397449,0.07197627035256521,0.028709951355234672,0.01554744836867817,0.04439611968778387,0.010369570084435727,0.016766969004168505,0.04393909674893294,0.022475413579467966,0.0349107442297384,0.06263695220033674,0.02470704403997779,0.05415440943328794,0.04091809479437565,0.023939637218857994,0.02941488327143972,0.03669029408875855,0.06250993509614111,0.03172373988017996,0.02734469950622362,0.0394211347165663,0.05349556177890772,0.03734041995901952,0.04097251608811963
2,0.036517510805630954,0.03228429615854836,0.017270167023545537,0.048913001985843446,0.02729907153643864,0.01466656696834744,0.037617465216955547,0.034912465022135124,-0.020140524802336586,0.018861499110903346,0.008436029977292554,0.04844395718922459,0.09470817073458943,0.044703539543799506,0.05870244239740824,0.019916431397095327,0.06554099060877586,0.04303763070381114,0.05246363366645416,0.04336506343089064,0.02707497799457284,0.015293800240861504,0.030637098267826256,0.030465598111223055,0.026090366414665042,0.036143718504102675,0.035637771101065516,-0.0015214912024484675,0.0006093686527312708,0.021876446245101905,0.048744643780227415,0.031098304469511763,0.03288007646481744,0.0545896950194098,0.05917986471088114,0.00019224733018333856,0.010611755988711315,0.03520947347954889,0.05509879055100612,0.052180474517024594,0.006258248830769076,0.07196375530222424,0.035024764121223524,0.005167642446383562,0.016196518031484242,0.05198252245228195,0.07622402693005151,0.024876688578895426,0.003263615753577427,0.018782363665234645,0.03122772819663744,0.037717476683553505,0.045188754642688136,0.01586538650575344,0.06149786094850886,0.047286550517042523,-0.009944027500866912,0.030083151442204355,0.06020964124779111,0.01777295421458064,0.057395569947129146,0.024890179616515754,0.018552714407951244,0.05765126243183279,0.027751712766431933,0.03819681938881209,0.04986278838880992,0.04501207510216891,0.044522255372773226,0.06787138486434646,0.03874288103542551,0.075187248086362,0.000543992899597126,0.037771552773281855,0.05057653700946753,0.018608494206093402,-0.0007431727391919996,0.04348456153673556,0.02438251041527825,0.02301817249981166,0.02801264110471214,0.012572190881818022,0.05905582750029453,0.042421952981823004,0.021607467685584785,0.031751697949658174,0.049381726138604295,0.03108374715017055,0.04707598166758038,0.06737060000487194,0.03564499542641372,0.06444478489022096,0.038554973183939294,0.012447567112748196,0.059012986451751535,0.030888796913462562,0.03811453024730291,0.01681803001229854,0.01522530687439452,0.0067251172260482175,0.01052943714451932,0.02208331144272677,0.07060070745043079,0.029099688643797306,0.05112175662902815,0.051801550634314686,0.06344428940682337,0.055506447378737736,0.05434415830618204,0.04976075125554238,-0.0019915287370924697,0.022908629075790138,0.028792579535497603,0.06717239466416908,0.03375363099696655,0.033446526264239246,0.023147225809140255,0.041242472885677506,0.05110124786547372,0.07013894275133228,0.04821272801742048,0.06226315504159809,0.01128885593900527,0.022136690942375848,0.03604070458542237,0.012097615592939936,0.016974927538530103,0.06062067736186442,0.03625973881906512,0.056529651034328235,0.02642992494806101,0.033910003404267794,0.06509099353152878,0.062460393253977314,0.0047414687791484215,0.010028898747852465,0.01791808392129242,0.03835860316496883,0.05734906935942101,0.059102651117051826,0.0440338197936742,0.04336459593576507,0.038568955317546026,0.030129375074101822,0.030148075365069756,0.060437318018808334,0.03111399479627956,0.06003557294297487,0.03684205135075414,0.0222164431253853,0.05157662751618269,0.035819312404291107,0.047563858792676585,0.049811896682193844,0.002258699122505571,0.013114403540138018,0.03223226455106791,0.08042650564125048,0.04423806341323967,0.06852682684090047,0.022187183118688877,0.023930814526386956,0.01648914923092923,0.05069384607103106,0.0807381631799218,0.029629848639412527,0.04179173844848791,0.04823391987146128,0.022208744641606007,0.03792296359448265,0.04117032879552129,0.02261533825656426,0.0146046518245075,0.0240962715878648,0.03622392073919021,0.02640164359970076,0.03195375580558975,0.027123475926607986,0.01926966567836606,0.025666474185529475,0.02174471788201635,0.03865412295713558,0.047066028311871295,0.053093799804696,0.06705809669721224,0.06276067819937166,0.03626023189160714,0.02044122189155172,0.07985719483050041,0.0486227042370951,0.03468838117392968,0.0133497315705072,0.011835918048350259,0.01219842389552751,0.022954063812867843,0.042753492099787675,0.048740820928412684,0.03942077683965599,0.05870975603059808,0.06440305321352138,0.05642837142580861
2,0.03301802919990621,0.027983360229217907,0.04933027718180753,0.02453323717116145,0.014112726520292843,0.04774678189872905,0.021619743733012564,0.03319276460324465,0.048967167051542346,0.04330876603909816,0.023690213287201042,0.012271358895886732,0.02028187359805493,0.011562924141079317,0.03492067759071987,0.041060055577653146,0.029788440815650626,0.005169931655599005,0.026385693183030155,0.06572302986622838,0.047740851585635374,0.034570448610837315,0.03552264271170178,0.0363982789582967,0.04802750536057081,0.03711421951254956,0.00770497985852997,0.041222177486902004,0.0632472915853444,0.03670143842933988,0.0333271215234805,0.006328096014524574,0.02646332104879038,0.04437630640948145,0.031139174338998984,0.04627643217033914,0.009781495592356648,-0.01315966315322175,0.0645813698865858,0.04933431062938922,0.025332929922681872,0.06691796459858063,-0.003494010283675887,0.0064037949507813365,0.005883651546750676,0.05465623727282157,0.04448252517559927,0.03480617059627836,0.03346276745996025,0.018893827397102596,0.03986291792797824,0.04239483878114221,0.013894214142266013,0.04154667722367512,0.06354919611442504,0.014892636439183628,0.01803538892839464,0.020619321246833532,0.030792415628703815,0.03594775580518464,0.01051103369007331,0.011540095169211229,0.010466928652109419,0.029717798351782676,0.04292020036323011,0.03786733987425713,0.02522692921285171,0.05425349041514299,0.00490004832163133,0.08596008812759429,0.02678176226265719,0.013279698352080642,0.010601374840124436,0.01892065173615086,0.028549988295115417,0.012260460297742932,0.039988462381613965,0.056475007672887094,0.03584146781136973,0.033749521900981405,0.047298579459524426,0.03522356598045212,0.04375932744244876,0.03636183398329681,0.028468763636885806,0.05175006922060581,0.07124164608837215,0.0376085704065451,0.019814486149708967,0.04922492057356129,0.07190558610558584,0.03124743728904054,0.05975384380008075,0.005562047146729539,0.027412590317564177,0.023396478551784235,0.0513410724172433,0.051568871255992466,0.07560624861397888,0.030195290974258264,0.04960645474988871,0.033475308128275115,0.015360030088607236,0.02889817796994785,0.03652111446570301,-0.00251563452340383,0.028159229110345206,0.04204872620508347,0.042125607936317144,0.0215152178263281,0.013958513149791203,-0.0022609293622548043,0.06942517960077312,0.021707419170456353,0.041039796784374354,0.07585588379013924,0.03891496040153623,0.033081122198473124,0.009793571820530509,0.02217845901774928,0.05548600211216135,0.06861692342915285,0.041410517000984685,0.04928850048913096,0.0027265984870523396,0.00957236686340789,0.05503604319638021,0.027849787712018674,0.014047862188154209,0.02493713233685642,-0.006741247251577424,-0.004629124146196026,0.035645961390679576,0.07171027630143305,0.035145561796831426,-0.004761639397683225,0.04821919799514466,0.04741037655855587,0.03530484375446833,0.02337771909048962,0.060774226158569034,0.03556609427087688,0.01726129810568054,0.013504679823745022,0.027863313383436786,0.008321734536531122,0.06678124531692906,0.04258384260989356,0.02307184643677522,0.006501825742707277,0.015097570829892028,0.07428418994866567,0.02105199472703766,0.055774484808120015,0.028624712584626448,0.0535983726880406,0.05107044407353545,0.00886333384537874,0.0364881422153517,0.023726693877051383,0.01896946239000214,0.04903712863533754,0.02997566277290306,0.06839709038311567,0.06008767179450152,0.022872287052448446,0.038061118907185845,0.024812730667520128,0.019645028585200803,0.04081794717337879,0.019361708799450088,0.06063124812495034,0.010637716232608167,0.04739956079662765,0.04422608763214414,0.050715145948302065,0.06192971322284301,0.055407318308030244,0.035704276769840566,0.02999796701400724,0.05234995882688093,0.0017341167545019756,0.06172473737538886,0.04831348827471853,0.01292234053653104,-0.0008513416799952669,0.038808376732860084,-0.003195496968602052,0.010297520908928954,0.0212213684348755,0.049057494638170114,0.041339858303562106,0.014631372403491352,0.044012109003744526,0.034362403718558344,0.04406365594971871,0.028017366078089165,0.024697357414059685,0.03959476912831982,0.015339584100329786,0.0013443948011856097
2,0.03350674756817939,0.05832170152001162,0.04182299853670896,0.012600536666924726,0.020687438957326436,0.014512496426592879,0.054205949667496464,0.019249213919493517,0.08009603735190926,0.03419109917361377,0.013551734488483968,0.037777237798951244,0.06792806514681492,0.029358209396388894,0.06158200038348352,0.03435856209923162,0.012603098252189308,0.023641913611074983,0.04390983349032472,0.04531528327761148,0.04036166645600252,0.059411695806320414,0.01625034218382278,0.05415352488602962,0.041842897127558024,0.013283787590526855,0.005701239733012686,0.039794670203138025,0.06022169916255747,0.015377391283830921,0.04206528411304191,0.03383069855827901,0.07211784229516284,0.036289278361606954,-0.01629232288236656,0.04356782255709979,0.0378509611358694,0.02230342466111275,0.04881532480379429,0.0177970146540402,0.02171622647484035,0.043438466421365826,0.022478440406323633,0.0015184883809576527,0.016322368886382128,0.04377033384543321,0.04529238090534785,0.038732482685733295,0.0439959678312906,0.03777874958628647,0.016148804105557243,0.019689065798538016,0.011851195523196675,0.0263339878619721,0.05997716630815274,0.033228456673047344,0.06131628794440694,0.051193207477993635,0.01928421167212827,0.03029609425065647,0.035789639515100884,0.0352046622845001,0.0464639314178829,0.026065729351485746,0.0001074471053640752,0.049465298873550605,0.05733410059308537,0.03190404884653051,0.014401768254248718,0.002190627256010956,0.026090388373431535,0.05267308318346957,0.03647052646309948,0.05174717530686969,0.07071996034022973,0.06749936939906684,0.039930866428975864,0.03367052503321465,0.010416724532459821,0.00015743467023079938,0.03483849737107666,0.05568114573365372,0.04880867524569643,0.03740043852424762,0.025462278926376473,0.04300275795490092,-0.016944218382619815,0.007894273630717964,0.011310163873168175,0.02199113770146709,0.04188031352566482,0.009196537630960157,0.04387194013274081,0.03487151389753411,0.00778351081685737,0.051833829201966185,0.02131072366657437,0.048204779409790094,0.0648765717103102,0.03625883371401014,0.060812646760374095,0.014870844214742048,0.030885806632027696,0.04865057061768982,-0.002892802299333634,0.03315532126973046,0.0557140492724534,0.025220027536388693,0.047838101311280315,0.01952951955329407,0.05203378728062184,0.052268964032385255,0.004549084946598496,0.029227311762086938,0.014082110296224727,0.036367505375191074,0.03765882867038023,-0.00473454582951352,0.008494258328368198,0.06724517023489195,0.019976587024767626,0.019827562748258927,0.020234484037308337,0.03934657113840088,0.05383161378301442,0.01986711826239034,0.06423753714040668,0.03974866419506031,0.025923020113796005,-0.004428298239753291,0.030107998800320133,0.02664068044722326,0.03667002265221062,0.03376097605454111,0.01906995832221745,0.04342940553052448,0.025005886592449116,0.008702902530010291,0.01193829599584208,-0.00014230017532525924,0.054681677301834,0.07507733338552999,0.02311259742408857,0.06179727522407408,0.033836499066288994,0.015838755036457253,0.005182054465028976,-0.0014322867972449693,0.028569743146601313,0.02340263832894015,0.06362244295406906,0.030734831550503744,0.017221941767285386,0.0575782226466285,0.036237815771756866,0.05016232075482551,0.008701867191477659,0.02879526035698051,0.010958964844543548,0.020003252572575833,0.05221531980652214,0.054333229221675286,0.06101071118984664,0.01326206143662657,0.04164069407300862,0.024943571610918116,0.05091466947611867,0.05486262182199165,0.06321708339522104,0.01712056622196138,0.06142620603837397,0.007350335863869219,0.019408589907540703,0.03524302045428746,0.021399864481394026,0.03939896908848132,0.07672942874828417,0.06056815700457106,0.052901250561929694,0.04185987138631795,0.02675375934766726,0.02736850270769032,0.02186426179368936,0.01417148089501229,0.060808242481079064,0.059779581026374054,0.009440596866894628,0.02209392107230839,0.06866150189654185,0.025677336012670682,0.028908246071087943,0.0006264188723612146,0.05125832275197305,0.046812658217190495,0.03593506645610176,0.04248324569875853,0.04075988286319192,-0.0008013144128030947,0.03692952279330456,0.006675669917356148,0.06387088719811292
2,0.03515071226088855,0.06836048754972625,0.017073710202641975,0.034280991660880805,0.012513596368190442,0.0427358755635443,0.040573584391055385,0.004802463422227701,0.025357311784941775,0.03553431061786232,0.05464594179483459,0.03002928573832456,0.05115135386433915,0.020048644221627228,0.014784742361389675,0.04895915844588121,0.04543219470555301,0.026160304917158983,0.014215883882855381,0.04420555439382193,0.048865503907462804,0.03412764499396606,0.049723533780153505,0.024223520214038397,0.05452102440947783,0.07171635634125119,0.020650887106270166,0.05115604981975426,0.03392536029407673,0.029696035811134933,0.04564169811228009,0.03370747722167986,0.03462426739220968,0.01071677642841384,0.055807632519469755,0.01812058027759289,0.027719965426058268,0.03310227870792856,0.03899078952721998,0.027057625508232853,0.03554544213958658,0.045843160806700846,0.07801594847455448,0.021240308245368884,0.007681318979033888,0.008805373336573386,0.04342759430557193,0.03381808790775118,0.05756673538974871,0.06365278735770133,0.02781304281427419,0.05713304250977432,0.02573956970986139,0.03767902618537994,0.021104644106185472,0.0033745702315338758,0.040328980456158306,0.040132401941725473,0.042974583412575276,0.024974966152581324,0.03249080651519233,0.012661944553738928,0.01395541460523763,0.051323110391507526,-0.0004257096268196897,0.028607607707942538,0.044096070604015145,0.032137715632229315,0.06686501213802054,0.04283076461404843,0.06283535936625965,0.04608055549830119,0.04009026593106034,0.02316254614234074,0.05433489506261238,0.021761006429316852,0.06724435674396627,0.019619101429497098,0.01308630959927554,0.013870012077105035,0.0476526467785639,-0.009214555378365262,0.026129955654841153,0.047266164077474485,0.04304136061923926,0.03490958869588531,0.022819457009570124,0.03299259327104893,0.012351025566259596,0.025861605848652228,0.059374504377411014,-0.011906821254578606,0.01816554786184992,0.03777475984942135,0.06535923615434702,0.01996292541041224,0.07090075141161237,0.02692482357119008,0.03059528356679815,-0.001043462659754378,0.014739313560958756,0.04101308139007925,0.040404205040045285,0.023558536017567362,0.05975233845146141,0.05293608992703252,0.008171699296744592,0.033204338385808115,0.0356423872069054,0.014863371965630472,0.04995648403327057,0.02622149368796152,0.032177258163565106,0.05288110022301539,0.010322907305019498,0.01796058946505529,0.036950804908711596,0.05033248802577979,0.016999014231162908,0.049695240113230274,0.05062900290518507,0.03626267892595156,0.03312336581294768,0.03343951850311067,0.056886332868764156,0.014533556871446203,0.020663872494008452,0.016783009964074735,0.055767517122146684,0.05140591209857816,0.02274465448364025,0.0427490537363085,0.023267572794019118,0.02311627072846288,0.07131281249277246,0.05294175593075166,0.03286398954923256,0.045031506904183144,0.05948050125847331,0.07050408086739252,0.056917022183612685,0.023734313558871692,0.01040034406112431,0.0203433786538351,-0.0033121207736375446,0.02488297442665348,0.023932040929345207,0.06464886361521927,0.03475672773230272,0.025236851483435352,0.037135861844197524,0.06913047316693502,0.03712694774434891,0.05034412894924693,0.06588477597184741,0.01608511590832162,-0.007821321282075057,0.05673156115141843,0.03712531839535519,0.0029288468639752513,0.03300058236234865,0.057307814887331734,0.03308282910902643,0.005559819419816963,0.03846276531275592,0.004867529700976786,0.018543889581310223,0.02591951661631886,0.04765957145455594,0.012237586406944688,0.0249636382691974,0.057780419427999385,0.04150801873291987,0.04687401353706559,0.04807446123616007,0.06352171870889047,0.0375224243870879,0.04583522840397457,0.003664376731139056,0.0031459660009621263,0.05100724251933167,0.05175584222811648,0.033379993482131325,0.00033105902852158947,0.01909519378864949,0.030630723557275856,0.04736535487159538,0.05789282943843283,0.05926268915530056,0.043751272228876516,0.023663720009338887,0.038286277571370014,0.05242052371223682,0.05126349370361534,0.06264240982181116,0.045657608279582124,0.051109277050085444,0.015206068107107309,0.029907419656935986,0.05403859615401903,0.05608435123690925
2,0.03494737857357493,0.044053287005666325,0.03110738981403449,0.08535609303719235,0.019558478027364087,0.01954103477598735,0.031803509065634825,0.04479181062699572,0.04642472470990713,0.014624278145516076,-0.002788717887686802,0.025918781068793605,0.047985939447668643,0.018999183691445508,0.01766379619392784,0.02911875919027773,0.02437241029007148,0.026683942525547004,0.023878408280316482,0.0353131327739764,0.01730028041724906,0.0668722603626642,0.018412159701133378,0.006248776322923588,0.04095453357885745,0.006351009846432401,0.04916249120495466,0.03681017190035401,0.04101821194152567,0.021705755209083764,0.06923291585422132,0.05360284834325318,0.056878448081752506,0.05957826893996151,0.013032095157808132,0.03281684318689818,0.022824200395163433,0.05763204250316002,0.054724684736686374,0.06131744472206851,0.033461654037464955,-0.013966849242283516,0.0739287216746492,0.02034303077908966,0.03163468422824765,0.014755038858710011,0.026708247137437014,0.034310394480366845,0.05198895309432588,0.00834500775844112,0.01434343810904086,0.018545538401513576,-0.029229558910480374,0.0010145479047694583,0.017648208722300846,0.020078150724999994,0.06138138206960548,0.07237294768722488,0.031245456669941305,0.04771150391362753,0.037374962647394136,0.06071224663825459,0.04090800255065308,0.0016161427267390033,0.03817014228802792,0.03934253309108306,0.053401821487213105,0.005789444727665769,0.08464016500132479,0.026242296421979835,0.056392720632307526,0.06060407996239851,0.014163501808375292,0.04745039771205423,0.04915405437974983,0.019635822493307364,0.004560078852819772,0.050054295035779135,0.053525618466404426,0.04375533201451914,0.008871176740429261,0.042632658584572214,0.016726905556455455,0.022330809295186,0.06054004503426533,0.05108363865432046,0.03288015022149419,0.055915073390166034,0.034204634665258034,0.003580293110747937,0.008861947680617141,0.0076038799392998645,0.023400868461901196,0.05479958861292147,0.014063880210546019,0.017511682579529887,0.027122017197953388,0.014455981223000933,0.024716889547443346,0.048915474671803225,0.03029444713510734,0.043338068388185325,0.08611003945187007,0.008955238876335567,0.0311596965477462,0.044609619648134764,0.05239565585295321,-0.014536398550192238,0.026059108070664395,0.006930597544067319,0.06726464269734883,0.03316962377639252,0.05875473901565523,0.03873053160891482,0.05194992896780811,0.033438939249091644,0.06638924525781995,0.016744059275405954,0.05849445291710664,0.025077222109915073,0.028849409312593728,0.028576479759204968,0.004115998534942173,0.0006897342659607092,0.037615150694110484,0.04738874709259289,0.06776162474682293,0.032061498674857865,0.04681789839840558,0.007188322116208852,0.05895355278105697,0.017995166663049816,0.06057445711382914,0.06303522121210124,0.03797026421945925,0.03305277370299975,0.030709327425298062,0.033306578684010046,0.014521818864175098,0.06909056363632726,0.04132112339158846,0.012178294645438618,0.056555027158089306,0.016780759846542224,0.03835299594145681,0.07162453608104019,0.03708213908984333,0.04345040974143066,0.02980013838112318,0.05777336659351327,0.051562990154892505,0.03230688508766874,0.04522153638750355,0.044542736011383526,0.07395387948637891,0.0314124742396089,0.02937032733292267,0.03414946706776541,0.021316275283084763,0.03933786016581864,0.026902692901118623,0.07061726072754727,0.04897135232939359,0.020943065326200015,0.06292721274026794,0.02052226711317364,0.07378071509781599,0.031181522936930245,0.016174375956477537,0.03310143708382082,0.020716219771743087,0.04397495886571398,0.004820282563343388,0.04412285413260658,0.04825527698310786,0.05591322770748594,0.0601180348839877,0.04173651847193801,0.05949341413296699,0.05700851280333489,0.001953956384256321,0.02189075915405553,0.017094956942749907,0.056008765525488315,0.07938117970021938,0.03280932683917897,0.05150111045739132,0.006568869749356141,0.032048366803993124,-0.007044146856079604,0.031087732816733313,0.014773196476416822,0.047732922730446034,0.032589599120434035,0.03762557592149305,0.02375718965444716,0.043053761392544077,0.04021820190084183,0.030142306187808398,0.0038104026923727295,-0.007720224837306784
3,0.03676758047514388,0.05738407096155841,0.027737021386554046,0.006800649811769446,0.08779143571850391,0.05046629507018132,0.026732640922757137,0.06651316433263785,0.05033303441873889,0.05043193031633071,0.007142505628498531,0.045181949272678865,0.04712705291805406,0.060136516566711096,0.0208714026956599,0.028407227587023416,0.03699128039931425,0.004551225393481219,0.055689281495504055,0.057093338823996934,0.040709969999587085,0.026183021099251656,0.048447750671205714,0.014169225812687303,0.03202196731693814,0.054845131363020265,0.08030447214555098,0.04469876021324473,0.05155271459557992,0.05198364171440871,0.0396754533582852,0.016612314447558358,0.032030681736898554,0.02563467736067769,0.04634796755898361,0.04064226708723275,0.05962653144362032,-0.002271372062677038,-0.06557967581594293,0.05511548422565531,0.024970225571939772,0.05806715392348972,0.05820038091150612,0.049843515735742625,0.056595692040048856,0.031553727332416244,0.050490275240669735,0.06024902624060878,0.012081745307404312,0.025890615592078718,0.005011855818930724,0.038779378849145195,0.04756429820670122,0.030316628828852946,0.03258584047097551,0.04496765916109166,0.041485549861881944,0.057110638307538375,0.02259146436072059,0.030836548644429047,0.04891881426188217,0.038180720669596574,0.06173141205828135,0.07567095668121729,0.005932949244572661,0.07098979265690972,0.031569901417065636,0.012813115207209,0.06191619288988673,0.056305801748624165,0.047848509353469,0.06954637055923651,0.02000440389894758,0.021104860570450613,0.020679510571322366,0.031861893630043985,0.06464154142383469,0.05201940561711384,0.011170434230160592,0.08303528439734432,0.003920983330370963,0.037484856452120054,0.011718916972929965,0.07748493463632386,0.029680067080239972,0.012841048749803543,0.01027409722482251,0.018588634114705634,0.04448492514904211,-0.01223881092199059,0.0380429885588935,0.022100457709318105,0.004771372215217652,0.031024287934963705,0.01827040446022503,0.036294315088670995,0.058385454697283734,0.020246084662175205,0.029998505548898415,0.024461723678556625,0.049469597793790954,0.015635978616127193,0.06247416167209961,0.05121522815425271,0.04637559346617177,0.04770674657860233,0.06768238411315516,0.040479061881654156,0.041442998186716325,0.06901254818064956,0.009183706597703279,0.01851420853536167,0.0012106397200947888,0.0513553144792179,0.004616345374675923,0.04050488170836785,0.07730858675234256,0.08107867140581457,0.015567883147103622,0.09382409010858042,0.029073295263226523,0.030397265340169396,0.019091319217376394,0.013974919402107839,0.02684859102777639,0.03273698514436246,0.05333892087097947,0.06755774909070494,0.05750743100679618,0.03636284683867012,0.06259380457603472,0.0200217440767586,0.06750713344969421,0.06708646572371141,0.02733649067737382,0.022441625338143412,0.04784863663513126,0.032398064679839675,0.0168285577361698,0.0016647201869645772,0.047017907113032,0.08640937487107528,-0.025192186531295686,0.002821351806732285,-0.01012832239556559,-0.003019847500913171,0.0023635900871074728,0.023525344314488102,0.02460990093011221,0.004851741086173526,-0.0011112912427766047,0.018714830110025827,0.005743438511449019,0.056164974865604726,0.04057009009751943,0.06352124417944871,0.049818198167413,0.031411570097795674,0.0334310184089963,0.0392821887300672,0.02718715816828774,0.04719302903304303,0.07158316176131499,0.07060558500509156,0.041506311408199915,0.028240956978971915,0.04524706300818263,0.030016593101770593,0.017507915444696938,0.048515394102725325,0.027378270635408528,0.016943752052824387,0.011958585495803,0.009742323207311016,0.022403534215106526,0.03095893616437416,0.00909383840657299,0.031898045122495944,0.02259923527124441,0.029844115897309197,0.06829777111910666,0.01678495656560332,0.05502732601685244,0.042602512145019714,0.08028580136521087,0.08109581581571995,0.043442250475162175,0.0413021485159298,0.06709366886064702,0.0025692515037311348,0.035222814899057577,0.042289895849384085,0.0684572140796274,0.05473442402033695,0.053624287062135845,0.03777512196330135,0.029365725716082314,0.034585607074028205,0.03363740905449048,0.06342407978840275,-0.009708446630384296
3,0.03529502257963186,0.02404652584419239,0.03006199077419503,0.06629152525640712,0.01466650072922163,0.013756554734132682,0.03408440261020893,0.03706906785662512,0.049567938918603026,0.06710951284210274,0.040387568683580795,0.06470640308484049,0.03571668847315576,0.029502682718413505,0.037719766596161025,0.02690872355029321,0.04395318825527611,0.04061906383918913,0.045672792548092166,0.02980063544227711,0.03662183731008682,0.05453845128496373,0.005333497960578158,0.004732286252523359,0.025599751249355873,-0.013072560800007925,0.002686683118946369,0.030574291478332703,0.06980843100265854,0.0346467971602315,0.04225979092097915,-0.02919844136917222,0.02349911331060263,0.08291936948702087,0.03925999786201891,0.022009108286837248,0.02066622415637495,0.031833397260899864,0.031573557158420903,0.0005621534546689441,0.06487251739572678,0.0331548966496215,0.016828573061958424,0.03361388739362355,0.03587230086148644,-0.009894386684894271,0.032498158838138155,-0.021683576034092954,0.01313986536208243,0.05689401140829832,0.03713496253763483,0.08163978909199177,0.01592557967800307,0.02997240724909566,0.045683758633164914,0.05914161002081069,0.05771094388593194,0.058508067138619724,0.03791958024444112,0.05081326698691727,0.02622730661106882,0.03323236522155808,0.04499747531099567,0.031284664120001714,0.005849857489500641,0.04290179089199422,0.05544814195430428,0.04712156982477429,0.058599162232925966,0.05440057551827205,-0.002014459393708888,0.04965624026412331,0.05241137672290987,0.02927206977597713,0.0413308230715892,0.0007314584665578869,0.05209262104318646,0.051610541022112405,0.05714777801294369,0.008202620900790755,0.026412210279292636,0.0795617474447539,-0.006866897668808172,0.057941263268341224,0.04119580529271114,0.06437440937219718,0.07073521487026518,0.046257749707154815,0.021754141630534594,0.027150516671892673,0.07704104138089965,0.04026253776871405,0.03794120425276475,0.009980436150204674,0.04754304353599984,0.03744212375656919,0.057192586200323255,0.05917861645223005,0.038176219878481035,0.030619051046102623,0.03543971207019388,0.03213747062202743,0.045159473935393546,0.029844632358093662,0.05560284432288244,0.0975096588854415,0.008713278136632942,0.05419509297865525,0.05981628895028024,0.06282170547446692,0.036047759550677246,0.01621621590710026,0.05701509324723547,0.025391920724365503,0.058789969847937565,0.003104070833765009,0.07830256139108105,0.04658476226585572,0.011310230368322932,0.03668449218260594,0.022002301933579015,0.011794200613885825,-0.007879342833518058,0.0333326043353373,0.04773036811970299,0.008828553987266213,0.029255411962607364,0.03728237541215987,0.001491159740493929,0.06467202442711843,0.0331464466762514,0.007714396409274724,0.023867212374885864,0.012465420293867907,0.043204327216645334,0.023712166561177687,0.060819277809214506,0.038257075033841244,0.06654640207303639,-0.004042201318271363,0.012034195384190156,0.015722607222041225,-0.006636332663443559,0.07649156284267322,-0.0075782925550027525,0.02151448282829752,0.03569512486001276,0.036952917622291456,0.04349884602770334,0.04625713488525923,-0.0071228453530644414,-0.015138072512944412,0.040406403518062316,0.06751113297843277,0.020424210869685072,0.02263312304982172,0.015250754662826823,0.04879079079793312,0.040734372590641305,0.05294968466928859,0.06609388184222666,0.035408054221014874,0.05661243891042657,0.003638544897212999,0.05706360418474493,0.041518899744775295,0.04398190935230362,0.05512324614032855,0.027281516300184723,0.023826000762945276,0.03109042103203581,0.08666042988740505,0.05259344245464704,0.020494804762960946,0.030176562325924423,0.032861638267841296,0.024915916464716026,0.04953719630039857,0.015902307164259007,0.06292984645392244,0.02881585373128743,0.012571761619765233,0.03963891452554672,0.03376589500968831,0.041029325030520834,0.04635230809566759,0.06567217696582799,0.015236022794657262,0.02778430277983718,0.028283211073750314,0.04637142529279831,0.005524144527747167,0.03160491970661478,-0.015699494768753708,0.017580723087485674,0.030127617853659278,0.04887365197118005,0.04127638809289805,0.0058159592218342965,0.08684557607734601,0.05590547178611245
3,0.04164730947552551,0.049396591228896114,0.020180799256439175,0.06140878873166558,0.06321301628803064,0.06637030452245851,0.047235230206954804,0.043094380364146416,0.04488618381176932,0.058246495875670205,0.05985767336565413,0.04948150480091089,0.0495414901927467,0.012797969131338113,0.048854926457140596,0.008320022827973339,0.033434265779651764,0.0724530759719158,0.010591106000681767,0.018427024016974294,0.060612475102163624,0.07126214760952537,0.038049406627009244,0.03177414270422755,0.06771005559388937,0.04199120711419614,0.047388498580981306,0.0664967339548266,0.05685706099535519,0.06374528512277194,0.033115702398020336,0.04621779567504083,0.0627259700574573,0.012798762076463372,0.046528161266534904,0.039353951222791,0.04109055033369519,0.07091585151477107,0.025809287944952533,0.041749855644559096,0.0475925608653321,0.013936223892149671,0.08482055223248064,0.03231006860467229,0.07555527703121434,-0.0017306764105492548,0.04636950684004621,0.03877376738846832,0.035564781453805656,-0.03327248595312781,0.043221571011987835,0.027011601839610468,-0.0011358298102272443,0.08936845266972367,0.05437653995032811,0.05916408479565537,0.03913852478622467,0.062246601169921124,0.04528269417465243,0.0731266827089362,0.01261500754333644,0.03185744592361628,0.05199114603399636,0.047222525554172244,0.050599273502327305,0.07763773800134281,0.03033952329106098,0.06298724722972122,0.05214119606030836,0.02577758571427676,-0.0017314143113410854,0.03729051213689372,-0.0019163322597963578,0.02938819072255357,0.04625522898165747,0.039461498736153025,0.06130576100703594,0.012701271543116486,0.01530501724018148,0.08962242650709899,0.03227734717361806,0.05997965191309665,0.05984997456179009,0.07308036486322012,0.03719476665717833,0.03939443309894725,0.028864692561869562,0.004236139451262999,0.04843397197140053,0.02860802847628246,0.05031883227673939,0.05227560364030577,0.058966771935711565,0.06185095735461508,0.07572443778994165,0.061085580503198386,0.07617083237372613,0.04076226633835679,0.07081452078053188,0.042718538351979966,0.05297761145537403,0.06407873393823442,0.03314779289376669,0.022110069923026755,0.053620489959437134,0.03165866541808173,0.0470188623810432,0.043202348185458275,0.07209810036871511,0.041136110007943816,0.029903501891300303,0.008839734922125513,0.05207403758179052,0.03754866686274468,0.027739938931028992,0.045657723764989916,0.04885251441971926,0.03653484207017185,0.09017599762003087,0.046096383917432544,0.030957344876864103,0.04724729088896731,0.0456587377973859,0.03312936625977389,0.07585656540159141,0.06100706406210547,0.04404250346373015,0.03992625960625295,0.07656666941473603,0.08011038538002166,-0.0002833203016707822,0.06601090271092144,0.030818293072727987,0.06927586012463574,0.015136581233807286,0.04309180914892488,0.007142185281980674,0.0475421103681383,0.0600391771870553,0.07240988833473129,0.06677692850494815,0.030716423064951384,0.011695970120325593,0.05325539415399306,-0.005059849874881894,0.08906304719295981,0.050800463742945064,0.03207628229701299,0.06439740750347603,0.017122404097175366,0.025783307082661956,0.029817612970523533,0.05507189153916957,0.058534872064702634,0.0809459218927813,0.08008543965034015,0.007715440307139124,0.0331418345803729,0.03576399257253694,0.002636901607268871,0.0653133816375281,0.06264163333697059,-0.012542385545685764,0.017643408346848896,0.07534605606196602,-0.003984321884703199,-0.016146105425469535,0.01656620229232423,0.038576952484343896,0.043304431831546815,-0.003958273006419134,0.0012744162929098982,0.0168494552471159,0.07331790692088508,0.019735836227905375,0.06151181675110429,0.06081425552008249,0.07750869620209705,0.02361017493589046,-0.002822740413554327,0.04165763952667292,0.0755117982814979,0.01392281003142418,0.02259690772620144,0.029151726535794596,0.017412388132047412,0.012967308127292639,0.007881539285176209,0.0518398711172403,0.0042862247862198374,0.03746183439155373,0.027670806099861105,0.039022582735832916,0.0589482805762853,0.03479852191142682,0.02342486970363549,0.02440386746971312,0.019643472893703665,0.046260247736757326,0.05748168286043372,0.02889442062410514
3,0.03754568750837599,-0.011398743411232044,0.07855430779734837,0.05355211131598936,-0.01493472435214209,0.022330603568681034,0.053773523684125815,0.014571047789333939,0.018706729776376618,0.036724939899798525,0.047187886514297686,0.017810514601071598,0.053639700271814555,0.01232519922203949,-0.005280500794877484,0.031210331557371886,0.0466616463123517,0.003665635901631048,0.00032901616102320314,0.06573863099366008,0.057723523770465086,0.016930957461796403,0.036109952906271406,0.017684413429687608,0.041255076672397285,0.06032591428083192,0.033349952766548764,0.08418108837853726,0.05658055182232511,0.045033992727996075,0.04823814860154256,0.032872179100234135,0.04639671704292643,0.07605062736461213,0.039221335186250414,0.029572365807137097,0.049670342592263717,0.020390651396807326,0.03492078594572954,0.04311204079767801,0.08360027607947951,0.007890806853253253,0.03758071329284832,0.04813540522026014,0.005244348150109969,0.03704558286859086,0.053984914612023996,0.047858395600255225,0.04058896773308144,0.06522847299754289,0.027518772951174622,-0.049661855350875826,0.019039637439029262,0.04794981425894815,0.053219637750164965,0.025121908692097194,0.0028543413355613598,0.017591394380004465,0.047895475139356755,0.0850709296484582,0.06196920982341455,0.05910115736564212,0.07479308186944121,0.056039645893092696,0.0585350979697223,0.043349495269427114,-0.023258263401417477,0.011191344902789203,0.04863312555339093,0.06557845686045637,0.04168557407357086,0.018366900379914168,0.030177314832085793,0.006386886068288862,-0.0014857444215234522,0.03434506056821999,0.05574707776624626,0.08318499571313984,0.035215142226755244,0.05828192518742204,0.03831277926996185,0.07622457869705478,0.029349574968957143,0.01605022888912652,0.00475136727862005,0.019451203684795155,0.07523571805960247,0.06052996197979954,0.03581089874498659,-0.0019513414828784131,0.060414933353575145,0.0401328562014562,0.02059564783478864,0.031214646024782,0.031428235017490126,0.01995293636444958,0.02294092735211057,0.030355813851875205,0.029826373263053957,0.02883821871593433,0.03622098388519218,0.07615946812083199,-0.015302555927941594,0.012384908334720873,0.04945566329319059,0.06222002034154632,0.04962092174615385,-0.0016152390130093064,0.09280451206640467,0.023752433785678703,0.027133200037891447,0.021271887611625583,0.06087216053499009,0.01929525338942356,0.01103808274839049,0.042178302652578006,0.06280392418210468,0.06386944229657532,0.03354954515328159,-0.006880239391700828,0.004881350114399455,0.05986339151288063,0.028873190615182544,0.062413648343147735,0.04397336986595041,0.01599232052260431,0.03428820936896718,0.01260710459807651,0.06697994509076435,0.01569316298479955,0.06439655506345815,0.05105590244716515,0.0600864019214502,0.06564903403747291,0.02546511005028796,0.06913197029625678,-0.017201388563905573,0.06294672635346747,0.019955865872939436,0.03842716230576607,0.036330930822838295,-0.01756556722709065,0.022496566903124026,0.010725387962954504,0.013586619121505276,0.046714988618948336,0.021802624446189474,0.07620350795810282,0.054989406341559216,0.06418527776988989,0.04164777968765679,0.03326004039489402,0.03853973549578426,0.05853331626578283,0.060875563557161214,0.035817948966211474,0.04543699029613138,0.06718333285833161,0.05344336148764556,0.050231924314112344,0.026643963270623742,0.03301938669969167,0.03946839402860563,0.019722976795508912,0.011825457673743513,0.032950677582341055,0.055760348445092006,0.020213797728673016,0.07293511353569658,0.07329675616598966,0.0017757035612682229,0.06991418601358995,0.0707800171748576,0.08886022207797836,-0.002516284493601119,0.02270962907610078,0.02351277693315157,0.02259767523909407,0.04831763775814689,0.02715580343064594,0.03381520405749078,0.02578285163964424,0.0645730245970125,0.041254466472228205,0.040582079977867426,0.08168145475636363,0.038994401929208715,0.03931393004308997,0.0015620865128703684,0.05586421222592509,0.06042231196943132,0.07745952657179853,0.059251049836893124,-0.01183659112432562,0.03145542412931391,-0.011784293036683373,0.03145022184407416,0.07886389482311996,0.01992380041542323,0.01730286013910712,0.06766044342566802
3,0.037800109229724634,-0.01725318918155859,0.04128790947828393,0.05311348808657234,0.07560148428621968,0.02508925231894053,-0.029497155756130676,0.05632887408456646,0.00357124502015118,0.08033912952683528,0.06550616735321331,0.04372720024413111,0.007561615983708449,0.009707108664350185,0.06348879305564094,0.041472761296893944,0.03836683318281038,0.06898571436135995,0.04616252488282713,0.05618504007751237,0.04681674557895221,-0.012822228354829844,0.017728544809646935,0.05119160438180373,0.08891897617392042,0.03527358424357044,0.03479617910179974,0.021793944454546247,-0.0005795856590810056,0.0335679784168687,0.0419298323283145,0.03763843212718248,0.053642587200121813,0.02722174371516803,0.0431142127690076,0.06135922822071953,0.07392870754046404,0.058454979742691704,0.02373564615715974,0.011766406380705943,0.04363433686523693,0.03413136248696955,0.020747773171324875,0.00010680019090263809,0.007344138435258177,0.05229024968148667,0.008569733386865508,0.04059475080336556,0.005769010111405244,0.03874357966401911,0.034517299166067356,0.02551281959538749,0.00600112879706588,0.038798161002441475,0.03185832418362115,0.06330498349811581,0.006440981455000945,0.06875930291017163,0.01856281794137677,0.06190482211292506,0.05155846645899847,0.005447104472257949,0.04332902623624293,0.05105575536403153,0.028681870495762228,0.021285257911989704,0.028264310384966844,0.07896650233026478,0.06966099448450386,0.07275099305979907,0.08298144091819444,0.013203160864848164,0.0707881787460441,0.0244635240939119,0.03509974779280053,0.02470503389406783,0.00862594582747487,0.0582564904751044,0.012155542192716213,0.06296508538984986,0.026491438830481003,0.06999364522811473,0.04997434747723164,0.03189157194493492,0.035271569034721464,0.02847073962308113,0.02846418429067404,0.06389345038559693,0.03223149815793969,0.00500094118110124,0.026880896319150815,0.058545559267441594,0.026118789773515894,0.05172221620329233,0.03205652707000724,0.05917290110423985,0.03990091461420332,-0.004533300248746125,0.08235455947943604,0.011949276186543185,0.04529578364545159,0.03251985287933508,0.03719751201487769,0.035437999292446835,0.015710536634568593,0.05485186667776886,0.03380880674676033,0.033767938643371166,0.06726292182550524,0.04772885865125516,0.02317050949468752,0.03623820848510684,0.02542019979448005,0.08678284915267534,0.05670772821274238,0.04839581585180719,0.042294597244178285,0.058584938748973,0.0401848573552756,0.025999793440105834,0.0032435511704645426,0.04040794958947879,0.060827985528724496,0.025494194930681585,0.060909147720161594,0.004368999803757989,0.005365194792197284,0.007574252501589048,0.05856428285171612,0.008279358488209376,0.08910825575283181,0.02808084818120215,0.015041210332858903,0.02158663362075861,0.049799971158091164,0.03536196223246463,0.0825858949946923,0.008381850064413145,0.06227019388556839,0.008067540485518998,0.032448255810910126,0.02697966921836521,0.052089211356312955,-0.018344233710409094,0.009187392218551534,0.040643910394557385,0.050080005522208766,0.09318370800710324,0.08230337843604398,0.016872108845372887,0.021731658152216306,0.02843826164269982,0.011796374948122551,-0.00422428193749818,0.030841028714328186,0.032609305094176366,0.04501173442748645,0.023718984231730078,0.06016752198365273,0.06835328394825686,0.0527814474026857,0.021448177896953784,0.05573500628663218,0.06198307845332878,0.037252417355764365,0.042150204477761355,0.022954106715387106,0.014291328841469175,-0.0010357164194725876,0.04369880712322614,0.051299612432081476,0.0008461410939467826,0.04809909023828323,0.05257587242914356,0.04262138039546065,0.055976839558576144,0.04666125440219231,0.09004433296453551,0.02214564522200088,0.01371855171456889,0.0716615608928648,-0.01361477852000792,0.05619375805079946,0.039907306703322605,-0.0030657867297146577,0.03783784936866212,0.08401813406466224,0.05078248843346715,0.08934667001734845,0.04533222163926181,0.036662518921144,0.02241130829000531,0.05949222025478704,0.05053613457548263,0.039675131812209816,0.035165844454301425,0.027605014809255292,0.017517171457948434,0.05615714115117339,0.03494786252044466,0.032725515941182046
3,0.033553224473318204,0.032287548821638194,0.04170011333605915,0.024254817948356346,0.03377538642851587,0.0229422247159405,0.03062864125745682,0.06756498737768443,0.025704303801686833,0.026477896667176655,0.07726642007406531,0.021864046557553383,0.04422226478020816,0.011282733082944665,0.04204466159452913,0.011033312970836925,0.04068861548429967,0.061871762226764285,0.022978216304395595,0.06177931326531935,0.06109188483756027,-0.012690201854682968,0.04620036058743721,0.020623164688042393,0.024539077022806537,0.023654139763198627,0.05016153807437841,0.03969665831812626,0.025211331850106947,-0.025717198197564774,0.03560156219111565,0.03815985604239235,0.02806457664110306,0.06636455452224549,-0.008034275315673786,0.006556983158765246,0.049534866050046,0.03251469039710517,0.018113345806279567,0.010688958292495911,0.015093403487834816,0.027646432316896632,0.03341976725508148,0.06090205096542779,0.03970007483251113,0.03975427950349869,0.04370235030065448,0.06243811800888033,0.06508452466964941,0.06696329374219849,-0.0015215539952477264,0.04307633352912973,0.00563800313907499,0.04960401226225331,0.03946584599256442,0.03812548397237305,0.02412327674634347,0.02340384539398395,0.02200354220662415,0.023130006963896395,0.023880821564186555,0.05496146119674453,0.03428437890625585,0.06857582406504893,0.08353148606004221,0.06467885703163466,-0.019615005123232082,0.03313666318510035,0.011458257385045491,0.051569486591234705,0.05292623849233577,0.014482157671186956,0.030405330085630757,0.04276356805757905,0.04221049385346084,0.0019077939687254311,0.03703657153736889,0.02314560188212931,0.06477147039988759,0.05619061617404896,0.03574537323925277,0.06387958649035588,0.0007609567071494849,0.006814340217005166,0.05086591092421849,0.06040611104892582,0.020242599674562364,0.02355250668298228,0.018425032208641764,0.008847018567331454,0.03508801159401183,0.015408749817619933,0.07269859359795958,0.01700646735995357,0.03684586075626172,0.01586852114295053,0.02947713019970659,0.0217058443075488,0.05945940786447478,0.0466782460294909,0.07295190954446415,0.04540939875159208,0.06125516461098672,0.022331195490777642,0.0490135814773173,0.03452138787786107,-0.008676593768716462,0.03425807361850576,0.051424643377568545,0.02993887941511636,0.004553924015372461,0.032934386525385474,0.02172876053470089,0.03309248563049083,0.02520697002254344,0.05125109218705795,0.028394583297809674,0.04464739244550515,0.06326126783595151,0.03307259978907047,0.0654537106429634,0.050869184177860224,0.04749169216913139,0.044062989310314715,0.02993527747665537,0.06633692052086408,0.025590264013220433,0.05254646391671358,0.03906455268863072,0.04213880495142464,0.028572335731376637,0.08402258415507868,0.056275205509752804,-0.01251892938258889,0.03182808264264595,-0.011767907610118061,0.051060865864686986,0.009761914655739622,0.0034567859635492373,0.026821595817843068,0.05717454257674871,0.01813085807843772,0.006142422160108789,0.011407347009877701,0.05437689003832538,0.02851215819109143,0.03557083035156323,0.01719812586964471,0.04021880683734691,0.05055751740673244,0.015277792684566673,0.04435502663295917,0.06869843964054351,0.04551403537620204,0.041345336586153636,0.07066735823929379,0.009841911585418112,0.04707393883997115,0.028688836687227992,0.0852692748916101,0.025541838725505583,0.03726467460763504,0.036591604467486875,0.022863704707605924,0.032045304825476656,0.006462452967083233,0.03132686775029327,0.06714245740081015,0.0023833636118687704,0.007170411774259033,0.001953694723977377,0.061981645643787484,-0.0002966424913740731,0.01976880652549158,0.013988151392763298,0.0016921963598740333,0.039032351499334664,0.04312240329956206,0.02488162115403829,0.045077541158334955,0.036052904807609906,0.041957270281531414,0.020072639789322423,0.0545866654285205,0.023895547723261024,-0.03602226908541154,0.0398075956550611,0.02924953194368208,0.04227958107284292,0.054901544697538954,0.00011016775997651357,0.012813599666277667,0.04640305768309447,0.0711821317347328,0.011900607849844019,0.03721929867274769,-0.0009240005628896944,0.037785101978195124,0.03281545195179769,0.009059615736736665,0.023374881917264438
3,0.036810701952565826,0.05460500962443411,0.012614563261065179,-0.0016876539551200845,0.039043518998459724,0.066363126505845,0.08727694720161948,0.03242766021254894,0.021446640727640708,0.07429760265477645,0.03446045917894436,0.07001156437324324,-0.03197496116695823,0.01987637729259144,-0.0013415778323686497,0.03090760475278757,0.04480102126996047,0.06185199968141446,0.07155903717283019,0.020164960905972494,0.010058908919062089,0.058969683985851465,-0.004680447898276374,0.07526915839771106,0.03975965383702521,0.03912913467371091,0.036725682769437114,0.06499932732971955,0.04565685699007752,0.06569342100976172,0.028761046416552413,0.010565827834442942,0.08560402730883779,0.02432772067454459,0.044447135583535594,0.09950074966822917,0.03851203185307883,0.06267287194468342,0.03487110760532736,0.06478335098453256,0.01715281065726585,0.04887124525654456,0.0313808500292354,0.02742095494978327,0.024938389463429675,0.0014779905505670765,-0.001420603764598495,0.0010872710727882207,0.006448640118347473,0.057985745940836955,0.0296830848962083,0.08180364048366288,0.05420829782936667,0.026936256559103765,0.014907435334754447,0.0679200370079922,0.037263739549259635,0.031216542116952163,0.0885275497923481,0.06928632803856019,-0.05141768341295152,0.003776756133177274,0.0647840599541892,0.008738358624009651,0.06463743918664547,0.04115024000147442,0.008529758160078085,0.01862937895258868,0.009720458357694951,0.075588334496095,0.02827679296796294,0.010023374175029093,0.019044808190686636,0.05247863429534017,0.050288866735418866,0.01908096348111605,0.02626516658537205,0.041933942754203764,-0.01916799438214445,0.06711581253997931,0.041941285040286665,0.022483446114921306,0.010907246647372661,0.012580090194921133,0.02631828567950239,0.01224043216483554,0.04840212404042732,0.024509258421912775,0.010326622944750608,0.04691580737521672,0.06297513875920657,0.04040216325495795,0.04636624407625997,0.055345653838043844,0.03888539127533196,0.05400918959296097,0.041102136065582086,0.008861384003063244,0.02075745360533878,0.05701521907537149,0.04023744385608403,0.024452487642379103,0.008265489112975866,0.03154240667866878,0.08195085374964518,0.046000737425436686,0.06024111180096739,0.07180566618719086,0.03185841127474533,0.047464432939577396,0.03437664735107305,0.029379583340038637,0.05594525531804383,0.02664366523156359,0.0038706740180717847,0.024426795205377452,0.04061195633562905,0.06866550396036872,0.06065587955637179,-0.0010647114716778663,0.0711259034153821,0.031249025065484305,0.027611398030343952,0.04221595631408327,0.06279855734482738,0.021560994723364306,0.034715031355709025,0.03624746746403888,0.023987587423597988,0.016604524774986,0.015078182475598067,0.01672150246665289,-0.00018994554022783855,0.03714247470029408,0.013234368835368725,0.06739180970590321,0.020581672015452253,-0.002834211451144958,0.020371599664800795,-0.017667176120308103,-0.016876111700384895,0.05777407272323998,0.05983204112790447,0.034314643910851234,0.0449379492292918,0.055111398405322636,0.06704216017352221,0.049684524532888616,0.0412166887966529,0.026775471183746118,0.057079682218372556,0.08205093776219075,0.033429082984401184,0.0389559384500132,0.030073864823698872,0.020733748868971443,0.04333181018119083,0.029334811691704737,0.03638081371862892,0.09111534462615394,0.07014474802661208,0.0229969083610031,0.031525256514963636,0.08274227025652865,0.06069159777604836,0.03878600776973709,0.008396289254570272,0.049909303404287154,0.06900199870731327,0.03139898018797488,0.03749580396697234,0.036559834397951164,0.04754717264705971,0.04268477133988943,0.02414555274408816,0.07626499321385855,0.05365214357243732,0.037735919179274886,-0.013611213551056385,0.021608921499306023,0.05401718223290675,0.014528896726561647,0.045935434703100436,0.027336924461111717,0.04402312641118674,0.060732114110439106,0.0342297180179752,0.03088692699790817,0.03947845725736023,-0.016661968041254922,-0.007954316797426302,0.04601296021164623,0.016217575900938735,0.00969263816655246,0.09633208706737242,0.031101397872123085,0.0482853069095471,0.05648723765366656,0.02183435927891227,0.05255260261579258,0.048569187006656946
3,0.03755091569808202,0.04875076934534547,0.058660059200490264,0.026446805358589155,0.016015043677041128,-0.004328546804041461,0.058987925635975394,0.006059757000888587,0.004168769516303926,0.020555204087303387,0.053641664674766824,0.003170834258884439,0.05669983746294791,0.01891941293285105,-0.003499896882333285,0.04538733321655783,0.021703054389928096,0.04897125459246397,0.038000261488015157,0.018016566581460145,0.07898313249331888,-0.003572990098606739,0.06421217519720454,0.03470638944880017,0.027262324209487224,0.0042942175435259425,0.017498128169205047,0.023066548443606998,0.03956351541681462,0.0697799690618833,0.04189306931419921,-0.014823772109730592,0.04570509086102434,0.04399153212692403,0.046671988314034185,0.022964745277098297,0.01013895604088728,0.039895679584397575,0.04341659125779919,0.02116080290706861,0.048805858334048324,0.03536730193165796,-0.0014561485697076326,0.019762996871037716,0.0718630123027208,0.009008634117993852,0.034492220776418614,0.030721039752713356,0.04444284178021722,0.08247498534489454,0.01741985775762689,0.026840675787801367,0.06259674511326953,-0.0080379764984405,0.03549246184876717,0.07308894667445401,0.06620842023794293,0.013323179988195887,0.0166251190759983,0.0668311269029461,0.08497788715873246,0.049628287486208476,0.04260817171897303,0.011518886283311387,0.0590683588606261,0.04377211633504985,0.022588254966953065,0.06537884814568169,0.024805636351412967,0.03152399630545351,0.017828427681018798,0.04109101711990106,0.014600673225135252,0.035404537764182294,0.03673474922451564,0.03570983179935459,0.09537016825014966,0.06313942235146466,0.06547052286517203,0.03141802051294933,-0.00029869409284553894,0.04553831754093138,0.01653987756587949,0.04157214170849147,0.0516934591254817,0.005113254804283006,-0.0038310902575593303,0.03520724167504038,0.022077415112624125,0.04575186385022889,0.018459128702868303,0.04688180410961924,-0.010567793140633726,0.03474805242225177,0.03669314073988019,0.08137625910499191,0.06173065909370719,0.05406240190763058,0.04669568561500284,0.03963311083415613,0.049116105689734506,0.012772000971788065,0.009771893181436949,0.07181526812476886,0.021928116815862764,0.08667784262489303,0.04309582275860842,-0.005703151012189545,0.013067325177509213,0.029868252328307365,0.04644651235363435,0.006197033519114818,0.07235906118703908,0.06309201416928242,0.07756813445646482,0.017112336351214126,0.005854278557237004,0.029173924008766,0.062550546219805,0.043319878811969255,0.07617325023421234,0.012233957203054108,0.09222866459940542,0.023845339444838267,0.05453152647545763,0.04991619716909545,0.013871421186277027,0.048294755396236407,0.05249123713367476,0.05560703406520308,0.034999116456724676,0.08731484580963789,0.007914605703188804,0.0054065026090389864,0.00830605154073424,0.05624754710115383,0.022935045481378306,0.05813043656514394,0.01411708491963137,0.038218010730162025,0.012239192197445726,0.03402976911881899,0.03965839174522245,0.01844200559184543,0.08275327571961126,0.01596578744356338,0.036968234551838855,0.028311721818605223,0.05835443544046906,0.02641781932631264,0.052083830502578296,0.05087443527299351,0.04574544647497469,-0.037219702612204635,0.011827949839121617,-0.025177700486758582,0.0527023738930563,0.05434649491788126,0.03262368445398909,0.024899995741499904,0.037241482515840654,0.061255031842641236,0.06751487986444343,0.03264565728910532,0.053845979438566886,0.053271864293291685,0.08309598106255008,0.06153708873687217,0.026372041673718753,0.06607851167208362,0.028918502197007305,0.020761226844017773,0.05866178066687962,0.0013082064700541615,0.05259424837135241,0.08036543334257337,0.07586721444580773,0.044529132071968014,0.025217235959576027,0.03186922487108368,0.0683017669806496,0.027302548842664268,0.06661943183542227,0.028724531203504072,0.02623415445757874,0.031131919601799538,0.06320671605941552,0.034051329012887356,0.004203171673472991,0.03453917783084762,0.047668049133178826,0.05990323323600656,0.021300330063203487,0.04048743256595244,0.06989883316759196,0.060775659593859874,0.057438429434796774,0.05390961026096919,0.05640971628830114,-0.005031321876943336,0.034724876000238075
3,0.04036472288814469,0.07791409206823291,0.04395910225083072,-0.0001896807120440533,0.07484313490287631,0.0038991179577375773,0.037038369340770844,0.07391511368785521,0.013153021514904793,0.007672208326393246,0.02565995666581841,0.0518708753525304,0.030996483108854275,0.022090948332358317,0.04080335101813593,0.04898567826322132,0.06801057012520054,0.008801459682971025,-0.00017456266995695413,0.052660477193714646,-0.00036770232919829116,0.04037932269467733,0.04677850178651072,0.0701109191983566,0.029419569972861742,0.024407818124619104,0.05608784437388497,0.05058365821432001,0.07888630474393307,0.08562625392476034,0.058307325079775665,0.030770166854583184,0.04306699077866866,0.035886138163297436,0.022107807156144823,0.00258795546493365,0.07366779020417251,0.07751816673027095,0.05559337807376441,0.031904505992975125,0.004353313988670983,0.07183841492910176,0.025049369692301177,0.03462091709071168,0.05489452832299767,0.03687485642210666,0.07225070804253039,-0.03064590339883281,0.040549206581721106,0.032632382670024385,0.03315747699319131,0.019366129154097963,0.04674898506200259,0.07143916645089404,0.055638370540405685,0.06411736637744489,0.026336469584285167,0.08018829684344018,0.04548064237299304,0.025015141934059834,0.057883423816213114,-0.0017225519362336905,0.025139409959262976,0.035551181901290536,0.03384697784817139,0.03323962952510691,0.0680772621538612,0.06008200679153133,-0.007137883246926685,0.010040353691895498,0.007215904548822351,0.029565435666931504,0.048646250070026174,0.0355234955537404,0.040285689044035046,0.023488941105914853,0.05172543011652052,0.05900919734160495,0.03395289578125773,0.05962202884540378,0.08486195052223779,0.06339832128159838,0.019301518138996204,0.05224988118478043,0.06897486781545333,0.029455707964856435,-0.006393494974266084,0.0053568414409696855,0.04576286705177417,-0.008312404067413036,0.05229047293411548,0.03781028613526635,0.04648200395511781,0.04122167103310431,0.07985689433319586,0.041679012597816534,0.03541375958545818,0.022132698318175426,0.047918931780262373,0.024283033578139414,0.05915559866624706,0.007202805520005351,0.0453070704323011,0.04543010876160606,0.09060908185177757,0.006302636449728862,0.07036250792576376,0.05495922735694417,0.04134825731285025,0.0689297929173208,0.04795545649879369,0.024997318172125235,0.004347567229258192,0.025604962289845698,0.05650229589821633,0.004741117315862617,0.028313446643073968,0.06566359977702313,0.004534955056360437,0.07193253735403723,0.0649604817701215,0.058896110922126654,0.023006519104555475,0.040305661897938196,0.046567831747311904,0.06585834408128696,0.021853103511963283,0.05105462284765169,0.0003244677712060662,0.06954150024277728,0.026396345641898404,0.01371045534627139,0.046156570065051056,0.07885446034019493,0.06032671330641039,0.08800627313234488,0.038663764196677414,0.042707917022241734,0.0203012816750961,0.031165584545496918,0.04346468772512436,0.04276542911775526,0.07859247159703509,0.05589999914888166,0.026288851616790166,-0.021095394189045845,0.030926456302881187,0.06611161013211209,0.0653401832626784,0.02685443610947219,0.03334152299186822,0.03435137496055134,0.05036839996191905,0.03792977755181992,0.062428538504296194,-0.01065616244769979,0.08202641354092838,0.01720809644991781,0.013546768400889652,0.04319191975916872,0.05286190896257145,0.035815399948065,0.0023462906533321323,0.032102791152614524,0.019885378363017372,0.05118517838385078,0.07005439686990626,0.018776402979713194,0.028780730323200235,0.05328585583222082,0.0640381705747529,0.05334054083390528,0.040226244951003715,0.015966527250158173,0.07965434890839297,0.01836963878572043,0.03265132237443529,0.06962342419519796,0.026897081699811753,0.011488046747833037,0.07596716134159537,0.03866415669356274,0.08722116887204029,-0.005990961757979238,0.021449114501709814,0.05884070287819288,0.05898194199997818,0.02490768232357645,0.05323900521716006,0.07068014831274277,0.029876901471386656,0.0072236531246678524,0.046147404129851376,0.023561389743595243,0.030413127415243567,0.034237384237351766,0.07078933141110982,0.06611413921365789,0.06767272077846156,0.021330220930291043,0.02960660144999702
3,0.03549672425333395,0.034919170697776426,-0.0066934257056735155,0.025783425116412947,0.007793964394879095,0.003079903957101296,0.003060797970762752,0.0301929796621076,0.057839563514075265,0.08413292130809057,0.05611059915562549,0.030096626857525163,0.018785851385482763,0.022108483444915297,0.035132782815735814,0.03333629678571109,0.02411660683438696,0.06919738701107081,0.059912206982643434,0.02248383183891208,-0.0178233875457523,0.005110844489161159,0.056337492580368624,0.03370929759549849,0.045735727554949805,0.06543665272759734,0.004185307120250566,0.011378113358708093,0.0474756940636152,0.0551935903339524,0.05957753527339234,0.04567394803856112,0.0438908964534217,0.006380659518844679,0.041646269271403226,0.04989133454818103,0.014393010903030488,0.007099743707396817,0.05101382586029018,-0.00671752269042087,0.03674256977551947,0.010936377076543071,0.05189349487955869,0.022836160249585187,0.02227062791748744,0.05502739387542141,0.04430960681864346,0.01775714390597263,0.03511860791638639,0.05898754188346324,0.05542433547604456,0.02410439038493207,0.016143936654555272,0.027377959699574635,0.009463140870462263,0.019413061082489087,0.047575270091347745,-0.0008413367059936783,0.07952455195553736,0.04884628624202809,0.055296247708109175,0.01694808532907985,0.09839434474234798,-0.020738185675431973,0.021335789847625616,0.07248216499485863,0.03373850040978684,0.06720585090546644,0.03924279410858752,0.06726305598983978,0.04612479046589777,0.038587064229717256,0.0372339265062467,-0.0070880035838338795,0.03850550756255916,0.0636470100227384,0.02912623303004614,0.04780601711375786,0.05760678736863439,0.0479338704021193,0.08190237594834376,0.026923166328643805,0.0600720233532461,0.07245294887781555,0.03490845597268027,0.028791449953427792,0.04731245453182141,0.011089206337900965,0.012422902798957587,0.06148606698560033,0.06130433498042055,0.031456418002290557,0.050899150615935765,0.007130242290520235,0.04716731329072348,0.045887300734294395,0.030889392194161237,0.04118679722446162,0.010757125766111469,0.010332236130409771,0.04315517211231171,-0.008350596705594515,-0.00632676490803305,0.05704451446236551,0.014396100634360181,0.036424422429837545,0.043829718435896725,0.04819736558252648,0.04786361579810082,0.028125723565732643,0.056193713165663406,0.01968134554927563,0.04933147906739499,-0.0007002665869906485,0.02525881620996767,0.05601401061520238,0.06480058723830591,0.08055916478878089,0.05946818201921911,0.01939464188742849,0.023263384686425914,0.06556101904926756,0.055954980211119915,0.04530785443743418,0.05143843206498117,-0.0036012254011945632,0.02328077565579368,0.019758412126424464,0.019407997407370852,0.024121574309176757,0.039024030764948425,0.06193604286360076,0.0250565659067021,0.001900511438650769,0.042888230619270475,-0.009844274116664213,-0.020053726426936813,-0.028395884281673188,0.06686099511253904,-0.0016823641803972722,0.038729302105773925,0.041672011814469404,0.05167604833815028,0.030896208836994215,0.006200822872407877,0.02102889427749436,0.002598359306350481,0.07877814702149627,0.027281690068590672,0.0006220997147706048,0.023953797934762107,0.008387142702121403,0.03443061682107517,0.062433382269484125,0.04574520808195793,0.07228592925118613,0.055837869672073145,0.03751992966434373,0.03679728989885484,-0.008464686091305684,0.08675160097195679,0.043776605975993144,0.03394052982813365,0.0183947592856944,0.04180476960894386,0.014302605601587057,0.03393422761846295,0.0590667815024741,-0.01135450736173832,0.027916879968418247,0.02725820131907109,0.03682873311231838,0.04827907385767213,0.05284986853917322,0.07099032922130266,0.061970732874310916,0.06131660244181546,0.05189573125397734,0.024854462874196466,0.0704961130344931,0.02280572612732977,0.04637945921877386,0.024065448102255,-0.01037447224961717,0.0634880117796841,0.038772192225435015,0.017068366661537403,0.02301914594309743,0.05348417687334203,0.012717981435050815,0.04906497745915049,0.016566715319063535,0.09348922241699355,0.03624444500219272,0.05503209453172104,0.036228646867113315,0.04384850611519025,0.010202179938933076,0.0634161023541292,0.08371681606999753,0.02096732374204841
4,0.038510636212215094,0.029750108097715524,0.04698881563573124,0.07785640315663511,0.0392669114652954,0.031585014902697765,0.07294153987784806,-0.005507715368617647,0.03950134611105436,0.024542753483487795,-0.008043493536943877,0.06123410772228874,0.06606725553234846,0.07509549394069409,0.05525869172711488,0.03228743285806453,0.06829122125387341,0.06366459630683852,0.09083545699839324,0.0380318630371308,0.024721326052246327,0.008037278335954988,-0.0006432033672135323,0.0002150541861959676,0.032636692105415636,0.05922554609715702,-0.020796153014482247,0.041529083029212766,0.0631080703225023,0.059787376459189925,0.0705898381999851,0.0535282814397986,0.035320562670245095,-0.002026795310163143,0.06365806786773787,-0.0009082707068962942,0.08133900906038784,0.04186502382512053,0.03847211866375461,0.07794775835482434,0.02441816175050905,0.03753061221795099,0.07892450261849239,0.046353292847231914,0.004528269638540312,0.011721831374615868,0.07901130064899323,0.05588299554757294,0.02831231936850833,0.014150619773371755,0.04935914551353715,0.05404511196309618,0.00974355719267483,0.0023744942719107764,0.028063387452602763,0.032356849240006744,0.07738919229781321,0.054102965810481844,0.038279388010477776,0.03249988619384519,0.05262844095940243,0.06376347872023765,0.025090219308430636,0.042620558396106276,0.09041040448668786,-0.006621530363270067,0.00946526829055877,0.030456864548362637,0.040331029740521836,0.052737953949543837,0.08627898536214866,0.06181205048810243,0.06026478234302425,0.0008582309379426695,0.022568242068344093,-0.010208767076128597,0.03837897694804649,0.06988949421328892,0.042652953517899515,0.06454445145617795,0.05455295157107997,0.004598408352737969,0.0718100647793583,-0.028767193777884413,0.039070163805859294,0.07916997129711839,0.0017394130222900678,0.01998390706437459,0.025972397305615395,-0.0008371725565591709,0.03452119207839616,0.05546629988823688,0.034813307101620505,-0.0005797488999819966,0.07083352075744889,0.05231715237028531,0.04655134221071421,0.09818587622568772,0.036847122776506244,0.06867099202585808,-0.02634032556817103,0.0601591220037776,0.05496643068337378,-0.008045326871995634,0.04131755230053604,0.011540270013248682,0.04183232358907147,-0.013342580530800785,0.08685655601539977,0.018627625721438598,0.03339979386977383,0.003531907925607952,0.048693117742243754,0.0280026239243006,0.07385728473580142,0.041673476241804015,0.0200673253130874,0.08415824953409498,0.08341509028487443,0.05280034600212399,0.03806927787782333,0.04746323027122838,0.017057033514926427,0.049885513118228406,0.06733574393920472,0.07666768565993266,0.018233482290582935,0.06083489413181621,0.02334598942986971,-0.01279204950532186,0.03415921989678244,0.05633969906464932,0.043898279903105866,0.034481436852204964,0.043159102509653983,0.04317427198801682,0.02372110824656702,-0.0050168589194972135,0.07560000184040563,0.07936941112082627,0.058459299652242336,0.06727860678726463,0.06037301785956935,0.006884624229564026,0.01563322223891617,-0.016969042124242988,0.06458068409525063,0.008386816315787124,0.017780023393680205,0.03228114901206782,0.016133146638270573,-0.017325868839183772,0.033396843138591634,0.026921561906591066,0.06663432154575076,-0.011254535653912275,0.0591818400877612,0.06225554552528427,0.07632543403089947,0.03727544388839748,0.027111877243880828,0.0619611428063887,0.036413916437519296,0.03285876609491289,-0.002957832313310607,0.02405567508286607,0.039958611091093034,0.0029783255318309096,0.06121724057240936,0.051674288445682226,0.06947058802097318,0.018109433353750305,0.09687186435140827,0.06356400324960701,0.03277363275501389,0.05272517964834689,0.060471559367196934,0.010165138199349,0.0711808494287524,0.014970914211621542,0.0589277914794676,-0.056788623180391386,0.05142083975401366,0.04295968831518283,-0.024445304781824474,0.02631054812140976,0.08626806077058474,0.05778386043479317,0.036033256447609435,0.044405273515485386,0.033940418932784745,0.01881251404120847,0.030257739006059263,-0.011809999001608944,0.035339795635704996,0.024155287807883636,0.034409237440647764,0.04597933156313865,0.029559323662480277,0.03959201786261001,0.06790713424829217
4,0.04145277839682929,0.014126168354459793,0.007863461427422544,0.042654917905218054,0.06269323392378182,0.04651894138856424,0.09567686073852583,0.06823287229815601,0.02218325264997482,-0.024091202608528185,0.04173185934084667,0.052923353338377374,0.02295192249853625,0.010387019364016474,-0.0028005407794245638,0.07090632695306057,0.0726477261382659,0.08104343653092135,0.009928511175566538,0.005800759359637787,0.04650954348292494,0.010737002488815456,0.011223973602524587,0.058264748366481545,0.008436757810753391,0.03663567417816034,0.06677480413816211,0.009296046547221562,0.054116825092595265,0.08202562998307576,0.03953192106873503,0.07648278056952952,0.04277225770705652,0.06497172290493479,0.059209935359063465,0.04222624641362784,0.023880930101434383,0.01681250679309225,0.08158173496673027,0.0692980706030878,0.059877574397799324,0.08153295578032535,0.08572583626234767,0.07919706893365756,0.06684953641750851,0.033338093471919975,0.07700712327309271,0.02620816035335614,0.0011473566869954419,-0.018510742227429065,0.08147227216253185,-0.027987702721936826,0.023839443828065302,0.04512448531655869,0.0186230489122088,0.01872797280818413,0.07561700902619461,0.03145634322797701,0.07483514164980454,0.03901903222681541,0.026867181130457163,0.05904674660990519,0.06658338204579431,0.004305272399507537,0.022783546769777275,0.07888861472575175,0.03254438811021986,0.07257885859342227,0.03176574145518811,0.029868702939549255,0.027143767251610905,0.048339488514131494,0.09235904618384762,0.06177374459167176,0.0073800949222331685,0.03030305238411043,0.08280105950690023,0.06611683889229247,0.02040972353136236,0.06698299952543355,0.04364474969030408,-0.0018585980287502066,0.06914196134420325,0.04019189855888913,0.05640302561336431,0.016295529214240708,0.06448205917243767,0.08459777648120027,0.03317789043956652,0.01946423325470009,0.05131124471985054,0.07520949556755728,0.04085817121170615,0.04491218411932334,0.02476357714631515,-0.007317874444142912,0.027328963136038942,0.03927951715220784,0.04616225423027219,-0.007844214275937081,0.05951112455890804,0.05260212403145133,0.058472172350649505,0.017741768894701995,0.01389350755900813,-0.032274656205434384,0.006034913495213512,0.07006565936616055,0.02260214765942181,0.04339560617712804,0.029798436844143905,0.05324958292237432,0.0420355277646335,0.07828522932727003,0.03273169345448397,0.005165762075838291,0.01563192943676308,0.040503567548806504,0.026089450493734373,0.03646743794305192,0.03828677970254616,0.005426822473827031,0.06424648702438326,0.049020072005668325,0.0546368278053117,0.07086272711584357,0.05697627167990115,0.04725369928521026,-0.016790388711268145,0.02261589478548224,0.033068441022017545,0.046702244810694224,0.058030930733323646,0.059567039528267945,0.04401590901415965,0.07165946600322004,-0.007880814367032384,0.004213855115703699,0.03852560575710336,0.040322297801082964,0.028186600982856767,0.05977004872473995,0.03580665371110668,0.0480383553111737,0.07670897691274793,0.0855519699113107,0.07237028788742045,0.07462718292247264,0.0175067581784955,0.06450285375968082,0.04907028981867533,0.042374663683452066,0.03511964026573385,0.0833535209356156,0.06631165014013658,0.019865452278769773,0.06733810027856446,0.052817578649805436,0.03650632394798555,0.05188878436534122,0.0418352757029193,0.06261386572010445,-0.005640370597386736,0.03739075851222902,0.03640532819830663,0.024835193117532274,0.02553659256984493,0.03267849786175155,0.04133959396699958,0.06543532694351886,0.06627759308504227,0.057833096990985204,-0.001146168853398133,0.013511192736867982,0.08029776030720297,0.0019986187425569055,-0.022324726633298354,0.0028048532253034802,0.06232912781127922,0.02902029262630969,0.06905657427738669,0.07341650528001913,0.03053268835862727,0.042321507706389164,0.035705913181865265,0.027980120222017263,0.06960968765602005,0.027728946291286825,0.01511229380059172,0.04670367793745324,0.03607135602120336,0.0562652351187754,0.060561398172603705,0.044384900830775655,0.05902707038830596,0.037412168237313755,0.04565300783399973,0.05888346335270853,0.014567067079145322,0.012747518896935584,0.08898993339004663
4,0.03729535271698744,0.016210965351196947,0.026912299744536315,0.0853661005144847,0.021781279581460686,0.03298555859454626,0.025880296449439913,0.050556575407889506,0.0278676682892163,0.06366364260293439,0.037457194514118074,0.04027519570509014,0.0768930690131244,0.015315734711436883,0.07400018007516514,0.05976926295379033,-0.008921601192607063,-0.02863338791702024,0.045478771748891124,0.03911963282513228,-0.004558078515135101,0.04754847276792941,0.040735732101204236,0.07071578419168231,-0.012150842309721792,0.01830120145982974,0.08428511235035771,0.08489426631052444,0.01123460879125033,0.07673794669125578,0.065503166959307,0.05692177850972313,0.056136041486426286,0.05736542311187316,-0.008812832897355807,0.0834909583208109,0.002222698810494861,0.04642865319554092,0.054718678470772775,0.06362280144013525,0.059542649668759995,0.03289574170332851,0.040255317257082,0.06422605869915618,-0.017066038792601303,0.019792039166386707,0.046531370445251186,-0.0011291614636704111,0.04652057608037895,0.05305550099016607,0.027185313808364274,0.04355245934251544,0.030559617254479025,0.06792397005090921,0.007357146126324654,0.043517279164677264,0.03329150839165117,0.05194773136217347,0.017069927597634066,0.061198124998257,0.07808365489710117,0.06642247334272362,0.013284742718949704,0.03809150443168391,0.03757187686973303,0.020607237422668383,0.046076692806784524,0.0005092333589224174,-0.0026782884275711044,0.07597798864447441,0.03014564794657095,0.024161334105048615,0.05251609465623331,0.04960547613871198,0.003802641460263413,0.043458320404675364,0.03512784212532141,0.02390656265774397,0.06471670926063933,0.056847094621155704,0.034876833970064816,0.08360365755176466,0.05360263886067049,0.06178789919612082,0.013605386875750174,0.04641411172558227,0.017293031284478743,0.08258424408516618,0.01931194252119777,0.04773452825828079,0.06858492594241791,0.023294997045471694,0.018533380850157273,0.05573443528256544,-0.0038326408676159288,0.052382207173848866,0.04721730913642351,0.03135666537357079,0.011137938873572409,0.04448918537516776,0.01830178445665247,0.05714523494096365,0.036219556340742115,0.02580256327193002,0.03720082663010086,0.03860018752143784,0.0026733975017567413,0.04416191990342845,0.00787994879559846,0.004027197182098451,0.03262842158181582,0.025472090917636688,0.01702009151113721,0.005694519584079787,0.08364878281398501,0.01575573164640257,0.020672931463736964,0.015086033784385038,0.018144409030474654,0.030906901934155823,0.03698447846818587,0.07592324607572237,0.06642453605812612,0.004173257113236142,0.04752075665138069,0.04106686778085471,0.029653657318470777,0.0955683780376568,0.06247844504186444,0.05985627332533229,0.05879124491163758,0.05491822621179182,0.07001011579992086,0.0370022491959172,0.05714692461768904,0.07508745889123153,0.05493862233473797,0.02613663341878444,0.09418054555829729,0.06783184985146001,0.033002073875817724,0.01712245976246992,0.0334777988537852,-0.0007425521279759498,0.03350856431960293,0.06457141984130312,0.03925307699581438,0.007465880054820448,0.03169289607969903,0.0620376309627576,0.05669080302246425,0.05595973749308611,0.06395979305434776,0.04753162630333824,0.060909153776952316,0.07923024037754456,0.03350409175360075,0.03047067172925222,0.011371240991460953,-0.005855522275424671,0.03250500374767599,0.04699443193767592,0.07998900685142413,0.038014426765088656,0.06811733224629447,-0.0014081993988871236,0.007455538685108447,0.054608364063098255,0.01964393293712686,0.056259153509922444,0.029632888163838297,0.0411127776664784,0.007737013800274244,-0.017807135396881286,0.033706273849468886,0.023068037815585356,0.01292086098497966,0.04542200730965901,0.006488747296356331,0.03651850476094213,0.02674088386118581,0.0024275005985857356,-0.0055542692249016395,-0.005826408815865887,0.01641392946084619,0.03642267833021439,0.03350602948257057,0.03580768268391348,0.03637785827953663,0.06185556420476044,0.08566789694001029,0.03212169697899032,0.01539591012957681,0.01436543343940147,-0.02423840087010879,0.05939485310123656,0.05148491888067122,0.019386044233655128,0.0038029909769051184,-0.005892510853185894,0.04703925163728061
4,0.0363893490535914,0.04716431438018573,0.056431669622294844,0.04099658465673875,-0.008647041322066867,0.054980879182029166,0.035120181408020076,0.05130808289977877,0.020508896150191473,-0.010889062747281207,0.06525769236784627,0.08266697593149991,0.006556809362867719,0.07895180716549202,-0.00015724225477628528,0.021785397489927496,0.041499186712025196,0.0512596149309555,0.03427647508792454,0.04547395790194815,0.09219946807045828,0.04314588985235479,0.025783684647115453,0.06882384892618923,0.02035206237673054,0.06849727841910336,0.05492156438102202,-0.021139335126132898,0.02566663819096235,-0.016647552886632104,0.037743294840901664,0.023458735332466365,0.06984120401663661,0.0402314529503854,0.04337740226233324,0.023813262527015627,0.08290319433655367,0.08152907360826837,0.09200341486179504,-0.006826438104696041,0.03289052992367757,0.021474934665453426,0.01074467950110275,0.07420769126732984,-0.015546616724601225,0.000875120024276671,0.04487086911073355,0.027131335045270523,0.003622237695191703,0.02201437659874854,0.015132923761420832,-0.002622853400858348,0.03136573478350841,0.0008395570512505363,0.06327197238923973,0.050666003850285045,0.08133995780424513,0.0938059807877081,0.010771398817721371,-0.016173206815764778,0.03247223610559254,0.033763755316847874,0.03357730495797811,0.029972042608764557,0.06159377761188717,0.0026328478213878265,0.007680226408131846,-0.02013047728214625,0.07697391548173346,0.06522454480619115,0.03297684869922924,0.025482388523935185,-0.004326793539625784,0.07380586529669468,0.09014743627532851,0.09484798100536651,0.043340553808451455,0.04326425794569857,0.06173508786715626,-0.0017447293021871646,0.08471696468796847,0.017489280091579164,0.027371716629911107,0.035731559787951624,0.08210235459142251,0.021242885374876088,-0.0269072789499381,0.07367745459561398,0.03348396180739955,0.06625623686243506,0.07473426181862998,0.04789126962585082,0.0628904025207699,0.05838692613939477,0.06959699771163555,0.046473653075040804,0.02926327659928908,0.0004673632170556774,0.05862422581591943,0.05792508177584574,0.020931568023547453,0.02993798150733566,0.03981084139507012,0.04254980338418589,0.021684849637757707,0.03985399624079119,0.06454613361258632,-0.03483374173379867,-0.06580965597842126,0.038778170352522054,0.006139005294280131,-0.013004860273769667,0.01558869163898877,0.02688204051002392,0.06362508362134113,0.07306364558247459,0.06251292410814925,0.08358675747170952,0.030083979425737893,0.05738485543015534,0.0459262726847566,0.041868733426218184,0.031046107091428972,-0.013305781194298934,0.04691191263854709,0.05501497510559382,0.024599443258884676,0.048363061789257034,0.060465396395866546,0.04948110189913754,0.0485559795399231,0.017184481414143162,0.045949558844081834,0.018633428028811946,0.015358693278918527,0.04001835216777512,0.08517926295350717,0.02446634476659259,0.03799433255179412,0.033338894490583505,0.0476040592699709,0.027305888602183196,-0.001500128875982186,0.028884201681494706,0.054738418502188815,0.014589848351042635,0.0860526689503586,0.014811512969480748,0.05345746438763488,0.08613202564937389,0.0032173877422595407,0.05315972018873077,-0.008452441351040466,0.050600856880637576,0.08602888394041341,0.023911201838549615,0.015996231212991013,0.03316323216304935,0.05751818772943607,0.06560818993574791,0.04314065984044364,0.054504563663438144,0.07020693946818884,0.02467949884886131,0.03306355135817422,0.009053992448227986,0.06432705409623433,0.06558028990453557,0.053078332623905884,-0.0345248802221215,0.029292927879752663,0.013459416837904314,0.01302522566402882,0.020241264483390073,-0.004641908316968417,-0.040253731572046196,0.07851856032339583,0.07289690710774827,0.016210751055164962,0.052320360323993925,0.0533698327077609,-0.013422963158847494,0.022832997605772922,-0.022875625895941394,0.014624671309710548,0.04233898988814037,0.06266791768546157,0.018682985265951496,0.09173393324736438,0.05903950793474036,0.041929622659718044,0.015484974288562534,0.0708890920691373,-0.005978112437656502,0.056152964417088516,-0.022863654887896177,0.07992472070018011,0.025777757521849513,0.03229917879925684,0.01897318058853164,0.029304421702991593
4,0.03931495688305024,0.07241219597130434,0.06799748295355859,0.023054353033674993,0.07654056874591535,0.023779343188284778,0.05149585819897448,0.05971899127792385,0.06901340282926,0.007026610379221032,0.06517914169051729,0.05166599323312356,0.07974727126720663,0.025721764346016335,0.08167224373538726,0.09175578120388268,0.0368422523078728,0.031165591519362573,0.03036409196721808,0.07505703106936491,0.0589425834112485,0.008010920866203072,0.05507034518792775,0.032040684829771175,0.041510199349720944,0.03686373223068758,0.09702311855504567,0.041456268626457744,0.0671255344422827,0.007663201178520214,0.05703713544813317,0.05043984716493381,0.04068339938186372,0.023975587110115475,0.0263395574070801,0.06358213846504572,0.038557522951432825,0.020875860558171266,0.003458805551190179,0.01582721750199765,0.057730169210915436,0.029386598861768417,0.05387533987447257,0.044629512601089966,0.04441051219287173,0.07776282363661269,0.03580580790891446,0.08860155085430715,0.056351524731757016,0.030627358893280335,-0.01246817718766561,0.029208893653268918,0.07915412081299501,0.0057270049232542725,0.036569047628914116,0.049693762580645603,-0.024919616900402043,0.04738005920944955,0.07146223284622996,0.023086816890439787,0.062437767424007,0.022285136119645357,0.06518784274374188,0.09811585559500967,-0.010283340436503523,0.0539066349056394,0.0557755345773963,0.015073272701934377,0.053059555580023635,0.024272235347469934,0.05587365929782216,0.07971792697812423,0.0022521632080534024,0.08641379505499458,0.06822479055251401,0.06010180497409942,0.023930789510506086,0.08248704529445797,0.02563851884195017,0.03310807626531941,0.015049072331883795,0.06354727629946981,0.0350741634150763,0.05417771294758961,0.02103707209273162,0.060760415090194655,0.03857008661810827,0.04368950475290862,0.015574709490768168,-0.00390730870771111,0.0491068914666392,0.00841271213809304,-0.012022612268095284,0.05109459096906075,0.06134189003649577,0.056292088161489964,-0.021284650629401956,0.06286986599420732,-0.003094164232173409,0.005750013923637637,0.025429828511123832,0.023520569571577197,0.031920807499020064,0.0038379624203834783,0.016808153491538573,0.043546307614077684,0.0693454889684014,-0.011500734620476391,0.05867837565441264,0.0859420749655253,0.06152632107546563,0.03990505863139666,0.01632349255002331,-0.006668421026924998,-0.011550741676697597,0.029334566204723522,0.01712808082950468,0.01231711638329553,-0.008062422162293963,0.005661035844736428,0.03569971433529413,-0.0011806115385472396,-0.015454392998358386,-0.01004230825614405,0.04544344724231884,0.032940581817807374,0.0157560723812577,0.014774019750511201,0.05309439969032634,0.029253829331012886,0.03095027835699366,0.03816493810156909,0.020658475735616664,-0.002132976955411779,0.030925326532817807,0.0955713001847666,0.07767171619407613,0.04143493501897012,0.08114328830510997,0.004043113249589947,0.07097650304146494,0.05691843450589872,0.0006946598078187566,0.010883575155470917,-0.011670829011016723,0.054282440811460705,0.07578639340211155,0.05936918992204614,0.03709048289274799,0.06979087937641833,0.04854591516191319,0.055617213372655516,-0.00590107315864432,-0.03706801774216505,0.06048452145406122,0.04843935360744923,0.02512808603736105,0.08079881278886145,0.08193679067283358,0.045588789240964184,0.045927272197401475,0.033754570879360415,0.016877335228742348,0.011753637354740748,0.043831230446592685,0.02038660237231483,0.01580895297782296,0.024967167031688837,0.06409525376793271,0.014549621012589938,0.04286852828735166,0.03881570556218054,0.052218716480084186,0.07428142801574528,0.05461074717905072,0.02315038489740757,0.0931726810815316,0.0716097226646962,0.02808945464867226,0.045875646603264916,0.05462061223520491,0.017873706905912334,0.000564862286260806,0.0392454221846017,0.04080664999000179,0.02264776112867677,0.036134664929926584,0.04423160494538641,-0.0017640456060231124,0.024684007008789054,0.009987470146564443,0.07603228625151748,0.09453998867344128,0.07594241651340142,0.017193367925070993,0.0673762536813696,0.09461764093643418,0.030516509348206176,0.05411004458908646,0.08038229159231819,0.026365646920432632
4,0.038809248519070125,0.07188989654086494,0.07300949893295264,0.08021285129745973,0.044990076626690044,0.06945757651277709,0.06527344703518484,0.02885655755208568,0.027587727699974612,0.08982346429475849,0.036290290852195345,0.03823789381848148,0.0332231570334835,0.02535889248264193,0.061934388529102935,0.022618384729891524,0.06110615146050042,0.046010307073891504,0.03467236358822014,0.06544997582536913,0.06288808893094178,-0.016794762802993482,0.055121886087832306,0.06704812616152746,0.014409214324996724,0.017595026204060907,-0.006097630252642129,0.029563325521761295,-0.008333788565141456,0.018357379228692947,0.0492623490326844,0.054604746980833035,0.0928522538028481,0.06914135036936447,-0.015800538263273503,0.0926822921085306,0.06253984781013526,0.0003576224308298251,0.0799260836115358,0.03191695363278109,0.04169127112163994,0.038899024522303385,-0.004098469959044844,0.036799164148473715,-0.017930164422068996,0.023964438763633453,0.0016405397103528008,0.0732886049093924,-0.0070979444403376155,0.013243182826481237,0.01969990864968676,0.017798483386841837,0.003719490939163836,0.019453527009385876,0.0029925197539816123,0.043812975111233825,0.06298628152798062,0.029344893189595406,0.07836477683726187,0.07643816147277159,0.07161881980784628,0.0819873472415379,0.03167714288482828,0.0515123218141456,-0.002074040286341304,1.822626108562847e-05,-0.001888553973039206,0.08717513702966825,0.08651779185722858,0.011741424813599466,0.03407171354460594,0.03694639856509056,0.07709062026806286,0.04907853438571133,0.056943767087549835,0.040435234493427716,0.005401891349124145,0.07510668173288373,0.06442526214141045,0.02661040969658088,0.008242621438143874,0.011991634758758026,0.05760572083921896,0.06356564211060456,0.016804649760025447,0.034364703966150045,0.04034540597750717,0.06255046967936922,0.054949896599056865,0.04939110686772295,0.019992335363101278,0.06407864519376877,0.02567578617508692,0.051648234033310904,0.05192771025111167,0.017981035854788222,0.038828760186034046,0.06166522003913476,0.03815443066747736,0.07010708761399446,0.06497133787393865,0.03317464779957521,0.044451315354294134,0.021229682995644428,-0.014913213603537423,0.07296998857555217,0.017235329373720132,0.03146607284762889,0.048256157907980594,0.05120778774587134,0.04852705201350365,0.04674925011488716,0.026270699950424265,0.05979706186632101,0.04573701946302365,0.023785664402581643,0.0874657231909643,-0.024587302214350217,0.04577365359620461,0.0255143917285882,0.017873112278036268,0.02286388484307068,0.030643666839371933,0.08701369442960522,0.020488158249160556,0.021664438235128217,0.021617821732248743,-0.0012886706626232466,0.003099270106232309,0.039589635326351354,0.08168316413386154,0.05830844991826449,0.016182013354945308,0.03238611852209976,0.00459966296688899,0.07137802465331183,0.05219474922735691,0.08493962080703009,0.06735514300422363,0.0760376475700743,0.0031878022149466403,0.07096529752738681,0.001301590399073481,0.017579471976512995,0.06940294200789826,0.05543316563091682,0.03474359527337171,0.039105751861359055,-0.003623478642837352,0.05791267838403692,0.0651648248450662,0.023662185547999908,0.05363872061911813,0.008471329099166237,0.05906092683137376,0.04148301761679866,0.038329154373272833,0.041010593036765734,0.011890960191318804,0.03319583600574581,0.027770277282819507,0.050893707824858234,0.0003955219799266427,-0.01718621078159771,0.05630876912850956,0.019514430901171127,0.07744454851187926,0.08472200889519421,0.0253234522602085,0.008818649673133401,0.06275964920403637,0.04484021691159504,0.014797397539843205,0.033673094785994714,0.028388957264429505,0.06184924606434422,0.08009816261419896,-0.020750499168908428,0.051174494512655086,0.014326058149681756,0.07254977246459912,0.037573637279112254,0.03464593699566202,0.02615321901483731,0.042551301001535,0.04251043003986996,0.030269551286489314,0.04958988292706563,0.028312282081143923,0.013808061081602235,0.009699785844809242,0.07707462483263185,0.07294201300000816,0.057565015833597896,0.005607998267689526,-0.011516289886394061,0.06404589595445595,0.015800228156475096,0.04318789124879621,0.04415279506373042,0.00801482506565522
4,0.03778035138144989,0.08688842128896224,0.06270639212742264,0.06968319327533562,0.05116114866378018,0.05121171186709157,0.005203192569716034,0.03816327800076011,0.06036915108478591,0.0124847129179523,0.08420177849198765,0.06275663745020642,0.030651555387836607,0.03486770401579785,0.02620934391787207,0.01843539698052621,0.04335451424345242,0.0784534099749816,-0.005354639231806339,0.026271623862731165,0.0004294359576518525,0.08714927071119577,-0.02997001199088293,0.047609537207732526,0.052959924449386256,0.0640264410592393,0.013888400280646734,0.012167751850533776,0.07066080565469893,0.08817264025430413,0.04371236031760969,0.06560401185767452,0.0783526473236223,0.027823181351440664,-0.0009627321749765966,0.07500174976425192,0.06751536524493272,0.048733992010972324,0.004176480512407654,0.06288336347926479,0.004505486822364985,0.02100743091012329,0.059962009462903615,-0.003176935179231559,0.04539401516110661,0.013347930908424756,0.08410255445867665,0.015024034681263489,0.04269928855176386,0.04971004991601016,0.031111654032970632,0.08111336754117036,0.016161833207580464,0.0683393169586966,0.057606912162384144,0.004508154266395309,0.014773932181505692,0.04064382265805819,0.07509591084178813,0.03324377767354328,0.027799811763854845,0.010567810788725564,0.028758985075434215,0.04842076239018917,0.005126508765084255,0.07001049767071461,0.029078030405213142,0.04016690470149254,0.06063842563837766,0.031090343285853812,0.03261716727189763,0.053027642109339336,0.0345918456192334,0.07603354183773363,0.05523243923221538,0.04940466388169308,0.07306602773307827,0.06053461062509013,0.048934902558868676,0.03973342984624664,-0.009143361403268678,0.016789651834281872,0.05015461140202081,0.04869937261441953,0.0378039804980652,0.009943020244884842,0.009148173062685599,0.02397837923098371,0.06346357065397809,-0.01338660045013363,0.06697399603752205,0.03847321370945078,0.011519444713701421,-0.007039565742196191,0.04835551427506321,0.03941987830708676,-0.009682319733556842,0.042384020609639174,0.08688592962787395,-0.05072377050377886,0.06570691636138509,-0.011996945230929652,0.051371681061258986,0.031361255472270935,0.06010730577797006,0.02684777019353903,0.05696754176328751,0.040485406525444495,0.035354922682510066,0.02084624175373721,-0.011768333339366457,0.04730883160191595,0.056598231217477646,0.04837639930640835,0.0019771863903524298,0.0666745145210696,0.015028953349151247,0.005483633037944656,0.0270006036590094,0.05697448114787908,-0.017537685423709724,0.04270372378227815,0.07434866079608571,0.04078950996155786,-0.01416138899960457,0.05482704388250824,0.06638318894771186,-0.022496064910735948,0.02354118086339601,0.03278132436498878,0.06262534186248934,-0.035315882195454916,0.029342762245333075,0.04146576992626808,0.04240671930331131,0.03190758535054321,0.07492775132007692,0.07398751960897204,0.07898733017150605,0.03255825246357361,0.015362160472639028,0.012846367769393519,0.030599996877683257,0.04722585649952371,0.05284957957283718,0.022176250462403093,0.025398240526168396,0.07228838541882274,0.05558823212565576,0.026434723876871284,0.039175586288107626,0.06580233571050428,0.025553413123024775,0.08832095677795758,-0.012206203582328878,0.04744068591525968,0.04421366363005123,0.0403993065039037,0.07854649491030669,0.08646700501332055,0.03018502704406229,-0.017258202065495998,0.031639903836158986,0.00941484171281853,-0.012669711599537753,0.00601304729978544,-0.04220563182985158,0.017440795689126376,0.0747659020479333,0.012886716683442764,0.061824611705217705,0.07534991812204483,0.05247820111182961,0.04550812952148062,0.054469713518114894,0.018076686374586294,0.05469503620375125,0.038987604176056914,0.061146893055412564,0.06377982622533272,0.051952633242718954,0.042704383032740635,0.023702304341725947,0.022033506203304104,-0.009341365528665609,0.07679532936606165,0.025027691872735635,0.0473907981015478,0.030367018634466406,0.02088206386432642,0.03663505600453228,0.05038722320282593,0.02202370937852668,0.07490398875237077,0.0518641317829422,0.03554809315619196,0.08114052974277355,0.08639962872450485,-0.07062153826899109,0.07697369225636826,0.021830631711529675
4,0.039995676133382424,0.052602500039707956,0.0958721930313357,0.018354630234321514,0.003576476737974711,0.03430664761857947,0.01803231376701958,0.06205856033858699,0.09361036084650953,0.012556549809351867,0.08153898289668224,-0.008056064575738271,0.04397110903310894,0.05596214652677618,0.006211985577568427,0.025933693480367906,0.012484105757075897,0.01767993982730909,0.03697316659029262,-0.002849719684555982,0.05501413288820055,0.0332007019896697,-0.0019022345975854144,0.04757766198145072,0.010007774688486615,0.01077592739732277,0.025111159829247255,0.054339473479924474,0.03335072063565552,0.055160368237782156,0.059755552260227274,0.04211732893358018,0.0802154565659163,0.03743562414408768,0.005605374755756079,0.06080022562113163,0.04162817832229483,0.05929152619135772,0.08287438055740604,0.03789835415513149,0.06560201487356995,0.02554378952991216,0.0025687189137652833,0.006959511072336416,0.025547247718248366,0.05356411759691603,0.06971988132909673,0.07375849453766474,0.02897353634071901,0.09500411314285329,-0.0033777974182567713,0.03093140835635735,0.021192438952467772,0.07138665655710147,0.05913782130953589,0.029858846210377956,0.023478170287678953,0.07790044329248674,0.021676648641422547,0.017889038373951074,0.04369440154302737,0.015669123568803928,0.007520333131926377,0.04490741108907837,0.07134411350161095,0.07188022484352338,0.055960263042002176,0.01740819701601902,0.01049178734735047,-0.02275047171144761,0.0657748528389533,0.08281349839655629,0.09111772227387213,0.04597012506085114,0.09963381554073046,0.06081620899575113,0.04474389226088319,0.05667050069546667,0.028861334530989203,0.015368135488997677,0.046154503785679125,-0.0005135625865197863,0.02341919744826084,0.03814675655560736,0.006444686143348512,0.03580796043370186,0.09303548532363085,0.07575245606669317,0.061924985848995306,0.067628547077343,0.07723496103326027,0.025996048477311413,0.05023569331749282,0.0533713975619224,0.062059791760946253,0.04936001095227509,0.001681903192096157,0.013325632814166568,0.026705719351644057,0.02079037960241318,0.04225478005176851,0.05249788314648307,0.052947250415972764,0.04443101732745962,-0.002377235059091473,0.04453731253873075,0.09240205248756497,0.041323585831163766,0.01945060667159085,0.01705148163953544,0.05620213445237114,0.020876581291676213,0.0567280468571171,0.0729571207696981,0.08093796082105847,0.04276189160487481,0.042271721061080736,0.019562792213711513,0.053789961906594026,0.01122775390926626,0.06640940361544742,0.08358066792899836,0.024638524354933505,0.030325407006690425,0.061525229543116525,0.04650769573970201,-0.028461063319040768,0.022314621973496394,0.04013332240883073,0.09612422433794035,0.01638034524053425,0.06965389546644382,0.06586155657554947,0.07617030923353221,0.05367417442354953,0.08284198668441578,-0.0018192203398825282,0.007215127624635116,0.025640465735067605,0.03927983783555487,0.04590158010566627,0.023026367548273512,0.08506621853260089,0.02168621049210258,0.044972556362771164,0.04658982145945406,0.057064710012954004,-0.0011800958932146402,0.056631435116661986,0.025538546023446646,0.04746744070931155,0.04946612464762459,0.044469672209856786,-0.008484229042711254,0.030405654884602853,0.04177725814423235,0.03866965973455303,0.02978097420405224,0.036315730972126904,0.08250299748332061,-0.0028578763738267357,0.059527391906291555,-0.002203439625220502,0.0023236484282213865,0.01966858100547755,0.07675976121666894,-0.0037593652152953516,0.0779419397071616,0.0529652696574702,0.013150798371774599,0.05426510827379876,0.012980751479628651,0.05419005040806097,0.012332044305271742,0.032841865680022515,0.01546571784384261,0.013931326435988909,0.07981004400925078,0.01912458589605188,0.033377552650288286,0.0647011576379733,0.047779959298592564,0.06276210394668227,-0.012420165416593104,0.05011248545473992,0.019912371255282297,0.03699880341646556,0.024190300274511817,0.02594845854808269,0.07776801255188881,0.05900714261165365,0.03566550892536481,0.03802211625150273,0.031881081919964964,0.007986890430662481,0.0068428980460656375,0.01636661550494626,0.0399458200297349,0.07101472743093418,0.0749429826933235,0.03551996496521185
4,0.04116183514137961,0.03564196662239392,0.03825748019569456,0.006259792097361466,0.03127239454513187,0.0061458122669650825,0.04679083484364865,0.06537040339381729,0.08413422834297728,0.04315370011205886,0.04052834284740817,-0.023995697603403053,0.018927349808032,0.06153465001957231,0.047196071087306814,0.022086068724027737,0.041879977981198066,-0.001377711428262797,0.04978066043678673,0.03215571171288507,0.06201533021858251,0.06075864543666102,0.018229371958422357,0.056873635778572657,0.08516309944735084,0.04489392439115981,0.053597690157166006,0.045484225602672124,0.03164995372513799,0.04086332394862162,0.04428588254422526,0.0011181264622019474,0.012004629568713374,0.021362662224474718,0.07366721095426698,0.01687376948251863,0.05977082264376211,-0.03819084932056361,0.01570051990365305,0.00658832136367693,0.0706933950608193,0.05843455231663633,0.025207230974950666,0.024543256608408733,0.053643355756071626,0.03792643461493656,0.06296468279775669,0.03178300405667757,0.0012707697086864547,0.004685991197104854,0.0418294102493671,0.00866856077966209,0.053977094269946034,0.05797434071151718,0.04725105367518913,0.01340545515768405,-0.013419290093362339,0.08439580559212995,0.06398413484317961,0.007322867263806494,0.053331503499960166,0.0889255039941194,0.04515427660630856,0.09348094612288121,0.034033567877988925,0.04646244094725479,-0.019302603552013416,0.05696647193165798,0.061442467950469426,0.0530113295303473,0.035583520312104766,0.045686828144596923,0.04763124834310552,0.05827359622892964,0.05424411852769721,0.03140371695216045,0.08421589274694763,0.0531367929085936,0.03207757747742436,0.035256363814106156,0.0625281071571972,0.006290044589714383,0.05169125098592252,-0.03199920932578191,0.028404931700773895,0.0413959642776063,0.022516329430142472,0.041651286259049534,0.022608297114851295,0.0708072320786323,0.052002964555562366,0.06920489059468836,0.030753717019706507,0.014175948586440994,0.044149318673931445,0.022994730483977866,0.07621158828253985,0.045350640145666435,0.09412663052393808,0.026865864464584208,0.04121354677763133,0.07810772087031961,0.07264463552467329,0.03948662898488324,0.0036310327753460783,0.01651952262541108,0.062443969447633654,0.0484508579845502,0.053085123218884096,0.025137800760954038,0.09787059596676065,-0.003201901273330074,0.05840939626176765,0.045280823100392255,0.00038626315890220864,0.036025332731870315,0.015303091851220127,0.06676298235740478,0.037829610318114056,0.060575158970818,0.042119996507620584,-0.030098282637568925,0.06137717453537336,0.07145450031463944,0.020618522661437468,0.008093994941713832,0.04833099638169584,0.07031849140577823,0.027821451770484514,0.02904747468222265,0.02201875850654945,-0.03327735743581368,0.05864106906091483,0.06450629505352175,0.09785429482170901,0.06822889243499074,0.019735028668743566,0.04081632828734793,7.004004582857742e-05,0.05358623681336282,0.07323035946419618,0.0023453549120351636,0.019739143889268552,0.027017181954996132,0.054309443452246406,0.049220577304481254,0.07727431428518133,0.04804610593208092,0.07568035467072418,0.01912496478926989,0.06833361641199746,0.056081190369032786,0.05480790654292795,-0.008418874889678837,0.05953407995225439,0.07222565656145224,0.04404046058639931,-0.0016304560404169152,0.07263138616507847,0.044528416383416904,0.05522356270774898,0.03662842698829384,0.015077798902109904,0.07984502206506389,0.0568259711429915,0.047540803690971134,0.036125235212895845,0.03377738453690222,0.020747693246505692,0.06868408476267095,0.03858526899689634,0.09668668347983948,0.07799950951583745,0.035726955339240356,0.04120924453623179,0.058150337109738,0.08324254834443681,0.06395157457438476,0.03930287110125579,0.031091830455040482,0.03927116140188362,0.03867649895127167,0.07985532863681197,0.0391016630898045,0.03830022796780987,0.05318300377175762,0.01708048257164961,0.049787812952674995,0.0027838335538727735,0.04562208271705654,0.06954916814000506,0.08448200424602306,0.0666722955819934,0.042922088047091876,0.016764229659101886,-0.019815396852004098,0.015019874712313617,0.001761719957795914,0.03998337476278727,0.0463441650814763,0.06551079468215737
4,0.037878893647421946,0.050409176247487364,0.019014298209945622,0.08788500661854023,0.09125207030702803,0.017559784041753276,0.05976969463873802,0.021998456533398787,0.03401732198923618,0.06088777921233801,0.021892351312467168,0.03436286909769094,0.03178950505409866,0.0010938342959222955,0.03828659387095898,0.041599190790061226,0.05012297257632481,0.06799771141153996,0.057091081289780035,0.013342472255312137,0.013317899462874743,0.04732668074313959,0.07224360391371833,0.052873717465145055,0.055845248131932805,0.0402503948622065,0.05042468234825468,0.045661608920897157,0.0555796611239495,0.06899543828651647,0.05377680830634533,0.021056681492478132,0.07778446410635043,0.006397966600275015,-0.010150486137267024,0.07715202757426963,0.0386106357975348,0.024664619885187637,0.08967244490286752,0.059527092132177606,0.017055876995954195,0.07578332118037831,0.055208049400564174,0.009517964421969467,-0.0001582913884340953,0.06608674925873954,0.030955580706864893,0.03548039619768789,0.030268670248208847,0.04571024832077299,0.06079180708461422,0.0001504560187449988,0.08082410504554383,0.0702697896684919,0.04329185242413636,0.041219786583754324,0.02048239482076344,0.06726988582052978,0.07942175368880248,0.021153040396078782,0.00754722544899953,-0.0022850490125875256,0.021276397348993278,0.015613975967853997,0.04177353253868197,0.042454702627916174,0.0758275507172213,0.07038278128728717,0.04764574564752782,0.02682785232636475,0.09521970489571238,0.028098799605954346,0.04969550322417978,0.08376559414522072,0.037416128965967764,0.042002372079657464,0.0012509373767017745,0.0752077830576647,0.008042140832827248,-0.0013622413770432579,0.05338884463836848,-0.011813342181828633,0.04530479791153781,0.03678132622237066,0.06133952556069031,0.0008012169743907352,-0.002117915454175924,0.05480015715563045,0.04030268737684499,0.0325799938479505,0.03661682087267465,0.06674124395111934,0.06714900686014699,0.04343531437643075,-0.018278429327106133,0.059872436443644705,0.05189417799081182,-0.02540311164434806,0.002085514398045357,0.08296548425825648,0.033325795211377574,0.04486451758243558,0.07107332940489976,-0.00041910917405679066,0.04268154491333472,0.03004093506479625,0.023717305668856346,0.023824333919330913,-0.02210347494476799,-0.005829754964044774,0.06668446764119376,0.043907185760421116,0.03495338347919728,0.09016445021024092,0.012364627990889655,0.059597340135272986,0.01627540362498242,0.037653466666195456,0.08719726443587125,0.041930405879251696,0.08734716970192616,0.07566731195099785,-0.014596896510361994,0.06056048229442888,0.009964279771627432,0.02430834878128861,0.0230338295210192,0.055111584957799414,0.06384927317244746,-0.003592256933333704,0.04623789971006766,-0.0163155596343159,0.04451288578728914,-0.008406778780727944,0.04233167883872345,0.02752255432021832,0.034377783531389886,0.07657035428242712,0.052906931285784525,0.014813474485786727,0.035968359679128356,0.032633008610855815,-0.0007302521252465083,0.03795436917395576,0.03858515878648443,0.015575400108182806,0.057520055452888214,0.07266604596331852,0.037360554698539036,0.052620912048381034,0.0743728298582654,-0.016812271317232598,0.02939002026828213,0.023845452233298634,-0.01701848272019267,-0.0037896601521742804,0.0563169443488329,0.02405431717987122,0.008255079962869498,0.06465449001212835,-0.01361478779344305,0.06234636002412078,0.022126483415334804,0.040433470132003095,0.03326458932087599,0.06135739595108005,0.06276601567241212,0.04070276376058096,0.08964982089578849,0.054359626909821976,0.056491053931751176,0.02055243599596015,-0.007424972913168203,0.04176983194776889,0.03992313394879669,0.06606224355012606,-0.01682702218842092,0.03882858062928802,0.08321375466315847,-0.011395299232572001,0.008357638438230584,0.04303793709384379,0.06082548568623526,0.03836051582898519,0.0005600436555757149,0.00738278991989913,0.055780416583055145,0.05810757789076605,0.010623294425703603,0.040243761101142805,0.05548578934114795,0.05639562749267882,0.05723577002155397,0.011349567442962546,0.02532385513816171,0.05255753533577115,0.01895198448654318,0.0018945622132140183,0.04665269857133228,0.05839163892943697,0.015130675654091048
