group,mean_r,sample_1,sample_2,sample_3,sample_4,sample_5,sample_6,sample_7,sample_8,sample_9,sample_10,sample_11,sample_12,sample_13,sample_14,sample_15,sample_16,sample_17,sample_18,sample_19,sample_20,sample_21,sample_22,sample_23,sample_24,sample_25,sample_26,sample_27,sample_28,sample_29,sample_30,sample_31,sample_32,sample_33,sample_34,sample_35,sample_36,sample_37,sample_38,sample_39,sample_40,sample_41,sample_42,sample_43,sample_44,sample_45,sample_46,sample_47,sample_48,sample_49,sample_50,sample_51,sample_52,sample_53,sample_54,sample_55,sample_56,sample_57,sample_58,sample_59,sample_60,sample_61,sample_62,sample_63,sample_64,sample_65,sample_66,sample_67,sample_68,sample_69,sample_70,sample_71,sample_72,sample_73,sample_74,sample_75,sample_76,sample_77,sample_78,sample_79,sample_80,sample_81,sample_82,sample_83,sample_84,sample_85,sample_86,sample_87,sample_88,sample_89,sample_90,sample_91,sample_92,sample_93,sample_94,sample_95,sample_96,sample_97,sample_98,sample_99,sample_100,sample_101,sample_102,sample_103,sample_104,sample_105,sample_106,sample_107,sample_108,sample_109,sample_110,sample_111,sample_112,sample_113,sample_114,sample_115,sample_116,sample_117,sample_118,sample_119,sample_120,sample_121,sample_122,sample_123,sample_124,sample_125,sample_126,sample_127,sample_128,sample_129,sample_130,sample_131,sample_132,sample_133,sample_134,sample_135,sample_136,sample_137,sample_138,sample_139,sample_140,sample_141,sample_142,sample_143,sample_144,sample_145,sample_146,sample_147,sample_148,sample_149,sample_150
0,0.03044331232363682,0.03984911652695465,0.03963151235440769,0.02798632054553587,0.029152075579052444,0.03982730469322804,0.03686717731118363,0.017385285912659643,0.05115305886554595,0.018142502668846233,0.03453244500134986,0.019129068748328197,0.04096488622959181,0.039400501629400106,0.03766726899315828,0.03756130651157273,0.008446080010550926,0.034591075682644044,0.019211337067458915,0.022768385088339865,0.021196591256248537,0.034768119335292634,0.013304569977944176,0.03353865775694642,0.029768421052483392,0.013923765640546676,0.03718083498892471,0.02027023377868814,0.021824080296792635,0.04904155410721096,0.03786657916249568,0.020467792801461833,0.028575800249520382,0.017454408240361895,0.03858233981080462,0.014711749020216387,0.054296871945352994,0.031862747554906125,0.020006293479226105,0.03483501125868754,0.046055915138599524,0.05037264071687348,0.03430716353028941,0.027069236344675472,0.023278270115486326,0.04620288866116992,0.04078336237683052,0.024581679205400858,0.038870559528963455,0.022934037017441712,0.03117578578441756,0.02718800467897828,0.021056400633834876,0.030287867817213467,0.014582714198921033,0.022271629552094222,0.029097994405352774,0.021170234233924196,0.023836190953100536,0.02044843306833328,0.015949331898867124,0.025122020848137895,0.03957881272270067,0.02674124990488959,0.024726243524665133,0.01963579599035868,0.03101766084151973,0.031291652066530555,0.03789542784191374,0.01738535126950628,0.04341028698548058,0.028131853690477663,0.03544404627514594,0.03657064937590368,0.031750132084922285,0.016388620804451685,0.04402734500508551,0.029348259268942873,0.03693973245861577,0.04659254687482216,0.019475010168270898,0.03592931296567605,0.029604418765619138,0.019330859619480653,0.042203944036497285,0.0216985309555677,0.048316036337434455,0.04182709065330725,0.04200133505171573,0.03164634457746391,0.03916805969645751,0.024424639503658887,0.013504773710379867,0.02536364747316438,0.03881242329366534,0.04703696943828817,0.03778135092333814,0.02458904125177568,0.028318185862583226,0.050404226517133215,0.03613741725836932,0.02234644333213041,0.01870966472348921,0.030596122307892697,0.023174854396175733,0.03201469290913533,0.0470907919134711,0.027826097268936992,0.026160654615812223,0.030191425007548116,0.031248622063579767,0.03398627104683111,0.0321148315751086,0.03997669352951213,0.040154507287140595,0.04269015798683441,0.039066975705842735,0.026373828231030707,0.03432552023544768,0.034688258474134065,0.021671737829495344,0.035354484511209636,0.02466435231224911,0.029063665601670112,0.03883673333277092,0.02348576465035497,0.03184227123495531,0.030182129600230832,0.0273411561780201,0.028606673166023607,0.03371136514959859,0.02552146695400961,0.027888936477503477,0.027637233447503313,0.028594519653172217,0.051952128183320276,0.0432660932162439,0.029444990976387274,0.01552209535814647,0.030936000380617668,0.04383790592240632,0.025458581409993443,0.01055654363936568,0.01929285887813851,0.016559315759109662,0.033916995952433596,0.027626512223155313,0.019987848328543147,0.03736526056647249,0.02026284979685961,0.014537188356902585
0,0.029320004813662984,0.03339683471091217,0.03652203478535246,0.03465439901370463,0.03240378597524063,0.027933293924832056,0.03581476946727899,0.009229188882311203,0.01944770287908618,0.03066554934799375,0.016239317605066868,0.024498426841781877,0.029512331191734242,0.03970276129143606,0.03930836141994283,0.04069075589862171,0.029268463780060698,0.039619297549444925,0.04201863668368269,0.04721493751082541,0.029268164331167176,0.030085480598935392,0.024815647940793415,0.037832727584041846,0.018934693710367975,0.03686835677605757,0.03505602728627014,0.013711971440013595,0.035300386838763485,0.03551785017985719,0.032567752512674054,0.03364645695666777,0.011667080697508853,0.051497053572667095,0.0425834803377175,0.019949523927071642,0.013029530234981657,0.04333770405864999,0.029173546263304612,0.020943731588837666,0.02773732162762922,0.020297878331938708,0.02325007387912384,0.04313915240008257,0.03740101838485678,0.026839163636632975,0.022129317198340517,0.02022633744946582,0.024119997217806336,0.02641545503815116,0.03406584379014296,0.04573832971366624,0.06502711052999237,0.026216784350371457,0.045594484535279894,0.02428371135686306,0.041244061994897725,0.03638598740908347,0.01822820552801646,0.050142611541302874,0.04119752856999813,0.005229299484382069,0.05095319940044464,0.030100542592655783,0.03317807454191477,0.05259735800455512,0.018054812055917253,0.00568067820885686,0.033562815549625216,0.04277928370276812,0.036656318245209374,0.022970929868567025,-0.006370889017442226,0.032720184542678984,-0.0023829536838214788,0.030808126402895257,0.021110195549974918,0.021310415667273694,0.042470361476772786,0.03191563279326979,0.014615262179494656,0.02788870336768443,0.014818010070293958,0.026269636478250265,0.020910850387010765,-0.005489820689626654,0.03702436295525958,0.03667981131170505,0.022729124846355888,0.02863847980212153,0.046542580373066245,0.025516830076799276,0.030734756705361584,0.032611883357963,0.024259959978807887,0.018342191562077993,0.022621129793878893,0.011789932775066157,0.023257654046197236,0.041759481547694446,0.016026020903004635,0.044588511548605214,0.029230697620306858,0.04553227105114522,0.036818355984137394,0.028685340350970968,0.021714133219980697,0.027347576559204435,0.03197245585583557,0.033515522904473724,0.04639888493383097,0.04126096810894109,0.0066529601568743844,0.039601657007955454,0.04221142669708382,0.02940479759670586,0.042748453430839516,0.0238779795760439,0.014383271007125156,0.03564879524536152,0.024665043465692184,0.018321189989261907,0.03547292872668144,0.01476894289943142,0.03526490655652363,0.02175418366165328,0.04072995749729612,0.02480275451910667,0.037412457019315545,0.033459206050345525,0.042727762444900126,0.023851529446504562,0.027074452963770167,0.029225572537297576,0.04058520052441806,0.030132909217349062,0.019290246975906755,0.014725074723793823,0.023780838989267375,0.02271974050652365,0.017593832983850474,0.04134861143462003,0.017631204587601382,-0.0007196294289124189,0.03553609168135568,0.026429579243341668,0.0320394607570982,0.031502364712907245,0.04110084570724665,0.02079714763064673,0.027882637874965834
0,0.03009321019539921,0.02805266432510129,0.02521392154001911,0.0434101088814364,0.03239540419558316,0.012318447416585505,0.025638474512981506,0.028958638150959892,0.022801427261444466,0.03796576949024899,0.025752012212935525,0.034359993270584796,0.05025038357654951,0.009473597625472896,0.017589871595210575,0.020955867560736502,0.03237834558567566,0.02863482611313191,0.020928698135467643,0.03729596220336261,0.032329078843918654,0.03326489778018138,0.03428089468102109,0.02533607782033951,0.030176297827724418,0.04855626384418797,0.04292564592514843,0.026568642197889902,0.010566738037229705,0.028619263208449684,0.01876461751199794,0.023159314976791266,0.03917741407749527,0.025385080450998625,0.039290296437131875,0.03483658537807508,0.024133213326415784,0.0359746591955638,0.04645058614659638,0.03746945379411572,0.034445128959999564,0.025360477446738347,0.009392553047248273,0.04853601124320663,0.03597338739674219,0.015571485763850769,0.04166368350477949,0.02991206825549307,0.03557591591450973,0.021702120217689795,0.026374399791773886,0.03434425764431193,0.038368035208463755,0.03096905580794523,0.05141714953655497,0.03231624061087155,0.026161267648487682,0.05272753167714048,0.042961731040366526,0.029170309686970458,0.026573596618629344,0.029467393601165296,0.00880786105690557,0.04049868374329493,0.04049698005064121,0.031232671478409954,0.021358208232922758,0.03583054952257577,0.030930575375964896,0.041997873706237095,0.04438977610499999,0.013444473911503049,0.016394728029568928,0.024545473315818352,0.0202766127027982,0.02478132759876555,0.030197553285992763,0.03163248975098561,0.03223833266351898,0.02756045165902923,0.030251566018866843,0.05333470785635486,0.00673988214026602,0.013843635602808092,0.03045281066416997,0.005060757403298057,0.029008925412636177,0.02423895729227959,0.026327479365362318,0.02687826735312582,0.020595342046450808,0.033845555689288216,0.02413940036055313,0.006494579621788114,0.036911162115802365,0.028861159885561174,0.02681892025457472,0.04481886023543898,0.027903556223436026,0.0220252490710574,0.03521433891023365,0.017366431025244256,0.023853864378992833,0.0344578275055765,0.022237728367106146,0.047915264713986806,0.0432512856500465,0.02624917547852157,0.031386749248004935,0.025333459023592506,0.00845695442130533,0.023000454183354228,0.04393909029607833,0.03044980932757608,0.042969387036835435,0.014080973720785078,0.023800965784809135,0.034057544582292675,0.011039763583340297,0.029323771620864414,0.029458807376533676,0.03682052610600482,0.044504327487936826,0.03845125226632354,0.04159788929478914,0.023734595598680682,0.028828303583716193,0.03562576598076491,0.02848963220975613,0.04220728139266846,0.027731522497364394,0.029892336386253555,0.028678913474156773,0.021549151531625794,0.052317255048521805,0.022233029220571583,0.022042166785248445,0.03650266044206589,0.04316405534054146,0.026447324608490953,0.052204028674723235,0.044208763237144295,0.03993898580668279,0.022036842799555416,0.026357533481647866,0.023383521987078826,0.02452357482047402,0.010620955082618126,0.040123574639162066,0.0407808579392297,0.03535262281025253
0,0.030476775124323053,0.041995816368271495,0.05140642655152844,0.027312967698455377,0.0512197396592764,0.02901647981606733,0.03815048317625082,0.03015087697551839,0.03293967328785237,0.010541427128377311,0.028281588018154558,0.02108139370492502,0.03750654778823279,0.028379756984333163,0.029505628826559025,0.022359598016191053,0.03195174109913819,0.04168683829956643,0.03143732413340593,0.04130883951815679,0.024769400573129683,0.021078216266300347,0.03600519385596639,0.02674968350129624,0.004081174421512176,0.032626616144681014,0.02797100017310223,0.018722523248913353,0.025039980023187816,0.028971976690479777,0.020887858236049366,0.03791487159134904,0.037873581984121926,0.004602171145966616,0.029816780007016142,0.04401328621467738,0.027034108710120637,0.024690460436715262,0.018633716285027836,0.019209224879376992,0.026812473887354523,0.05109849036008536,0.02714404830191402,0.03222674156254753,0.01000522724253522,0.015759567751267307,0.04463794485191466,0.021181323815138774,0.024046857226675232,0.018795485077394966,0.033067702063600775,0.012933370937874205,0.05744610619778001,0.037608613133532164,0.03164289476318868,0.020956912020274148,0.028733596553367685,0.024017632345185516,0.051425671102299154,0.03676421880909992,0.03766936968046895,0.02463333578963267,0.024149217182210664,0.0353010838987897,0.03247902322102312,0.01704140787990195,0.02606874092590354,0.04107476396598746,0.010884489346256552,0.04699322515933253,0.030328021081331858,0.029239231483505806,0.025730336112273548,0.03165749749709964,0.03883523632654198,0.03101894119036436,0.026068347678354305,0.022462050211303847,0.03423778113276539,0.034318693581646305,0.03912734050705101,0.01963400931203895,0.0331583527941297,0.02567761389855361,0.024434419535972456,0.048664359103559394,0.025845099970537952,0.008044733533892429,0.020939886215822514,0.05481359900556086,0.026135711692598436,0.024367991620378848,0.032146394935113926,0.03513869321325031,0.026040561606326916,0.02198837478104226,0.026988040385180476,0.045854279252352345,0.01855178185145831,0.04844904369373604,0.038911906998868845,0.03517485081290178,0.017483092479096605,0.02838313639948405,0.03929952490927746,0.02573897933415892,0.03837655608512479,0.028963726325779735,0.03051514758741934,0.03665766797675826,0.03986009524157226,0.04532259885182269,0.04025562550851666,0.029258857309774785,0.03292243957879665,0.02856623500926479,0.03065696263721478,0.03359956238064602,0.031486347725372926,0.027768229435018235,0.04200344050918633,0.02000307808887264,0.0318943233570553,0.02059400786532412,0.03259687936771874,0.04206153040238862,0.023437996960976995,0.03133079390614919,0.03451063336825545,0.03137591555286001,0.028076900965270945,0.04046939228798161,0.020994105003874074,0.03301024166896088,0.0276123176994259,0.01990260475171568,0.03202003380372756,0.03194866220394383,0.03649947987516033,0.027660219927546647,0.023926802725093982,0.05002496903685124,0.05408787815974261,0.02879427346070007,0.022854627411950504,0.0362997882308121,0.03646377213566895,0.012708050023043174,0.030597195046467057,0.03834571407781104,0.02078816849152087
0,0.02965942930648738,0.046137753314495114,0.03399630824786134,0.024407848686742437,0.047968939715129305,0.02638957085258689,0.02867956988476075,0.023145413351433008,0.0327530244520426,0.03307666931673223,0.023630722531533328,0.02365306764317516,0.030294334592142383,0.01994893957585241,0.030635323445099918,0.043240171521598925,0.018250532121110996,0.030260639244464538,0.02494253621803168,0.028871973773854576,0.03677126559773541,0.02937875054545461,0.039610372501567126,0.04077167215654069,0.024937027457925275,0.031827319588360777,0.02062982385278582,0.02507690278936052,0.04982191891845008,0.028132968949233783,0.042763253405338764,0.02399737240829708,0.039187619344220395,0.023099284251358057,0.029767895090054175,0.0407693407116154,0.03285306904562723,0.01856415496950757,0.0331330720307035,0.03187156741352309,0.044757676460438864,0.02952950370022454,0.03136091304997493,0.02917871442108104,0.028283710630460753,0.025025944523924117,0.03181791197141786,0.02745059391947618,0.026138167846807007,0.0267097544773666,0.021381335154304397,0.03133676967229144,0.025924524558666923,0.031087214847477267,0.01938543222459948,0.035446153729711244,0.045170455932819625,0.020476846428609467,0.04915396316769448,0.027994867623510163,0.029305670724658537,0.032537577189685786,0.011099432372416316,0.03184019233557155,0.02603850289943564,0.02905526622514675,0.03132656151731689,0.023286403200750684,0.05157828890374039,0.03954912436736705,0.02886518916394051,0.03641835981451999,0.032588708826784864,0.03310432298751866,0.026893631958239784,0.044450539429308475,0.03910804048283847,0.025158438609349618,0.018835674295165937,0.026337088569022837,0.030398870317011977,0.032387515004905804,0.04567439145869419,0.014644004409950314,0.031937111038453855,0.021417303706584838,0.03808825663560808,0.021588537265619843,0.021616140867845912,0.047982094373803796,0.026482704520648173,0.032049575303108396,0.025779771078868224,0.033531828963466306,0.023110905912323315,0.03614176479942462,0.02919053566938615,0.027644111772746314,0.03384988301802982,0.040821724559607614,0.029507376406948137,0.040147450057579935,0.019140415782078445,0.029864588373770637,0.026917197056650955,0.014967344321896654,0.01821517138885504,0.023269584127523706,0.040215076957129295,0.03425352997641922,0.032870244945998314,0.02678219874505008,0.032575340182455476,0.022668200293143398,0.016402758229772583,0.04742918588718456,0.011256598154859847,0.01636907044964782,0.045685896508976226,0.013582098189267151,0.04002540137226737,0.03200848426779193,0.016975229908964787,0.02099341523421687,0.036952138202636896,0.043559505116329215,0.02612614470794538,0.038156388839464345,0.0019035897122322842,0.025586777609497444,0.014155330256155601,0.024891736768455568,0.039190896215222405,0.02883195077473753,0.007186955465806361,0.022275093482608352,0.0146118203952923,0.03581922314660297,0.025962436310730926,0.035572580172138366,0.03709811661011867,0.028506372829106712,0.02450268113822899,0.026788942645371076,0.037138570707359916,0.01855361353859736,0.030748568099297817,0.03402045083431209,0.012189381272224048,0.04434029535321588,0.0295504905449397
0,0.03062873784118803,0.023246341153513952,0.025873047271199382,0.025090023538265654,0.020899506748320452,0.018983683286004978,0.029147105060329432,0.01739821709904798,0.052508144861980584,0.03402361342314599,0.027815881158029947,0.024874352807845945,0.01670929684311379,0.04190661627751555,0.031817110631189666,0.0253789622726178,0.029601115804917512,0.040921768461435346,0.044648784355215076,0.029163718805013016,0.023707201651904514,0.028725285998490467,0.01574918854909453,0.029414278328428887,0.03450543667440327,0.042066377804958685,0.031693695317530655,0.022298279842730633,0.022408994619141927,0.023009266923489986,0.029780270678540454,0.024544776921569988,0.025873091410684328,0.03364967463184257,0.03802361164879707,0.045905956690421024,0.0228200733577792,0.03101215997188964,0.027839167995638313,0.030451802421989343,0.05650215711908964,0.032535128957734694,0.03764587173324746,0.032597958140748666,0.02519196510945914,0.040448884900102886,0.03997391266344918,0.0402095109052419,0.02245370612395833,0.03618541634868141,0.0332107873420194,0.0245254560707866,0.005882678871507927,0.010176838225706888,0.02074029334457272,0.02886620251977021,0.03707588584136373,0.040009464412966815,0.04753763071385342,0.022846121930273685,0.04334589557514022,0.04307141164268617,0.03207666609184444,0.02654131571744992,0.03778166997764811,0.014581031080744659,0.041302810480598806,0.05845948500322716,0.039328912281480596,0.021235934240253176,0.03976597390670007,0.03899769042660879,0.02874211070785697,0.03694591005476152,0.026611061542291366,0.0334710317841886,0.017809883709057527,0.016783032415518345,0.030046555861231915,0.03733131707353786,0.03931314513623749,0.03756149834911682,0.029247335784938374,0.02323792858843072,0.02771341049951019,0.03120085822980817,0.033758418994721415,0.03178314452657852,0.024752658987855374,0.021168998500760417,0.031440092944979514,0.04663083749344194,0.030250697669769604,0.02462571314987161,0.02596218098967148,0.03331547712760753,0.02150553720898156,0.04618867948503618,0.013721218999746931,0.022273828056740188,0.02988002361571612,0.021732784617871037,0.013125838731131361,0.035442762521411236,0.050327857388674485,0.023554211264020443,0.03740076084939603,0.021414374845587877,0.020570031484520957,0.03365616190302058,0.02670201101375928,0.030065521468326594,0.009423258223077265,0.032910305667705246,0.03628012929318373,0.05092747689009288,0.033761803699863736,0.039432502672699404,0.037045702088002785,0.030169319986943773,0.022856894666796523,0.056741454511816086,0.03151680686421916,0.023310829033595406,0.03224956282164159,0.02333474759947956,0.035758013756573295,0.022246534150947808,0.040189612704307744,0.022390736648780874,0.02024981110455193,0.022312079574839435,0.00977540322026367,0.03620304787520725,0.029231617961114693,0.015359276150779075,0.02663822871838599,0.034624714274840866,0.021644778045748166,0.02002707216084003,0.030264925640037132,0.04836407565314485,0.02524063813158677,0.04030602572160388,0.007968664420409565,0.03489310517261081,0.03217438147821372,0.05044438750778528,0.0415483424378494,0.041439215074218806,0.043199742001817476
0,0.02960266554401901,0.04857386113395974,0.022357018122486222,0.025644337828471534,0.029791008974518578,0.03614005470118281,0.04083176875034566,0.016301535095490594,0.019108097722608054,0.0471012615508979,0.011934210039895646,0.019358969417204414,0.011776684647107367,0.02361721832655928,0.023377481401536587,0.023655020846477647,0.03296393979554273,0.025418271796055616,0.03172553725017799,0.038965686068299345,0.025480793441849923,0.033734779219429405,0.01681689838167834,0.02185244619256835,0.039299743183388816,0.006378388663156584,0.026692681401434534,0.04246751465441774,0.03748074495335624,0.013807853020462786,0.042188174023975386,0.040974498248908614,0.01250713425398546,0.04828470175906761,0.02405406793374154,0.03243788639148157,0.040392562673951096,0.009255434021648936,0.01806911919089864,0.031634343485352205,0.026401860909932375,0.03730429057555557,0.02873246339466031,0.022105315763791943,0.028192499512844943,0.028992861268960807,0.017861867057067417,0.015761962546569107,0.03492542373905272,0.023817086183115954,0.025079095879384127,0.02629072199141866,0.018720919008715253,0.040552188181998364,0.045897346606035776,0.025213925961685934,0.01722031522723064,0.050123890131425944,0.025526939179266968,0.019637130992193424,0.03464873741176358,0.006929770976231306,0.028080049054536274,0.0448106858857629,0.06067956471040724,0.021621773620421753,0.032877015772080374,0.030002409032521368,0.013182315281627874,0.018685136039576195,0.015377829269906012,0.028437871782997212,0.02352222403540167,0.030796241884263557,0.028361446994185725,0.02992567674055698,0.03202704183370815,0.026827073328022262,0.024076031519245703,0.023221095656859845,0.01635040335607199,0.0391223000981816,0.0190652119316765,0.05161639451220218,0.05336507910697146,0.036911652705644546,0.029511210849827985,0.01772628034169431,0.024140784611289982,0.02927882178908141,0.02312428623411948,0.04477427754662017,0.019967410100740317,0.04522098136310153,0.033658809568749504,0.037619923693492256,0.03139292442769648,0.03934200098449597,0.03067658435149854,0.04432261572763157,0.03776820165969569,0.030436221287706303,0.02066095261180527,0.03788850133868527,0.019326211227121172,0.03384389970305408,0.031501659189831305,0.027832988973110172,0.04877153082349801,0.0275358491210987,0.0373861680114783,0.03058939431145656,0.04006788166329536,0.02675994728230128,0.019389151153622507,0.03280170071508378,0.01961016309451482,0.021073882440506293,0.026859168228442826,0.03858115089628752,0.03213300926910738,0.022396683190164725,0.036521464412587794,0.04817185885122028,0.035864184512304116,0.0310729259597665,0.012097420569809558,0.02928732604578187,0.017204705845265983,0.025732076567040466,0.032957815719775095,0.02185059480773912,0.02995144399216277,0.03166529118870974,0.03519769452543322,0.021328156488855568,0.046917654295343975,0.0330750851143315,0.02672139013011634,0.021053775709981286,0.046052107641216686,0.02984167053098491,0.03913345941794308,0.022626663854861128,0.033299463306869066,0.03253220927309791,0.027995809554421974,0.03789975996881577,0.03332766670507266,0.030887433573366124,0.034830630042769345
0,0.029531117452462848,0.03872666844186755,0.022729436888590072,0.03938139689156093,0.028860730482703,0.02112230368359002,0.032169430177719394,0.0208258164321675,0.034758401866084615,0.026087103672788325,0.025745538656292935,0.010102605956164135,0.027072503986900164,0.04484126824313517,0.01375554213959107,0.02278760226454432,0.042909789744760535,0.03235673855903086,0.03763328835639424,0.04620518233973536,0.03653365166733478,0.020779295695592868,0.03412870574111223,0.017807220993630822,0.031102367614216045,0.02359606321720651,0.02609309441584237,0.03762239737962649,0.015973633727324587,0.014522690534533285,0.04239566729207117,0.016400279784073345,0.04111422009563904,0.01189343398632402,0.010325681761521918,-0.0007213824775144685,0.040500603822100786,0.039921990855278505,0.026597005332478642,0.025043454556413682,0.03505431037706978,0.03219280357224005,0.023905893459904595,0.019010382686511222,0.039138332294652044,0.015603491149616554,0.04565151744859609,0.003287145361146087,0.02294827028497749,0.02643149661797685,0.014674901060036124,0.03231027897010862,0.03913769614666036,0.027861226577041806,0.02841023474326927,0.0273083150789329,0.04363961615818889,0.03793972200611008,0.015604189414886185,0.047763895779262794,0.02890360451847502,0.03779349446700963,0.02707156102534879,0.020082323761463104,0.04445353888389561,0.040208007874248365,0.03605530625934513,0.03619279526295721,0.026878282569632705,0.03465677705845721,0.02674445081162415,0.03998507552417984,0.02390143849876757,0.018896478797990585,0.021797395063176177,0.04038859387387131,0.024312529392568123,0.05332771388806529,0.027029762587452204,0.03856194133066117,0.021133656813363027,0.03282091476142543,0.02037137093084904,0.029122359405033212,0.03407668959374416,0.04679393685336922,0.03410004577987404,0.017206359576149646,0.03208518840620901,0.02654622072454342,0.03294792995629561,0.033677719789580125,0.06097344608462585,0.04212869766963591,0.030734278167989147,0.026340493853401353,0.032460134874094285,0.0242051918357167,0.024323020261530513,0.009327567412487001,0.024783909986572632,0.041277309747806405,0.03210963130679042,0.02707044795027342,0.011798571801533542,0.017631940181181853,0.032684697840004655,0.053072720938299164,0.02782755459253296,0.04351334210551886,0.0469383629597481,0.028709175710308267,0.03437941400227673,0.023345056002830128,0.023339750299739722,0.03971184564362427,0.040487867645459204,0.03445512252878792,0.03142166165177685,0.027178501886110547,0.0407396727634908,0.031087004417351977,0.02805224093132653,0.02963686181599485,0.018133582107765986,0.0214634674959377,0.03708044464686842,0.011610347533184455,0.027803176647079198,0.04349271499066425,0.02082303000294941,0.022848778802653798,0.0334297071946124,0.028129552919545102,0.02757584372483976,0.02008160586581214,0.02668926926106497,0.031958782007088064,0.019489620675773943,0.02410690776036936,0.035282180135524956,0.029545889260817467,0.04817567712341194,0.02388379966995386,0.057128515231383584,0.03234762301602541,0.017196668831088602,0.02953242643092891,-0.006126086499311997,0.02798221606826216,0.03255777409107245
0,0.030844937825012075,0.017279920614781855,0.05489500226912248,0.02422975513047238,0.04968321820019432,0.01247067302759513,0.044833257817351264,0.04608625188959999,0.017404172573212154,0.04621559397096893,0.03566488361280953,0.04763680454054125,0.02806374377989138,0.01700422493681327,0.04100071650189698,0.03845054261806761,0.039132394201221235,0.00793128490983902,0.026382858864145143,0.04810212994503639,0.030003057244159644,0.053899366294239415,0.03426015427587013,0.024337231754713643,0.03592516149606195,0.022034112697841682,0.03855308085172895,0.0358617875512183,0.025125986228708458,0.01680956398335826,0.0383510860250984,0.037209289980726715,0.03549215489125826,0.022756991155011785,0.037450605125376894,0.020691315123878416,0.04837902925233206,0.032305046560922736,0.025680446262054638,0.024474853762425513,0.03672648810643953,0.03119080837883989,0.023298093879667178,0.045605787606305126,0.02570758235125075,0.04370829415867435,0.04486894275230494,0.028511538348038105,0.008833654627687534,0.0399277069760993,0.014230346759440158,0.0417755398915289,0.024856563954655825,0.018462563523257453,0.03125805022767244,0.032364518519842886,0.03301597432801961,0.03886717204857192,0.033333663049892256,0.027145498105595894,0.03383329980917033,0.03213753946138304,0.01448657764290871,0.03827651459130345,0.030989912416833847,0.0341666658070387,0.02580000407448003,0.044175113180215345,0.04018610697732461,0.037993040386374424,0.01926621155668204,0.017250385673436886,0.01712619733784728,0.024693117294757372,0.031291193977241116,0.01881707540329953,0.02680665828721984,0.021792284546835135,0.022049082508062843,0.035635518122877886,0.03332270385707331,0.03315187356512919,0.039577453312317996,0.027379766441200132,0.026513378090562797,0.04168097309536657,0.03631164780339424,0.0425591334278619,0.010710464283470972,0.04683009711850693,0.017715346515780786,0.013042223900214502,0.028042327285372495,0.03583375704056441,0.014791598100154357,0.0465308961146593,0.03329366480608559,0.028563578656511178,0.02781607700273546,0.03279763807573209,0.020302437660155104,0.026205100185091895,0.035451771788790075,0.02781250393620209,0.028801349183836,0.0332798669372316,0.03988784109555901,0.021212858335154378,0.034821521827769826,0.021155716932193435,0.02485193942213123,0.030501111548575734,0.04699361374941153,0.027436909680530877,0.043942519896494385,0.03646018440211387,0.025105574941425058,0.03340408683067477,0.019334836264722387,0.02156989288734354,0.037757109407487575,0.025647960788569058,0.017677910373956836,0.03766780312923964,0.011341314786524483,0.029543224924652712,0.029979939667860757,0.04283096301879407,0.019080170200495752,0.01702278135216162,0.02900912043916404,0.04180269236776575,0.03976053352296822,0.03052245092645057,0.025130930965885263,0.03496722039393738,0.04728555704447883,0.03328933771122463,0.05598914661332357,0.02233447823850565,0.02911367009096779,0.022890981268271042,0.045376608823865044,0.018083858933732495,0.028866511792035986,0.02205661219492883,0.018852344786967443,0.034572422543939135,0.035758583813973614,0.03395229927387163,0.021050861788088952
0,0.029473397202187737,0.03644391835510725,0.03367088803076168,0.03308368508980592,0.0375051977110733,0.023663978372435387,0.00675446055296473,0.02173523938641512,0.0035889371594337305,0.030629120368750925,0.007132216418836438,0.03437043210415358,0.04362159152630081,0.02034868783685939,0.030875236377522063,0.04090176155448852,0.01069317332729847,0.02895715620957492,0.05314907635618071,0.03483365044126862,0.0498909575600381,0.031832466647838294,0.03526183820985723,0.03384826309456437,0.03063835895290363,0.025041363395515902,0.0443192233357315,0.03833283492382107,0.01731450549283193,0.027297875892929094,0.017298755900218184,0.027505089575963294,0.025890563853208745,0.03765713239428858,0.037724472947281186,0.046490089535306874,0.016099602464268628,0.026243585906601308,0.043051002382853205,0.023731672952261258,0.03624922675050252,0.03450066321198493,0.0254872789116884,0.028453505616045337,0.01490944911554973,0.017134137047357875,0.026219167195152195,0.02948299959771618,0.021815191568892764,0.03856287942825681,0.029420065690191094,0.02513109278970977,0.024676197263826638,0.03707347095193881,0.03511267783581189,0.032186490484825046,0.02073402075121248,0.030547407833210877,0.016452478082983793,0.025685087549431322,0.03695641757256701,0.0372356704452957,0.031861659425387386,0.036153091762837375,0.021577484029042124,0.03563377929712317,0.02999277424142254,0.005411537428468449,0.035046940237067545,0.034552768058836926,0.02900143176844153,0.032383013838780506,0.01838709656790507,0.025226214035916836,0.03482705595654598,0.05275604457951967,0.022367564139982126,0.0297436537878822,0.04199701694907054,0.022268186560665437,0.026464599196481343,0.024019173937406126,0.027817416034784204,0.03292133879665421,0.014832286232238942,0.02613476799582877,0.027095402854543586,0.03666330543523749,0.03258110891970198,0.03254556034248367,0.01814745498563108,0.03315110581480494,0.02563242869706951,0.017540518978185593,0.03572720479938933,0.027577532950550845,0.03630237814060202,0.025352115455787784,0.034750452323986665,0.0208448708193193,0.04843517083033244,0.042854217793330276,0.027919766885811916,0.03792095231759987,0.02289471789814196,0.041870800226315355,0.03809436688143493,0.015294172115105618,0.03169560114767312,0.02362735506390784,0.022805647702132177,0.025100122220419442,0.04350718263667685,0.037961827668311396,0.025389475718906592,0.014875142723784934,0.05295417416564417,0.026909264733431394,0.0252914752178683,0.021245090994157674,0.03704500538841647,0.03593873673059396,0.023769205169622817,0.025202127998456236,0.03835305841003922,0.03018565289598555,0.024412526669365487,0.02026744937208487,0.03992067350603256,0.021660732086877247,0.02173907875572147,0.04242841687015578,0.020203304599919814,0.024260680129935257,0.030418812339110594,0.027290192312575966,0.023147357189931526,0.029533549934442137,0.03564584005897322,0.051846236348964854,0.033075969670098904,0.03497756527158126,0.018961933221003355,0.029240193710673715,0.02492270433538437,0.03790189722413147,0.028851780065913404,0.030872531581955014,0.02735677591025215,0.01816100675014482,0.020030087211582046
1,0.03390211927998984,0.018473412400389626,0.016705375278185036,0.06128644837441287,0.03287631131574879,0.031419167754283904,0.039887184750529846,0.04729512776883369,0.018701671081799248,0.010921274299763535,-0.006872445345896795,0.03889466339047945,0.04481377117233117,0.030798355891129413,0.054973737122716027,0.029299351953385958,0.005510706302521994,0.02359606957208821,0.08079935261906157,0.04167893862706558,0.01048141211426603,0.04923782836173543,0.041952712335864714,0.05990600004181623,0.033676929120633,0.04681663745889083,0.044099265343637256,0.030440431190713324,0.06188308485634644,0.03907293446673814,0.05576891280439745,0.031174426101232257,0.0337513347813616,0.04356896457576159,0.014040138569164175,0.017899600261616473,0.016559332697765935,0.01889378591717837,-0.003822005218913592,0.0344925272759925,0.039906639832763845,0.007771562879048944,0.0350791767614172,0.045508936131202465,0.02676170103175618,0.03549763717095031,0.050526142861849754,0.03713343498059007,0.03395167951928717,0.043411112016767575,0.04664088513062822,0.03756838724500683,0.012602431055672218,0.03106672909771175,0.037187848918412474,0.015292407688015153,0.029459300012225874,0.038100420491953745,0.03960281326789631,0.046508024550128396,0.03154987939741611,0.0439060063257721,0.009453236038123349,0.022755408695834686,0.028268906500541507,0.023021262167528284,0.03907959495514145,0.07555982105065415,0.041590432542369354,0.05058370407045628,0.0633484984006131,0.06105775000331876,0.05701843815414463,0.031581362248086796,0.030995477660692126,0.03732478424626392,0.03862090337761155,0.03709128819789254,0.01838614018863098,0.052798912575501844,0.022756340716277596,0.02002796759836457,0.03651174013684864,0.028261134206351745,0.02362690304940198,0.050258448350069866,0.004969063024920711,0.02465953530828373,0.049156630522440806,0.03915473403680546,0.029520341062659897,0.04026166230361684,0.05334477749222091,0.014778165284913877,0.05508863875872151,0.019126744170566243,0.04588732041471781,0.020999228680755263,0.053454223162304845,0.016586537865184183,0.03952211144251949,0.012391162500760593,0.02515427296023346,0.06525979344870408,0.004171167196382178,0.053678499521795056,0.04709098359224466,0.016266191239104697,0.031628320876295114,0.03827216269912796,0.019798073024891234,0.044226715208810746,0.035357608779723576,0.04308214494192521,0.0677761045741361,0.01099486738337152,0.0074136102911161635,0.0507727248522446,0.010724750911109703,0.009912370047794605,0.042903311031274684,0.051313024512545935,0.02608079301705002,0.014286545018675992,0.02746067235220192,0.02447447792025423,0.06200365440295653,0.03625135968731139,0.018591368198701243,0.031232440323335678,0.049307940594040124,0.03311721350635239,0.04165177329431849,0.025273996734320268,0.03729367598008441,0.03923908312938716,0.048328123455040894,0.0231818609976394,0.004075112473481149,0.011813364278630431,0.034793222476779004,0.024670039306306117,0.032612683516123585,0.037263998822215365,0.04742405106802803,0.029305533076896356,0.025678949764649697,0.03214857986062875,0.04479673402923119,0.022585082542358727,0.03971365016503469
1,0.03311922781806334,0.022599189264187337,0.054156403034052336,0.03145312297502703,0.03950050612449546,0.023058011421180667,0.023043104965834733,0.03073430131296433,0.02523371063356225,0.04390533266377798,0.06345760652627055,0.03360810940660082,-0.0008449121512815599,0.037022547828365664,0.02018469482767697,0.04979961965917562,0.024760849029600594,0.02024035526216548,0.04039294664901941,-0.01279564322002643,0.050885405701306355,0.03769193125812035,0.00861937379257809,0.023763668238394278,0.05498618536773174,0.06296217459164755,0.0417474113306869,0.04417292586039129,0.06354058735083296,0.03473284066741639,0.033892666601397406,0.034254288419158146,0.03301892209095581,0.010456627876827461,0.04064395483799006,0.024369368950719835,0.03162947523694623,0.02294502212613852,0.03968509888223285,0.015724200357517707,0.02226319121893836,0.030809526618523174,0.04186164725617686,0.016496721422566814,0.04958793115499316,0.042957204663669965,0.04846024553721168,0.01621973596283234,0.03036061481609983,0.05115329113366273,0.037755480705673354,0.0545257909622205,0.038324520419078245,0.0020495738615135817,0.019172469782280446,0.02556497155136631,0.03995884285663371,0.044704409254049185,0.06607090551289188,0.040854449306268414,0.032927859605377786,0.022281722569880525,0.039028109111405924,0.04963650607071018,0.039414769548808244,0.035825980529938545,0.011207398501677356,0.014288009716040054,0.01602028368768274,0.02380657701840847,0.027304012186945805,0.024709277573701456,0.049698207930807196,0.03466568205696763,0.026458326850326834,0.05533767117731654,0.031176894472494186,0.046481227290203424,0.04650301541596644,0.042748763457640115,0.03512041611949126,0.029199498885517622,0.022616096871091756,0.044871232134404485,0.025063998776601787,0.03478200198334288,0.043130822154383276,0.05400130153751885,0.04415597865681606,0.01673965416908496,0.04162194743862073,0.007531079687864463,0.012922633071604205,0.044054322262789096,0.03763000218699046,0.015808073869184154,0.026502507098650895,0.04705032027919065,0.02636622560533625,0.046005732360849975,0.006456626162875758,0.03656805396546791,0.03961270574836717,0.023887857056096355,0.029577957584255077,0.043891473526722416,0.02497100039070908,0.014901396372906626,0.01206307956217419,0.0304275029770996,0.04130681171977773,0.04662103096183018,0.04988724224387665,0.023321658112477214,0.02902897491352566,-0.006712045746427996,0.03847999194699926,0.05282888454791482,0.05810528665250594,0.04730654297856711,0.04012918710026844,0.027466210076035266,0.02989020582593609,0.03757756167087086,-0.008892427261993574,0.0262295400019493,0.0368155719007191,0.039124298691310136,0.02752915659592967,0.012070529078612207,0.03598126174302174,0.02570271938607554,0.025639684200599935,0.02251043219321263,0.03902219544329668,0.05430594969945757,0.04088942959951783,0.03926194145935047,0.013445184880573405,0.05170216286013885,0.053682315645448224,0.022513408643183158,0.04615269257065129,0.03149822592589868,0.04386029427835403,0.048294989967511234,0.019913081449586936,0.041052913258160496,0.03659413477940989,0.011245326177017238,0.03106631352175416
1,0.03350016579959888,0.05505976809412575,0.019857211912714466,0.03594614317279009,0.038397296432249456,0.029893924729113695,0.031317475410683915,0.05094025747967422,0.04367767892845796,0.0411063019584483,0.03459521156703727,0.03473300379577552,0.02240284263282704,0.049323747980677735,0.024521043210219716,0.025430433267930406,0.021983779482602432,0.04517018576636846,0.03778357122602977,0.04599483291362906,0.016764731626228078,0.04659209271400078,0.020963737019414504,0.052091432484165784,0.019283840370954427,0.06345438542924828,0.014372024673286278,0.03710713822458547,0.027311221621346214,0.0330916677525341,0.046449419337065326,0.05693809222438053,0.04767667580680635,0.06737522038145223,0.007865184947065826,0.056622587309524575,0.05566961749852706,0.05698939723826013,0.0009856075728399208,0.030316796697907173,0.023458654398056677,0.041126481860315534,0.0392791326452199,0.03210650297243272,0.030526896079786533,0.007807606387678023,0.014650276059746826,0.04545755948373832,0.03692030537347765,0.03692221398244066,0.044285772500875696,0.06978155507427172,0.023047576559088553,0.025055240396998683,0.03196983407673693,0.044312837349896196,0.032826062936530884,0.012402815225914365,0.024952326063202034,0.028449414863805443,0.020738482690323187,0.050973630682144805,0.04345864151659309,0.03543640385779458,0.03207075204319465,0.039520577889157624,0.03961698401345444,0.03482840859447686,0.03566702305089066,0.020602032740984218,0.047417772728801294,0.026441168888460643,0.022652841392286627,0.019779735309293577,0.0318262602683355,0.00839787274853887,0.021594715767172708,0.01678328859087107,0.03700591360778382,0.012849715889086465,0.0375862438913559,0.030822536733329527,0.04718302590969117,0.04003283521543355,0.032837398272121204,0.0347456565607257,0.020539687220134144,0.04284509908333489,0.026438713775498654,0.02880036863324582,0.024943336390418028,0.004712877521224169,0.03365812052931476,0.024343904693506734,0.019406537286854056,0.044484175995350865,0.06730243399636987,0.03198421237489395,0.009396227177109646,0.054087099561071945,0.048326022805912694,0.02834746855211161,0.06926699018468976,0.009935676491734498,0.0555682367560673,0.026839741030768763,0.027642400334544542,0.03569030046815729,0.022030098339392006,0.040469352244982645,0.016521899835999703,0.025467214503844093,0.03577518005536301,0.02406331286503981,-0.007067806380351552,0.036787320154291175,0.04502805009587894,0.030271709656808227,0.03497029558617903,0.04087408486334381,0.03196635594687167,0.03430291445320083,0.017119320650430734,0.016270213648339475,0.03133855895953383,0.03480225618020473,0.02507272136903551,0.055145241424084224,0.03722599773577202,0.0492888503307261,0.019727317993102234,0.023977125379140457,0.03186130974568455,0.03598973928328771,0.04171679233294102,0.012118021222192701,0.022070599848178028,0.039866746419792376,0.03596142294718582,0.04480232154635062,0.038899997130865116,0.03953200479582568,0.02411395585685605,0.033987364930234125,0.015625562061833204,0.023751687204606176,0.02113687801234067,0.04240612829391058,0.055167253427348184,0.049572549980231945,0.048192754113176445
1,0.033897005756031766,0.02680215138094606,0.04831068964593286,0.007828383780303136,0.03063670383691156,0.016953045190462666,0.02637802661810698,0.039170637237423526,0.024144727111576374,0.01921899454736472,0.008573006530734222,0.030473489649781815,0.04021888283649526,0.015420658425660518,0.060671392076750916,0.014310844419924803,0.04198054088616732,0.035581670778572015,0.053743645495719805,0.026412843823886454,0.02538772641931636,0.026265279124886614,0.015751527408524327,0.023033088539228405,0.038295228668890346,0.02987799297277848,0.028110048431123084,0.035833080184782394,0.005325414683567852,0.03452832729100048,0.029048854505018117,0.02324958959826039,0.038077045030326946,0.022156862744579814,0.04264325228082787,0.02390814223845638,0.03010770251998731,0.01173837470918336,0.02366688541259214,0.039849326369908164,0.004919422807441686,0.05783841259339201,0.053154763694959,0.027378213847483512,0.02968181223256353,0.016964206319530252,0.02119708854178217,0.028437548086841253,0.034692361916837125,0.060087524278726365,0.01787957227523248,0.03861374013478719,0.056769663377673064,0.03245446171151245,0.042422899863939115,0.030705807727449477,0.026802441988319995,0.021352329931439845,0.036959193380459276,0.03655927764642412,0.009275173919434838,0.03232936474388502,0.02545312797684484,0.041718148793552595,0.02347313827479773,0.026504662734025932,0.018063106076228012,0.03710709825363434,0.05897395190335876,0.03902366388770305,0.04524131055701444,0.04771192831450188,0.061201793316654776,0.027123394897316713,0.020989494779008234,0.037261449392030244,0.018065470820789242,0.041540847436136605,0.04145928414505762,0.037655040264197394,0.016988326140727275,0.02882923283605591,0.03314517733161344,0.05108647511366225,0.06818670931467637,0.04796839261025143,0.03119132642516172,0.029994933767160857,0.058421570318616514,0.047791185979615375,0.024743089950253493,0.009899713579828346,0.02985493017918868,0.04612408593393882,0.0470153437785441,0.04863767678584775,0.017925266976898134,0.02332720508214712,-0.009842399377901948,0.033548247900475406,0.0330014753705358,0.035080272371144576,0.0389691921209407,0.03634627249995471,0.03390314505851679,0.04117649421558545,0.03912794072053328,0.05647073133611368,0.026817410345538195,0.04404324715350524,0.05042934558935219,0.03527062419067876,0.022851856087036777,0.03312200220096486,0.027908056780813713,0.017717605611922062,0.054620472461292764,0.05884381501880555,0.01107303972792983,0.06617019308927663,0.029517526538822007,0.012688432490758354,0.029747257901816315,0.04293513120404392,0.03903204447087373,0.05614380810992828,0.030465318280203327,0.02880374464658387,0.014969740208868359,0.05175733619553086,0.06576933102883221,0.04107573585256414,0.04552586152264546,0.02079133098446072,0.06246515046766553,0.015226199516750413,0.04416632707052052,0.07441007034361702,0.017026866947194064,0.06358895180802392,0.029612674879439332,0.03086990065533026,0.04663589058727492,0.041147612543488435,0.03755369427609713,0.05004666917421387,0.03957322918290412,0.02885017699468874,0.03217835072397767,0.015107759771647074,0.020362780199871956
1,0.03370829475615819,0.04232672299209329,0.05697726694482818,0.054981415602095955,0.03485433477835605,0.04064042653664089,0.031905209372186195,0.027296620087949794,0.02304951679407842,0.03847382141149452,0.03519926451434405,0.016901238068802164,0.032822093976665634,0.025803859309995278,0.03229185571873297,0.05140264265002249,0.04322528390071786,0.04136745397404413,0.07268501627635263,0.03481043938359878,0.007864701937266301,0.03451832880629875,0.02386638035996018,0.01944809100526769,0.05580077249879478,0.06621023817176688,0.03725288664745042,0.03667852997776965,0.03234643983667973,0.026972952530875498,0.028730363571575858,0.013194302338060071,0.02734425361484217,0.01871876218391637,0.032397678822750214,0.025084659784936576,0.046506296017754724,0.03895026811422446,0.03591572397659826,0.027910467926022788,0.006292300870445175,0.023377720763434844,0.03320169103771234,0.01837803243786628,0.03431843184806821,0.022002409678344523,0.028263780988992317,0.0354215294614275,0.05181204410265944,0.016100214105623387,0.015137521525240602,0.021947840574052982,0.01976969213796773,0.04320315684800887,0.03839032437187188,0.0301113972355838,0.04899432103448666,0.014588788288915275,0.0010472403514922152,0.04513623617839328,0.053575558872089056,0.005291272119834805,0.06242016998709801,0.023737281928489305,0.06652431855847589,0.020937861813290583,0.02510547251044556,0.02246521368545821,0.027946387760302636,0.03480665010257452,0.063441899687919,0.03745045398220469,0.038224621050938705,0.05934862820109128,0.027002390047983285,0.03449564966562292,0.025693038579846332,0.03382787937348766,0.028021265266367043,0.03133820301178375,0.0047491695030374564,0.030196785167604562,0.020307610398174334,0.04967609643410588,0.051512387963754847,0.054493757816143615,0.05494522098542157,0.027327360269196375,0.032444886495987056,0.02575180802423423,0.029090549806930408,-0.0027315830175449057,0.029471673859474707,0.007228811495827991,0.017437655232749493,0.024115649438674357,0.03513054217582541,0.032240065420574004,0.02881719201978718,0.03980109024410149,0.008821372812063511,0.007998051060709159,0.04274660569976325,0.0350886345329523,0.0526330317697431,0.05752155320775893,0.032384071371475476,0.02751881384532292,0.03039804620908446,0.04728534634396331,0.040078655480140536,0.04486873288254219,0.03242146518646033,0.03898690688952204,0.06892174798604211,0.06887917128866416,0.0792921726620803,0.03625525404177873,0.01752075127595317,0.03934824794527535,0.036696254078390146,0.04681959921949129,0.023466213799006104,0.02388830016550297,0.030406287768890962,0.019886848448471658,0.02094624690112716,0.03943458885356857,0.04912222444028523,0.017690960238245172,0.02793091039900509,0.02646248207778554,0.01773080566391961,0.02624039800214079,0.02202021062170953,0.03879365101480673,0.008823868753019125,0.04152718619488911,0.03860509729644583,0.029773558479501177,0.027108247832654492,0.0462307426400101,0.030461838232153704,0.03622214982732457,0.0431801144099629,0.04689132146832854,0.033229320520585554,0.04516033834825671,0.06754428033226584,0.010282457217972826,0.04081687749095557
1,0.030025789046822442,0.04811178241251915,0.018239934087728962,0.024403639467790894,0.020929458382931976,0.03894414751803433,0.026777263299972376,0.03276978326647837,0.02489930117909834,0.035146479549308406,0.027547478552978327,0.02310483183849006,0.03684122416555881,0.04303587124256491,0.04432671976404377,0.04495610238354534,0.037617358008340075,0.04269140603655513,0.04286861521895429,-0.0004956316333698807,0.02466737774560078,0.0395069438586672,0.017101125665558818,0.021021512592873437,0.03972904953246137,0.02635400926557204,0.031044549001096478,0.028730585770094155,0.01458826688710406,0.014310115804237085,0.015543598394683045,0.004340152743151575,0.052956541613841994,0.029302188484394198,0.0189658598099472,0.03777167409100358,0.022647623040823628,0.024920068571090213,0.024481701963850064,0.030188059668739827,0.013801091528825533,0.01808325106539227,0.027887789174613188,0.014572674380779523,0.04300915738677198,0.04230656911432552,0.03372383526430903,0.009261098616119894,0.03401171526038861,0.04496391920741145,0.02258180014943039,0.03395555009172901,0.056090880459143025,0.05187783385902703,0.04343415301285844,0.029061483851552068,0.021381519305409782,0.030985699024868734,0.03434534953658232,0.00315873307887507,0.045396904682392145,0.01871452016533179,0.019765424639122092,0.03253610057523305,0.01573359671940623,0.025523044661205127,0.022995180021619006,0.027843352737601853,0.027284073988688567,0.015117716520360671,0.03518675977524693,0.02171093468281733,0.029436012551779283,0.04677001769943305,0.039708983885334774,0.03662686304193414,0.06080512484876874,0.058811138273764996,0.025655955344486284,0.030994194371647115,-0.0033902859311901665,0.03408869461663812,0.014883866989478415,0.027802881247402392,0.023315011184803378,0.029567976088179484,0.04185427867787845,0.02636471298503897,0.011112923239777008,0.047484610303290084,0.05531428414027312,0.02492249674135351,-0.0032984273073375994,0.03849765911478589,0.013451136774694634,0.037425905130018505,0.04182808504866262,0.04303835447578803,0.011230514609187087,0.030660680626226233,0.0404267358809754,0.028579547910952123,0.014150915944555201,0.03461718618684221,0.04321320050961929,0.011043416713410713,0.043062681337395256,0.043510814764564046,0.012475319856790238,0.03316804136289695,0.0591685605637655,0.0015020432336771555,0.023926227315909536,0.013872073728985659,0.03782420540567806,0.0255071770668496,0.017029284050972017,0.026712418516837765,0.035213231084145855,0.01024408099632361,0.055762457644619345,0.01552980125651194,0.02573040125647453,0.048619220793421236,0.02291070171812614,0.028638192386556575,0.0286683292613326,0.029213845691496543,0.02861547140659556,0.03213880202239005,0.022736539574364535,0.04337992729138612,0.03062854026582815,0.07327840317171357,0.026044552430589646,0.03173848563281493,0.022640279790825626,0.03146405441063632,0.023474376824743293,0.04669114751080214,0.01820880961446309,0.026931314449339862,0.03560108180925419,0.04123784725411275,0.044379578506081645,0.033295763239266245,0.02944493691578447,0.028911469103565818,0.03817555593175591,0.038628814987579786,0.023750361883938996
1,0.03152283705084579,0.05898672338618258,0.0341759020061344,0.029270429384131196,0.05137802848757033,0.018537534481688,0.009500601364437426,0.015821967710905875,0.057101453335276345,0.02631906691372914,0.044527056184781866,0.0254437594247667,0.04135428528044566,0.0712442129669163,0.030721657834059436,0.04475408435000939,0.05738431035605947,0.02641162176018761,0.038164801871511285,0.023517518542497045,0.005156643113747469,0.04611221868061064,0.04585570334150764,0.027973386407104468,0.016526523119135925,0.05579667322332235,0.016610774022020422,0.05056614565913476,0.019353182087238227,0.03968681543095093,0.021490659018688383,0.022104917057366585,0.03674781650149952,0.01529443234052294,0.05124185975283192,0.02047080266803512,0.030486487955126432,0.043082081200955885,0.0322183137938156,0.011847837315893,0.04512969753318431,0.016311899964646263,0.050176880959261816,0.04534771240123011,0.04372434368401887,0.014263020183928575,0.030179778398077815,0.013712015207882487,0.02614283701026086,0.05253237357859618,0.0027608903600776016,0.023536605674803736,0.025442986127931604,0.049605817564714376,0.06149223057671242,0.0372168528089812,0.025122780897870133,0.0352111381655583,0.0081379404478665,0.0232346536016202,0.03185643398664649,0.04476260999173611,0.05327011879132176,0.006529324150429342,0.05691090151733305,0.045628909601868786,0.029516641359868586,0.02939684345106519,0.010359683105255747,0.023898761529536554,0.015025965152193739,0.03059396017422079,0.052737749381404735,0.016646872069531585,0.042868569715648966,0.027807523409555213,0.032209162841546964,0.02531693794729128,0.029517691486920634,0.03849391992005459,0.022908037696807673,0.06411074551866658,0.02792778894043802,0.034250463420653084,0.029971335336632342,0.037017277343432076,0.028867606853980456,0.01814446576192711,0.02839194027794134,0.019688750652775828,0.06991195883193946,0.011663003224155984,0.013630570935462463,0.051114984593979916,0.03238220400053399,0.04707857052018857,0.02074442422047592,0.030013285265880263,0.017716433992009555,0.016183328301468587,0.0468654620402538,0.05224825127289967,-0.003059086413828495,0.00935416187043607,0.018346199191711106,0.02201513279765442,0.04198341684463504,0.04035527194124875,0.045880345985406586,0.04811504464818782,0.02898017628790897,0.0196327168295463,0.0013834616685787365,0.028984143829440753,0.036461915342636694,0.04190108950134962,0.04775029834166725,0.06787445382934397,0.037008831257619286,0.035217403067201634,0.0026465094251151636,0.022807564051567468,0.013064813260807988,0.051353848887416786,0.037400808992882555,0.029968401550817148,0.02551714875311447,0.04482607357496229,0.021735376054190004,0.010184400068036566,0.04414836622455742,0.03520223277333766,0.019361658795849557,0.03182313734697319,0.02591530187546349,0.01342030374097742,0.04194472064196465,0.02843849217237704,-0.0019537586661524733,0.030832949261292434,0.023490502615987174,0.03262377884738542,0.04432082572919164,0.039833777681627394,0.03600614530266017,0.04556853451054852,0.02398368074129928,0.02255279836910961,0.027419539139702916,0.028731485886889417,0.0003709511322165446
1,0.03308656264271776,0.04652435930801368,0.04037441294920567,0.039698882937016435,0.016586955221426974,0.0251905334731743,0.03834354902411933,0.01478746151047483,0.031139379618212486,0.03904227709172802,0.02566049736147031,0.04446791349207811,0.03315856713173816,0.058105636054756285,0.04084877206466221,0.04298429336429052,0.05936580654525528,0.027473581614629546,0.03848989910160253,0.02704684889022692,0.010498739999673535,0.034128530553315356,0.0017908034184789846,0.047969244248436474,0.045507702247687395,0.02800828538267263,0.04069820264758883,0.018876747176344355,0.04264080124641435,0.016507065028783612,0.031864923189063116,0.03145726253739653,0.017775777618980602,0.06215952559877816,0.007019788874418523,0.03878149033331002,0.013656852685680704,0.05201981175563341,0.06113262489594228,0.04469181280847337,0.01955721294161709,0.03237998097278595,0.021629484573334853,0.021640779034056534,0.04840289150093087,0.035777693195438484,0.030096005597206165,0.037583206319006156,0.029452413108077686,0.0471247345124189,0.010881372024355334,0.05436569755667838,0.050667968016486556,0.03347724830990012,0.04314748096469332,0.02240704438592433,0.04174731405367345,0.037420464364529685,0.019750600232867413,0.0394914170142306,0.03666548115326143,0.04296129575206993,0.0066705268644708,0.04431813858671735,0.05624656349563719,0.03153696498412379,0.027650607766144156,0.04218490609959932,0.027493671627929366,0.035329407485767565,0.06051191766609046,0.03043020016330588,0.04425718059762708,0.03391906474913475,0.038641412871019576,0.031666510803490484,0.04841524716291639,0.02082365487976469,0.047535395341323235,0.032624727366541505,0.014940270268740629,0.028444890351770974,0.03701543698642413,0.03427786111440348,0.049119481465693754,0.06249079735803234,0.025710134868898168,0.026139580143170527,0.04082529638342876,0.04129598150110158,0.042671163605962265,0.006682419513443238,0.03812744265651773,0.024963877269389707,0.029370176640006337,0.018864322399157706,0.038160999733051926,0.03665408223397804,0.011203765596919452,0.04297212307187939,0.026159024235013074,0.01674119622470646,0.04773366613445404,0.046864216090712896,0.013081389255617006,0.023455011374550184,0.010758197657266946,0.04912197923280495,0.049095921931369524,0.03414909046502593,0.001946932822232475,0.02919432800755908,0.024588525759346648,0.03243177227451216,0.04039323145414189,0.035882161635481954,0.03878074104100332,0.025682280441505015,0.0229597865568425,0.023268297499779184,0.018122631667172085,0.02786839868872628,0.008356214039556165,0.036313644801939736,0.037227925210987764,0.04327709790182933,0.03464965500361614,0.015554690206468044,0.03498110530532966,0.023255171676736415,0.02267939295179426,0.011910512881733708,0.019655347916422365,0.04055775179770878,0.05998822184914514,0.04798751008250944,0.05237193142955819,0.02634006511610255,0.03218632161613763,0.02979449933530138,0.05608718858093847,0.032681814871821875,0.017548888390417336,0.03770487961669223,0.062340892811453705,0.018616059116385128,0.01427072904049375,0.04072583313271511,0.02575279136326776,0.01721024401537736,0.021389629637131938
1,0.035972983258464056,0.050967764102283486,0.016382931044712744,0.0017083245233154645,0.04619120482239904,0.03778551245078715,0.03653865920447082,0.030267565909252465,0.05522185835826392,0.008634227090458673,0.02541911332997671,0.015659707925633166,0.023641552233647247,0.04468104957183001,0.0487367566616422,0.054751641754093125,0.03438322261425542,0.006814384457246983,0.04206054719310501,0.06639403984754344,0.043240497065166104,0.05199530340717765,0.038898624339740444,0.040679000031588156,0.024062814984564487,0.04315959263742291,0.021856815336822547,0.005558005723014684,0.034612813223347055,0.0490772294694906,0.02778033228977001,0.047479385056811756,0.027677714750824953,0.0232405311244911,0.04430631490337855,0.04609933828313441,-0.011984264119339165,0.02966886117130074,0.03200991158465879,0.04180752088059725,0.0334215892731353,0.02143414362703149,0.039058538238926105,0.006283909741161255,0.03549281546360646,0.052884579871238055,0.04160291129335318,0.04004921257853808,0.032654770082295774,0.03325804777599848,0.030645812869416058,0.03538052679799538,0.034726793019207905,0.046362485288998105,0.033093203405293516,0.05113538437375478,0.054681294553720394,0.019921706088899628,0.03398365449883889,0.046423511048706206,0.037961539775804506,0.05149971501516745,0.028772204464201354,0.03220742128439942,0.05420302891318669,0.03935409298894865,0.030566422199737146,0.029557711664243834,0.038651403309506845,0.02774152156325914,0.03978335056854175,0.029420669162668382,0.055707784746753725,0.03382343266492436,0.05676772339291898,0.05621559308940668,0.01828347437314869,0.05622167339540174,0.032090534420501325,0.013148082647773125,0.011306052160075974,0.03981383126977797,0.020226492903189574,0.045255157388880335,0.0440113195631494,0.0442415775573038,0.02504985059493094,0.0364873831505042,0.024507158768724856,0.04116372739930687,0.040909841355476075,0.012372597864415556,0.012669421029853734,0.03141253947228144,0.026859212910695828,0.03665637210274635,0.03755677701406015,0.03873423856705528,0.036168727685036914,0.0453035558583561,0.02477471044036598,0.03897681505129398,0.04974453681912157,0.045499911267548654,0.039130754895866676,0.05368908083479901,0.020504074375758748,0.04130797239090621,0.0432791165490091,0.03446796471973446,0.05920871909800504,0.061825776983819164,0.0466355836388294,0.030204764756328693,0.021484568911405245,0.02663690104349819,0.04751120136839413,0.05285142196717161,0.039548678801105686,0.05794614438733193,0.011788288871169537,0.028588649861176985,0.05412845864899562,0.03229307480715845,0.027509632010451184,0.06100089088174829,0.027594238821596298,0.023479796362561693,0.045518517939893484,0.0319640510887059,0.03711917841780595,0.005769984150243015,0.034573955138923335,0.03166022848890344,0.061518914789119694,0.01689334213935296,0.04290415868191757,0.042040083979008304,0.0496063719481419,0.008662774536832434,0.04059184556293226,0.03400577121741152,0.010177291282481661,0.041585548590085744,0.05403734003987248,0.006169917115782918,0.04976242624088331,0.053919041360197234,0.03575731891911595,0.05910376707077553,0.05834942212076062
1,0.033315047279370076,0.03729783728033351,0.03291656099497321,0.017996211056057698,0.046752964273457584,0.048283563712762545,0.05402500881671282,0.004538372007235444,0.014435281160875467,0.01847343407918184,0.04082034186547902,0.03330459459170233,0.011831275326877916,0.018092786636932146,0.04377132941327484,0.03902035608793132,0.04602535617472783,0.04359231500548315,0.04038852101065127,0.020353451296491007,0.028041685393884554,0.05082107412006909,0.038794700105061045,0.0758146712530881,0.03601911103892488,0.03310458668945951,0.041886158884106635,0.04395139336530774,0.035642414043211106,0.01904894883759491,0.008636611885056055,0.03964950398381464,0.018986159120998734,0.009588290268329861,0.02926058153933658,0.03262774696212985,0.015295653705664658,0.017510784029256297,0.012410143531447763,0.0330376972921256,0.030036733178028928,0.04748993878596012,0.03564094072758962,0.030711310629617482,0.02339071327174743,0.04151953210139223,-0.008239349178359522,0.05794252748649834,0.06350104596444509,0.025214162120816216,0.02112801768767893,0.03573670354472139,0.040082578566251345,0.07002707145939202,0.04425353781190326,0.030981419389289326,0.008981098875918782,0.03964195098928237,0.04569138211570496,0.04526002378694754,0.020425771362387456,0.045833432202060424,0.01580118760459956,0.022767956341597003,0.04648166849636604,0.05574349776600408,0.029936483765170902,0.03097629092140874,0.03570131289136274,0.03866540201183096,0.015217790750943025,0.017486413330995806,0.022179536211015646,0.03313235251783577,0.03633080976724934,0.03493398066733813,0.03500635798435234,0.016856938698218617,0.02089545664333139,0.027814926225611287,0.03533789582537094,0.028686679130224674,0.03553393452265214,0.016193991991955935,0.039984364704609296,0.030905611668663194,0.02142460947816139,0.03061342368852329,0.038051588218328686,0.05959132251666892,0.03959649756366082,0.04462848107311975,0.045159849822415485,0.05070378325044783,0.018105648707733395,0.01622987000396825,0.05627465492655595,0.033275119095192304,0.01824472512340985,0.039053004582364534,0.010693714887509406,0.04233393783022717,0.03674179742447003,0.031347140455388986,0.027491839316305756,0.04129208596538933,0.027421609024639818,0.00865923242248454,0.04308021787561185,0.045648500813768415,0.03532450012524251,0.03729112319128192,0.04394425701620064,0.058325673259782176,0.04162202013702275,0.07271532123720123,0.02106691518849799,0.005616707610620539,0.02441908574537276,0.0578903441312108,0.04359733885048031,0.05134284628235418,0.04507207823382036,0.04630577085625371,0.022300647694444075,-0.02065669540933652,0.0227563327499118,0.040785166159740635,0.03176876954534404,0.032420108031475575,0.014800289192294352,0.03971826292183664,0.011766195053810293,0.037118326739926315,0.05749732346020818,0.05194523699857541,0.02980431895500678,0.012775264454841749,0.0435498479375395,0.029269148180434797,0.03940524637264059,0.033108451017293865,0.0070304260946748055,0.0377864923396655,0.03452930074724725,0.05019288929627111,0.03830113204248116,0.037631888118404073,0.019946038463017554,0.064332706407709,0.0173084822503749
2,0.035929877601410275,0.04050275869494492,0.013159736703937226,0.05957061181062755,-0.001750736776232345,0.01864891168502141,0.043621304984143815,0.04666437384878789,0.04078286727871298,0.05607260248607471,0.024619773582096906,0.07063037211137438,0.03987075764997361,0.015258577498381633,0.04325800040911911,0.044701876430055715,0.032862340450633784,0.009136693714583203,0.037299002048301964,0.060181726662751484,0.02352578979289502,0.02183209777990247,0.027025032793641213,0.03650726914059789,0.04669177543849867,0.04590180212170811,0.040804788242554506,0.055556093328497286,0.02067575311517313,0.016130424857400252,0.07139681971962354,0.04299741607816292,0.06341892775734376,0.025798557194971747,0.07953422408255878,0.0374228678066013,0.02113498644592441,0.0268608027750811,0.03658652033622031,0.041012810910406795,0.06091604154124189,0.005998518683557056,0.054453402996667365,0.001136453253665147,0.05118637378564551,0.034962432502059944,0.06304886141522392,0.058580634691329486,0.029396971611005338,0.009969322867246843,0.020862715353593388,0.0038142864070111263,0.028382317516473552,0.0007278918229128434,0.016845132893945628,0.025868906708390316,0.019835616055123982,0.02128952722011001,0.046491515451985516,0.037887347436377276,0.04446435756188916,0.03629986322112934,0.02058843326564372,-0.006600317341425875,0.05718743669472896,0.060175102745452985,0.008057955924250154,0.012425808090256518,0.05413466736969265,0.040253762117711964,0.008132077610751434,0.03578986711349212,0.024784766747283863,0.04587537423188373,0.01670574743515881,0.050015842501256284,-0.00666479029931822,0.02034575700792131,0.04301347413770316,0.0434080246862687,0.040812506748576956,0.028318229232113155,0.050322282101236376,0.07220200450341849,0.0367588165781536,0.006070728957455803,0.021866328923581466,0.004578189142848094,0.04530306806289598,0.05571221737655056,0.0055145430601804615,0.03540072427823489,0.0407491957181971,0.032457937896444154,0.014621447393449089,0.06927595631513941,0.024725937070136053,0.05340179462341356,0.042628468703020506,0.018105685723929316,0.038569379690581565,0.05800987216118418,0.035163638742034285,0.02587300736803913,0.013022642180825134,0.07081643325961387,0.0055412574354431615,0.07133230604278906,0.061666184824663406,0.029921462210821582,0.04710683073425016,0.0569248680922651,0.05611276703833655,0.01103079357044522,0.03185814808026857,0.05454132652608315,0.05256629057536248,0.05241256429651395,0.033695745253547474,0.041068708493071926,0.03310191528380111,0.01930912564928108,0.04666016006232203,0.04220044633875105,0.051640716629741755,0.011768160423245237,0.046387561830976504,0.02437635237670558,0.024512616164626768,0.029378777357863997,0.02417762602138896,0.025230381813286067,0.06453383790167518,0.03741942522727398,0.014878438830755684,0.0496341769119096,0.03087919888134695,0.06536907633012058,0.040831986860769845,0.04595319033696315,0.0548094876699979,0.02968838699705197,-0.0023132355828738224,0.034838916873732334,0.05598447917566442,0.040805351942167334,0.03517862188850713,0.04396075640295466,0.04627773519221561,0.03737604055685641,0.06261784685099765
2,0.03446775219266699,0.0024986001184162873,0.020835236134206965,0.01690107521111924,0.03848122255707383,0.025346659497419932,0.009633928984834936,0.027062920792608795,0.006679157058709209,0.010622247600186766,-0.0020027598992896634,0.019343605220874107,0.08498852441084413,0.05705558416565162,0.030606319402215143,0.03593074500701628,0.026327484641391466,0.0075115574787118465,-0.0009414090178750945,0.05930693344081994,0.027735376977367873,0.03415850053021961,0.06125555659459889,0.07233252893577218,0.013837640767776768,0.031357988247347666,0.05687192093929137,0.042772287457950704,0.05725840995549819,0.04571493841262961,0.027949054177391117,0.08225162216561674,0.03445034569735521,0.02191204633563515,0.06720617677788829,0.054090141585758235,0.031186347953260772,0.044224142593106655,0.05617320893007839,-0.0013733271809716271,0.07166016082148413,0.02341743030170166,0.04222229202852122,0.027097514299447838,0.061253445867206935,0.021256882873781212,0.04562701709396917,0.06964024669305943,0.06423144583791197,0.025097868341403817,0.02407604832401678,0.033116950474666354,0.05857294903470229,0.03240851820057816,0.031145890056907582,0.03963532570544253,0.06446367105751184,0.05893728159767972,0.025732653214674564,0.03302396907302491,0.036148886299501214,0.045079200292286126,0.036722400523680296,0.041423258576751595,0.01264162594889508,0.007171321529682237,0.03488683592596982,0.045689300961257104,0.01776014030019519,0.02510473105488667,0.013942316268003341,0.02348547309632909,0.015961678410979983,0.043547886608839,0.03220016777706002,0.046826247090274595,0.04667681426132188,0.05451818880216791,0.04104550032047099,0.027643999919709752,-0.017380897291088986,0.013728329103728561,0.053525978023198986,0.010603489616046138,0.04305001163157572,0.06373674376463195,0.013845139759275649,0.04614246543610533,0.02288911167262491,0.02890051182364553,0.0411804006763376,-0.0032158260886196582,0.05370731805359365,0.07208158785371133,0.0453311321982305,0.027367929567346964,0.017839823403454063,0.041164091941725864,0.009756916490008639,0.023310762358660184,-0.00974840144893964,0.03380665967657035,0.045196961036357126,0.0305938573132161,0.051550415996097707,0.009516063613060646,0.002340997362409822,0.023167260753503012,-0.002128240999881452,0.06461391299263795,-0.0012126113884128112,0.053765619228452195,0.016876318121694416,0.0650803374080117,0.03391898536349299,0.056852181564268175,0.046072405479592994,-0.005740426841179841,0.0585446943664395,0.022871711480249354,0.09196974713213019,0.05290501440047271,0.026950146916181097,0.05186535176994854,0.027518778931375658,0.020063568705083523,0.030643723011900485,0.06899155346827537,0.055481018572170235,0.06755791273973122,0.017907155238010026,0.025908793197270137,0.028493497345539284,0.025887943339507537,0.04546036363977,0.03021581476304795,0.025185793881279644,0.010119459535596682,0.02881032416674322,0.05279898787168917,0.04985857619509118,0.029176041292017414,0.041765617932413034,0.013259326266369931,0.035171444962163304,0.029693002501080493,0.06509301325735449,0.037614106122882074,0.013354382996094063,0.004707421404703167,0.02358515074786188
2,0.03301362620310152,0.021140907113135626,0.038231555156374816,0.017123553447315844,0.01513504584581489,0.036539417209712474,0.034438438043865274,-0.015591574018648538,0.041632484756160736,0.06927009829277708,0.02577060783488553,0.0761665873923218,0.014607363291012736,0.05648928097477421,0.052098949055373364,0.05472869129904673,-0.009367528015846699,0.06805577555363834,0.03853214871175981,0.05399435040431452,0.030790952735789846,0.005803705056230377,0.04343116207901106,0.011495257038020446,0.022594130677847882,0.021103404861359074,0.05789607949183668,0.05865977270484968,0.04212674394479614,0.03150870629448695,0.04158014382441896,0.024400811684246734,0.08083064639898468,0.030312014612223135,-0.009544239022372267,0.014782407109408775,0.02386483118507564,0.036691760814963253,0.0667511059826722,0.03322799993262563,0.04519493455278195,0.0373796109816708,0.037721738400280126,0.04869402993852122,0.033712494336687285,0.035266859596126285,0.03428286578781824,0.021725567719546705,0.0030544568983409334,0.026668043527515884,0.0536992132647872,-0.004875807428527869,-0.010117658854263613,0.04901242738587401,0.04419595317794453,0.023608829241555277,0.03336703164183383,0.050209634795856446,0.04248650438256313,0.033281873555069896,0.023863978920213497,0.04257798330228873,0.05256699540865564,0.003750998984792194,0.038103782858599666,0.015525173903030227,0.06699377609118538,0.022976695608220264,0.03029539231942009,0.014952184649361381,0.037854563185814885,0.08526132347503938,0.029462479935795958,0.049031697600186136,0.02332847309414674,0.004579632462886254,0.02553822166294081,0.012049575712289793,0.0278213678130066,0.05203487251973455,0.03351406431684185,0.027064078399293555,0.041890878926283,0.04147030284635143,0.047110102045701985,0.029918328419837874,0.032559654156013335,0.01045179345643105,0.015997415351721028,0.024177738062525253,0.03189589625153634,0.02274394662263942,0.022747770411558822,0.04678539003396143,0.01151188093754987,0.035410986460585235,0.011736177834978243,0.05997512757097373,0.025282928376379472,0.03837341436906321,0.017104041507124215,0.03542375560947759,0.019528713873848583,0.009725577758350878,0.066881985433652,0.05994760472624215,0.009069400592032116,0.05827058009062304,0.06118240013890219,0.046379110688846724,0.024929892395879262,0.029293070559466495,0.04376153511891019,0.03250726050870142,0.0063903994025669465,0.05541956280656887,0.02823896377282064,0.029734673014953257,0.018306582115876224,0.02552373457679117,0.049386884707597244,0.05135624639940632,0.02177293614373648,0.03012814199890955,0.06416649578375457,0.008245840169496407,0.022091904445376554,0.04400876683937158,0.016717048776285135,0.036310421837671226,0.02456151629447683,0.06160771991672592,0.04830286709972724,0.03415336056779643,0.03954455622196878,0.02446799236521008,0.020013795872140493,0.01628465767823975,0.027055431429147354,0.010167034290401306,0.056722976294169024,0.024606863460605997,0.03188932735710911,0.024599552340177508,0.00041358786861438873,0.03341182278611554,0.038122568344114614,0.06316309483380134,0.03471941885600459,0.029941900901680675,0.02143115687968112
2,0.03201963349456627,0.035348265374681005,0.0029611864097974436,0.005725009497361003,0.024378944526615088,0.06517717778003693,0.04533482338538618,0.0445081478753621,0.04406533081587008,0.06389326661879387,0.007056959555671632,0.010130472362794112,0.035110437992031854,0.043730308704035284,0.01879096549938348,0.012694195652367488,0.08342004446848261,0.043358839009502756,0.0104291814529519,0.040635189606970455,0.03286369019854717,0.010569906524990746,0.035451686664950105,0.006937646833527433,0.029482619809087285,0.02014306572968201,0.03628583872680096,0.0222770972051006,0.045209489360802574,0.021763024028109517,0.02895402652527491,0.06671381332290287,0.0742308531811272,0.03466945663778747,-0.012199193237492231,0.05885303668452341,0.013054605573334908,0.05209428819807558,0.03950293638528256,0.045592639085301194,0.021794496747598077,0.01631099471108502,0.0463138483271379,0.04166205203868864,0.004874819822814614,0.01378608268249731,0.006986679532797527,0.01487166466058815,0.042535350880924916,0.03813816958055389,0.004695248147468814,0.030716249155887488,0.008527256296127106,0.054419377988363514,0.05055610114930709,0.03161857588197181,-0.006184835715345255,0.014158097955012713,0.03612257887589025,0.027363593120643338,0.0056807330146149485,0.033883803844325135,0.03566121796970926,0.04488075262689013,0.013835326637417059,0.03988321361986603,0.03582696552667426,0.044444872806628774,0.0254419936109287,0.05336806973140608,0.035382260335808664,0.033008534942200095,0.03664771701659844,-0.006352430843242225,0.06167536695506247,0.011736367385753777,0.03146957326223122,0.03065357316989593,0.029467374957099807,0.006108380752245707,0.033885734484761905,0.009388874257399722,0.03696102981001961,0.0352474477310678,0.025236017647125963,0.005392490817738783,0.06069100514475735,0.030229489410981386,0.030704017557586727,0.054230449815047724,0.002800856552924995,0.04446711070941354,0.040464713081308855,0.004868237190699936,0.05521318628329685,0.07040662808443786,0.04118544399510947,0.0408876757561682,0.09433059155197622,0.027665357693415202,0.01189395403116529,0.042364653083794904,0.021372397509173642,-0.002776052923423304,0.034337149737456454,0.06203207497280709,0.06807397471380783,0.02974535102253049,0.03534518692823358,0.03220125737462753,-0.008143221705264901,0.009304325924989278,0.01872802937346789,0.049236916112449076,0.035796712899059877,0.04940181974937161,0.02005274229950721,0.05631438371899983,0.01753257807767833,0.04183759835838407,0.027352878167704636,0.029013344609870727,-9.009359460746685e-05,0.09447082196018974,0.04372381898945003,0.04397722067977931,0.019874250787918202,0.016994278076263344,0.017036413611708906,0.03655950487914167,0.03817890107997393,0.02982695188738267,0.0561995550454958,0.06595687581442874,0.046154044270065656,0.02838953478576725,0.014171444054398592,0.0015786191986936482,0.005934765293860018,0.0033211294332799943,0.05298529908360747,0.04124714438251621,0.0358490129080076,0.04028707078867862,0.030375664806522866,0.026132931357027565,0.011040019373501794,0.011560786503738603,0.07414399959696125,0.018667101601272107,0.07195420273034847
2,0.0350942842876798,0.029886167375565504,0.030377567787023253,0.035733989311317826,0.04262544186229371,0.04470142582527219,0.028708649991786725,0.08917562374201884,0.05506641412233544,0.02662523149263199,0.0008821129064445696,0.014864987781957006,0.02632175008842241,0.08258100852453072,0.02489028375759759,0.040419682854733754,0.0711516806631532,0.05601169986811455,0.031519818894132696,0.03546599046413166,0.058327831588710494,0.027416444191881165,0.014968508815007907,0.043020968721377555,0.05241325683470498,0.01374273493729947,0.04855848533058571,0.037250118464183586,0.017370602330239935,0.02776697784380943,0.06192986818487044,0.057559503767560805,0.03924681096439013,0.0045705935236444,0.029262659588096443,0.007374155789286612,0.05387215069739857,0.045184077821710245,0.046381359421348724,0.05782191162564293,0.031430522198115006,0.031209811441715092,0.01451882890386616,0.018754309636885506,0.015688396076611797,0.05179342744893077,0.017236908570780515,0.0032962192721461975,0.030423871283640033,0.04989461961382726,0.0361718436911292,0.023704979540686767,0.023525563442719936,0.04816058088271911,0.07372403076165854,0.020055042261707106,0.048834891812019735,0.07051914212672977,0.04920707790715575,0.02212556030224776,0.04487484647399224,0.0001144887953903051,0.02334860870440523,0.04286302096355542,0.028583989359856274,0.03401048961509955,0.024546145118143157,0.07000292303163758,0.05853790100955842,0.024760743239974,0.040089211596183345,0.03527732356546995,0.03144564384674631,0.047556740981875636,0.010096800825833668,0.024126280080329916,0.03471059713225218,0.05260899219856774,0.038594424938772805,0.02642788752471599,0.0043228141552607464,0.04026971486361749,0.04286654197424207,0.011004283320106827,0.020735235199225193,0.028539017506423875,0.04396134082426291,0.05730054706052866,0.03607581377887522,0.06029249348070082,0.06592691195703074,0.01731079213494991,0.023940387419462063,0.05169648025602243,0.054641032930911757,0.03400504218750413,0.008432930166589435,0.019598421148406066,0.03532775660089527,0.044412331729474175,0.050890152589302955,0.005044049387686593,0.052543099077857924,0.049976859859257976,0.009168424216832848,0.034246023885824185,0.02479609653866174,0.02906431244158167,0.0055705124786334555,0.017846259916808094,0.06606538322290745,0.027616528841506817,0.05631650179813148,0.021506250306258613,0.01873376436088423,0.03506696566822037,0.040977871767509125,0.024425432818085138,0.03172766312366472,0.0334974400501506,0.025006010989687973,0.06941765384253253,0.07597662539490897,0.011483205658755817,0.03195974357705604,0.0426128887387985,0.03730749482581312,0.051919882207685064,0.04575464338994994,0.024138624769700565,0.03230084448915243,0.0578345189069943,0.03446487697909546,0.029635083420502323,0.042536299487391065,0.020522271951088526,0.0330777089011881,0.00820256941006402,-0.004738398438607877,0.05781742821177408,0.026802656704843913,0.020252540443507813,-0.027445497883806777,0.04026146043559882,0.02949915956289382,0.07150538676712669,0.0478206772470195,0.02931837157554749,0.03551025814186436,0.01915823490701628,0.02458870355970782
2,0.0352312582630351,0.06089542440165736,0.02458875114293231,0.035104001566044,0.0362064003293182,0.018822659716405295,0.038405240579476516,0.05252396804701344,0.0330972059331149,0.028074280951156085,0.03574600682543604,0.025237477882161873,0.0015133486683698016,0.042895703199703754,0.0064059990315340695,0.055587558485566055,0.03915816608123195,-0.020427890220290165,0.02274615483630005,0.05135148650851185,0.07030541445570729,0.00858451584407242,0.08346485143628624,0.03945124033428774,0.06871034568626425,0.01588671235430679,0.03989066202730692,0.057233525409864275,0.041445817901994614,0.00032355226210061677,0.06267880431286982,-0.002781772407014063,0.03654828138577501,0.011577059024539166,0.05042919809719959,0.028041484000033867,0.047444050873631974,0.012737314763528296,0.015739792206262475,0.04053056956899606,0.03694915024912525,0.054997676470919146,0.052768412758103594,0.028572037669852914,0.08341980096964738,0.0362155865563127,0.014512753353802893,0.06695847057238678,0.031395982390053825,0.0021844846827975897,0.006731740910484944,0.05002425273414447,0.03377286850673269,0.023920156537407523,0.03540861057632737,0.04226990784995009,0.02642776100683556,0.057793647104817325,0.0248173202901791,0.022226639448322753,0.03755150287383334,0.06865738264557587,-0.01171698521693676,0.04109214335142301,-0.017482765692769124,0.034614737831342515,-0.007276151294806778,0.04598913760507873,0.03371352399012529,0.02344396081910963,0.04414687455945574,0.07026286110096835,0.03591098832362901,0.059862282443520466,0.04790508525144369,0.06066533869126703,0.028152616570147063,0.05312538622067654,0.0198362463181845,0.03143255417329192,0.05452150303955533,0.038742018150744136,0.013673095556811184,0.03866922128251797,0.05738305506929945,0.03600534558989233,0.013659642366426309,0.06959852763546423,-0.0033562326602747453,0.03329976597430731,0.019580029236367275,0.044365181970126344,0.04150595260702222,0.056109879997497156,0.03819150841711325,0.006990835684349019,0.05308796173157663,0.03183644554860855,0.0026241572161970483,0.0414153961919608,0.023763972686665545,0.05644546497707473,0.04168557113555524,0.04116918332830275,0.03882939658250757,0.044601947068236066,0.033113342013659175,0.039572742388207176,0.07294231691116089,0.034613434930369294,0.007731657025342214,0.02343618855943825,0.024557995978647898,0.04273416571379908,0.04140330582961611,0.05359100888809551,0.028224976506047283,0.050009424683867515,0.03298542990680487,0.006938732272945239,0.027182895947847216,0.014708045265088784,0.010864625103191583,0.06542092674862474,0.04773676017003998,0.04874855902581439,0.08877640305227004,0.045536501427738824,0.03839442969077769,0.041429216285389855,0.04948607350326916,0.04345920152898493,0.05753602397961073,0.04458426932819113,0.0328999553952012,0.041827541074687766,0.009302408397302845,0.02370084286685225,0.03724223554422854,0.015312972076358015,0.01673699402139313,0.012028544126391282,0.020672130182221693,0.053436400168912934,0.054606669569027225,-0.00833177727879468,0.044140307683480276,0.041947972546999335,-0.00933962231728025,0.05304954719703278,0.04791079444608687
2,0.035562579169556144,0.040142428754223,0.0013700857015891826,0.0436469933130115,0.028282148459068457,0.03879822008065,0.009768582581827896,0.027341818191184065,0.03270296652954825,0.03760377492679707,0.042193684192464054,0.037354752214982904,0.051663436724544196,0.004338305649595246,0.037347069821531714,0.030515183691166223,-0.004651888486374253,0.07274243998732263,0.06273355928819466,0.014202044249239414,0.03985716130014621,0.08443028129727309,0.06535995869499917,0.0881324079965516,0.0241498801639934,0.04121158386701283,-0.007858771437296165,0.0364299891606385,0.06830885972173531,0.06510772335870584,0.058653638934150897,0.0033020925928035974,0.01399988267122031,0.04339261129330149,0.08284622709261666,0.04556263982497961,0.025783590354298908,0.020796943055390683,0.032271469187815996,0.03415066331649538,0.021019388217134775,0.046921426643588796,-0.026376905641852647,0.015375304906126853,0.08712565876379827,0.054642038637755574,0.04197111582173909,0.03239813020601015,0.012337249917619027,0.037354232667777154,0.04594528293865885,0.04760485542700854,0.07475477143537547,0.04549221977346117,0.05559933258558972,0.03547979928903419,0.04961886426494951,0.025585812261417686,0.009642458658301267,0.03377968656162906,0.036225717026637926,0.042449323504500286,0.03417821918320123,0.02810724097881083,0.01767387603786727,0.060790181938182586,0.06001419879099549,0.05198890304708591,0.05435806934881429,-0.01196607592768454,0.01066057026020786,0.04558586789174634,0.04358846227020789,0.007117508786466463,0.051403185289432766,0.02087344590244784,0.04872676057874433,0.024373905330566457,0.0010876267610338136,0.04707425036429436,0.021821996691353512,0.06643074028359466,0.054487609682581026,0.029106737093201412,0.00845100515605374,0.03443243311254613,0.040260973462319875,0.046509883173330074,0.03862661416219572,0.054559902894499954,-0.0040521023977799706,0.026235757757353196,0.011833305316119643,0.033354765796725416,0.04528393982171036,0.00613803365663413,0.033958030968581604,0.028519752704698476,0.030198265597372962,0.014701069697613083,0.053853507256094335,0.04049830756975648,0.05508257319735479,0.028539045390494313,0.04043949961566773,0.05950411772722966,0.04527719458584191,-0.004996748470136821,0.052322670004667254,0.03275976047918805,0.03892018327415508,0.06042215236389001,0.061386981990463295,0.02555213092257214,0.046071081546015795,0.06966140310117958,0.06546164790375804,0.011127084824956161,0.041570851549909374,0.019319624989674263,0.04446794658060822,0.04606212768816845,0.03628560238307449,0.018916429143020306,0.037654086148144174,0.027627241783898134,0.057453492361437514,0.047300318690128705,0.029588595654810177,-0.01500072831595329,0.0255675880199894,0.05333174742060842,0.05491637257878217,0.04848855987908452,0.0386231525386547,0.00416944629809448,0.04719764786566637,0.03124057067738398,0.024855999027130524,0.013333188668686123,0.024921913433858536,0.04924519761778808,0.016129932219037045,0.01794319102178522,0.013670280616927596,0.05363187010580531,0.03516318915171774,0.03008298371011403,0.009519639543711225,0.04210101146123989,0.011700097990502745
2,0.03698233179880241,0.05193468355654808,0.021836642192272045,0.04518652559649199,0.05917105958449119,0.03987341743874604,0.05566635404586026,0.055987841805332395,0.05607660434377509,0.00483524767259123,0.0376096190497206,0.050752544328485374,0.02307432988988877,0.046969002809157064,0.0210525837244322,0.05681794660324681,0.06851890354366394,0.017093034640525067,0.04031968125015751,0.046114117212581324,0.04957483370354436,0.01767360225959878,0.056513131880771915,0.07051683083655803,0.015669496138515877,0.041366940598165355,0.04835735931839049,0.017040762447851347,-0.0064863101013607205,0.03255787293528271,0.035438512851226386,0.047951262280793244,0.0052915990375852415,0.019742349382139927,0.03869850385076978,0.029384541639973262,0.0054888101635242464,-0.009112322905243136,0.013348339859040211,0.017088779726661837,0.015450494514049399,0.03311340417339077,0.06707821439187513,0.02461022544376671,0.017478708893479307,0.030127100788750128,0.05169423949113969,0.09241498405914544,0.039925977020044814,0.05604472564658991,0.03293387706284021,0.03720941324974157,0.046335797238599666,0.0357881566423902,0.023841684006768518,0.014557522231455459,0.06067971963907062,0.059182203267051245,0.008414952458572579,0.04345071993796363,0.0367169418380705,0.031931727496619274,0.01548485576688571,0.04728228691187941,-0.014767305348500084,0.028605041058600258,0.02937323436902123,0.02362367129273182,0.03419182674124933,0.07545702899098375,0.0459954814807618,0.03570847868836753,0.05174465069556565,0.04024408306778467,0.023686084707361416,0.009028572639084558,0.03098586856472689,0.05023788018712207,0.025877190983699214,0.05374951545166168,0.038800420758780686,0.015610249604694312,0.03739212687448225,0.01568772503962033,0.036237763189877516,0.09247672725277775,0.03365047577374168,0.04546306715465667,0.0313411843488341,0.024463386615566334,0.04026151375646736,0.03677857313134757,0.02386073000481151,0.04353783643290527,0.012156436027250403,0.019431988905364985,0.05264044461987415,0.04187392373717515,0.03610619203238751,0.03392031408777157,0.03134442084414813,0.014077983500593926,0.031379703966827543,0.035999447953399884,0.08476841737944713,0.06768169853140835,0.029745582721248554,0.06796921822639065,0.019374666251787923,0.05573460665585512,0.051277036481329474,0.06262343858141335,0.03657663833072226,0.03347567572114201,0.0407567578679841,0.027756924566080973,0.006714644038967241,0.034888269602080385,0.06190567285283598,0.05241534493897357,0.03281588174665135,-0.0020927806053404885,0.0454313234414645,0.05791215510407934,0.05021346679873983,0.024301864436168684,0.07131261183996992,0.02453809067173438,0.05316790972355902,0.03753220670747558,0.05059528834898916,0.033279649857265774,0.06442426765604045,-0.009825900066033275,0.02009881345767613,0.052471220115140174,0.013358867487371844,0.03011042263390049,0.042868399389161996,0.0172896822638027,0.028517650146720877,0.06728971495819282,0.016188947396306295,0.057919696006042715,0.04162497165955245,0.017883130839022772,0.03658767641854168,0.05720043675059457,0.05364425738517442,0.02336231241489022,0.0686860355443639
2,0.03576423645887754,0.011013087694689484,0.04223820803524749,-0.00034743427615441247,0.04367350977027258,0.061858501847166826,0.08098966659656517,0.016569143888756396,0.04284278375178996,0.04358843539517825,0.022660524497489874,0.030161566168593217,0.022940936561026477,0.02301839484972902,0.036740691785607855,0.05428732514532608,0.05703516031667991,0.062449072703436616,-0.0014922583408221862,0.009018528491830876,0.02898612457652517,-0.008868330248496231,0.046155789170034114,0.028070670979550093,0.020653346682052896,0.028546031758565234,0.026942277647162935,-0.008469307568877343,0.05595975289575107,0.061269627410440855,0.029972642635496326,0.01711494055461715,0.07000993141438773,0.026947124958513487,0.019850931152577623,0.052575434590800024,-0.01502563384145364,0.024976144981932014,0.038927265650046325,0.05366646962844407,0.02253010612744901,0.053820162889446674,0.02581780602039576,0.023579575827466587,0.043561548023061475,0.03859433046513694,0.05657654376075202,0.04827596549361749,0.08201179232808924,0.014386678567127682,0.041948043428659335,0.09133291697098356,0.02971625192679344,0.0038898010481819775,0.010660796498357373,0.04486830286962207,0.0333398624964199,0.03126942090802502,0.06128331697713628,0.07021211362209476,0.06475003569316155,-0.0027799526133825622,0.04445412565208992,0.0289994592503606,0.01572588928878552,0.016680798509790457,0.021023345735449422,0.012705466613546424,0.037948411734795864,0.05000047035286903,0.046053207493673795,0.026728571429427105,0.010809912825248326,-0.005802985958692643,0.044322795490404215,0.04887220551581695,0.06776210735274618,0.02786070584168381,0.028830858950597157,0.0032447654694401154,0.04260712976906915,0.002799881549694884,0.03933323721667122,0.04201165834194408,0.02840477489320615,0.024560332984423987,0.03678896245439473,0.059357170536162504,0.03736788312361204,0.03232694778232982,0.06512257764187732,0.038572354160907645,0.014543406301540867,0.08122939693309728,0.04492059681861518,0.011585768488248716,0.05761374831770484,0.03311756966029901,0.04194429234795608,0.04573250043356373,0.06087986821354137,0.040600677845111274,0.04690774910889865,0.024428852817921395,0.060427442602239465,0.04537499663858149,0.03674632638862427,0.04192452965715763,0.06860540775757593,0.036714856834944874,0.03654642185263992,0.04510806145843746,0.056263520724231145,0.03422077835276032,0.04241236495330294,0.06226937539692017,0.03863243640512533,0.06826245988503153,0.02351261316084797,0.046259391166337246,0.051777328731602304,0.06905915154957731,0.07181210205382019,0.024970522653271113,0.0511555979703532,0.029037449307086606,0.007529928716262572,0.031967936862154565,0.015841971429777415,0.010803238326995188,0.02108895641120988,0.02865823296416563,0.01636272976961685,0.03543825886618019,0.022311863447418902,0.05998247822474169,0.0024486929965073095,0.06620079059733569,0.0288660317883039,0.016367628667117263,0.007822028992266847,0.010909700245729705,0.045925273074476795,0.027477432356895832,0.07134325551131981,0.04624044595178722,0.029611728562007496,0.030113195145336568,0.025246628789531232,0.03505971058012539,0.0037942465260001994
2,0.03433499702135587,0.010623680138979442,-0.0006211361066360832,0.016898528761055333,0.05037795585774582,0.04733147732321793,0.041559789904335294,0.02413588599474625,0.03599278679666683,0.04452814063625458,0.04125533631354468,0.012142715672059531,0.013901248924034108,0.06055274712678579,0.04476660712999749,0.030483865133513536,0.032556597166289995,0.013794756132216694,0.05062685423860773,0.04133147025287292,0.027461145429877994,-0.0001890656945042965,0.05778750171817019,0.031859834119157035,0.03779407133413814,0.021897178808770325,0.029044464188958112,0.021752360073211845,0.04770232880692504,0.02580739769099548,0.019856940272692233,0.03475724820253806,0.05986015247676932,0.016271625684213007,0.031466057932689015,0.013852886545463242,0.051730831934087326,0.050324289932524,0.01994380522215127,0.054370487429673466,0.0303309868640795,0.05157658774466262,0.024512211393787807,0.034653775006989164,0.021704290327700493,0.07991993473384783,0.01978833117141062,0.03162434395563863,0.06341348447795232,0.0630068978238873,0.043674999380033455,0.009711032250296715,0.03763843681384157,0.0480773877497284,0.08630073435035648,0.03341739175806842,0.034118703501355006,0.04593788499436586,0.056455269473340466,0.03156286414496133,0.02898709080291859,0.019909743211114286,0.004832870165688643,-0.005991706753680576,0.03469610508252622,0.07149452527276268,-0.004375792885607188,0.05036806419314652,0.02669009347013948,0.03639046288709057,0.034758005007803135,-0.013705336245449125,0.032009331453751975,0.044349498820744494,0.020934084361493292,0.02718791121184298,0.033176393270519425,0.07075816430875348,0.07333580551498588,0.03840606798254001,0.053803630228615354,0.020250589550208545,0.05681991973113319,0.028762518686856815,0.03690079904441985,0.03965560908547179,0.027476646288375785,0.02193761005644638,0.027098101522219323,0.027241025800763485,0.052559322535687694,0.0639901444728272,0.013046800126997268,0.03342033331702702,0.023826696507840507,0.0010401374324313442,0.05194245104558024,0.03360019286626352,0.052790659501526976,0.05428880201237668,0.0659274038425482,0.007095014893524539,0.047373933617291974,0.07093090400445795,0.0578617494150597,0.04397752725538237,0.048984381862790354,0.07197069451652707,0.012347314465174172,0.020516314320925398,0.06354909950324847,0.03721192880265101,0.025801877896317493,0.003641301833052994,0.0194394392425255,0.004432987151370631,0.018064815310271064,0.05696982518478046,0.041393406572725604,0.03189592734384909,0.04253998529908344,0.02164119563911447,0.030914875892668767,0.029081500217091334,0.03897979546862361,0.026109849432177215,-0.010506794621761802,0.022226669858064013,0.03325248603698074,0.052463465318867634,0.05925365359905686,0.03573159057009746,0.024380172780017993,0.04843665004400759,0.020552040918218478,-0.007628972473352695,0.03493008306540926,0.02225412180243181,0.02590013480361701,0.053623163501851825,0.027394969505638352,0.019339681405656207,0.0457433547191716,0.053050008507096846,0.03207885737618073,0.002521753101293475,0.01624431703468224,0.03469208117979479,0.03620350107000411,0.02226356980042378,0.049516176949453004
3,0.03551232209697039,0.05700757432445379,0.01695276873710921,0.047540735653128885,0.03704169669047945,0.05102338040498909,0.050073129041139045,0.05124590123391244,0.03512320139672964,0.01744239992579809,0.028916079867106675,0.038047617590517266,0.017027890709356557,0.07728964027247029,0.02137701138704093,0.017433914043345763,0.042649629174476796,0.005098372960972243,0.0690094792313145,0.055110763329989855,-0.01789508368199811,0.0866500566841426,0.02399491317800101,0.049161225523058,0.04742564173013064,0.031082336495152834,0.057344456927667986,0.01972136554664524,0.008441209744415347,0.0410893951213156,0.027678923616551276,0.04430794128177022,0.06614455287929435,0.004438751630672026,0.01728222071409887,0.048112978144991554,0.052768322869865054,0.01928472439853318,0.0224023099318673,0.007629111634528507,0.061988263692749304,0.020153145473415245,-0.017225515303224435,0.06897072859589537,0.054773430271587764,0.048443687503498034,0.048005217295844706,0.0391429001195703,-0.005511641852988858,0.0712533741284821,0.05860330249268221,0.03229325299294358,-0.0055710665136477905,0.033046437263514,0.039139289606090616,0.028925415189629843,0.026319667350352634,0.07524342001661252,0.05512347789432753,0.025336345479750146,0.061392748345777404,0.016017117624549736,0.037566430977823924,0.013510041817007972,0.017648900925580413,0.037483905400420535,0.07467026839046093,0.03498822227447589,0.06306649721058799,-0.031173895488045646,0.012728187380974709,0.04087719753751936,0.06636347603051504,0.032581443738257644,-0.004242977026132022,0.011355425126363863,0.014851703714993024,-0.003165390204798023,0.04286940783870255,0.052326839747931654,0.001105399675730527,0.041042635672158684,0.034755680630119155,-0.006903165033402256,0.052648048566846475,0.029528018227632076,0.08279413099706553,0.023208240930046267,0.01612713764173564,0.06197173505525659,0.08238619027068375,0.0005173980842207646,0.06727481789316288,0.045117020948657896,0.05307078627159868,-0.003000678207383735,0.029295106365598303,0.06980795639616172,0.03343599139853475,0.050750304619524914,-0.006143535102519242,0.055288744884887275,0.05375342437632144,0.04045947742098575,0.03536546934969158,0.06502560648343322,0.04236179621776612,0.0518945701665754,0.0038362292753787164,0.03917600408528286,0.016880703470828817,0.06791670445873724,0.027167479800550037,0.04359985154919756,0.05968716622662791,0.029963594742842443,0.01792520893175751,0.06304487736023089,0.01937897966672366,-0.01120275905474409,0.0430553375514057,0.08014412870454166,0.02984740423589423,0.02870115978468432,0.030493973166290475,0.015105425500395332,0.08195154515224733,0.03127705000260542,0.061434350225937226,0.038192527390902724,0.03172789246213089,-0.002944723921235473,-0.028631695602287864,-0.016620402121949304,0.08670898856284842,0.054899205729296116,0.05109210097438161,0.006807069211257913,0.03407132695483897,0.034780635690452526,0.06929807709910565,0.012980952477775354,0.06088498900228236,0.011887953831924793,0.041629220227472355,0.02489452685843964,0.013825632457480207,0.05055744793872146,0.07120326825169832,0.0331557714954532,0.021479601130977428
3,0.03771542455515092,0.018474799556237008,0.04802148265231699,0.0491109546801876,0.050296744263675086,0.05615086538906791,0.04171406919999449,0.019120957099708437,0.015251849391916612,0.015536436530494375,0.03831251984538564,0.04875483148514081,0.04526479866891598,0.06622937818078728,0.0582352734913347,0.07887263465833216,-0.0038634226276096917,0.05212699673258343,0.017218134666080305,0.023281505391736578,0.03942316510023649,0.04766862053473412,0.0337947326095462,0.04922804157793373,0.03728125900289178,0.028336416459301066,0.09470571182688264,0.05291961328122695,0.05075362499473155,-1.8686405364225223e-05,0.009955122597552223,0.07412620389348035,0.017696225340826134,0.07299926991439223,0.036012854262179886,0.057846870861695876,0.032308264818977965,0.03987532310358733,0.035327804676898375,0.03194495360398107,-0.0005832382862735325,0.04637590636432163,0.02082836587338783,0.050552883584372564,0.04567835693894826,0.04600002970414655,0.0529939083292457,0.011065660044996605,0.009081054673450134,0.048318155908684386,0.016276954109964693,0.06692634239386419,0.06741542375020551,0.04331411168090372,0.06651275118448335,0.016430787118614204,-0.024025100035560597,0.012688917693787282,0.04181697260292735,0.047110742670268047,0.059929243338640775,0.04697737742087763,-0.006067849057226404,0.02638819845370674,0.020858901597521927,0.05418020382119576,0.009608378729956436,0.030595538675515257,0.06267413108039473,0.061333730376146936,-0.015341810629755835,0.09483079015459994,0.054202541143008445,0.03987478801819325,0.032475664029306565,0.014187578014130866,0.01522739145198099,0.007242155096859538,0.01509987766843146,0.061297407848688465,0.049250148601607896,0.06038265661464309,0.0547097845055146,0.009316095577875667,-0.0014412222580218528,0.042744571761928404,0.005530644438565213,-0.006771117361738355,0.059771933832498805,0.07202257913609562,0.054177601771632375,0.026904202578012203,0.031477106765548934,0.045820304835832965,0.020397493820484888,0.07209580410980773,-0.008375102632102512,0.013594578608213424,0.025425423507003928,0.0790055697972795,0.03738387166134848,0.047524154501497204,0.05729124913997564,0.033533482192318775,0.05174388640565778,0.031135100351596334,0.030626443812349195,0.08450471236010994,0.041352414789691275,0.04132536569082172,0.059676927051295,0.014987898261522282,0.04001620347700039,-0.0010495468119659027,0.027056054569070478,0.03248715417081,-0.003289102898964974,0.046541740325786576,0.022333367502972778,0.07539033702339447,0.050716581216930845,0.0005183759749508993,0.08072033566481437,0.033509482603323634,0.05429114088025204,0.05818375517046696,0.03751644562195034,0.07811619607478842,0.038436974591564727,0.04517003700077554,0.0037638805266646536,0.06408526406872983,0.04979899134114958,0.07202984971472118,0.013379534363697081,0.013610223384517176,0.026411904778529456,0.04056429583615821,0.05759897733210486,0.04694243353096622,0.017514433976129517,0.061988545359453084,0.05478473411926619,0.003401893044810929,-0.006704775120147943,0.06597084066324131,0.0543127597806076,0.051130880111278004,0.022233527979728347,0.010843533084903823,0.029212434160451727
3,0.032536720121841924,0.0342663521192695,0.029532813749284348,0.03944105742033817,0.033213093177691194,0.0907665586459496,0.023247347697481886,0.02268623742085383,0.038193060991145576,0.04328992820569546,0.03050851721888675,0.023409294096388127,0.026879773814116534,0.03856379208642029,0.030516523032739672,0.029412614902970705,0.047969716995563606,0.05555748162227109,0.06466629639086817,0.015544403285690452,-0.009893710680853998,0.030388263900154373,0.05347320245555846,0.01053035510941423,-0.004530788086102917,-0.013759307133921213,0.06348316596047784,0.05954543597003101,0.09415180649048888,-0.004445023816799509,0.041437523041868145,0.032714069760248946,0.014157971084039576,0.013716426090172606,0.04110056883485818,0.06122582092598175,0.04346806128245663,0.06195638382407792,0.006104298453083759,0.07389984781468781,0.051559218290724164,0.019284772928528485,0.030938706114600333,0.01799859843664123,-0.002861340459800639,0.04533067606392441,0.01561150925399039,0.031743220982694956,-0.01995880774846942,0.007933766467924805,0.02525049300137059,0.033812695751870944,0.017413412386071005,0.03616402206282051,0.06812242634619148,0.03406342795537311,-0.031037244335093146,0.04730911343213249,-0.010744761820999302,0.03329511341178079,0.034778697895867794,0.03405811469531916,0.03073739759709474,0.05899043971733956,0.07642126830179721,-0.004557902537117561,0.03785992666371273,0.05700516736883726,0.012501129399155292,0.03609530605563167,0.04621896467286478,0.014129585641660645,0.06185795712194457,0.04524550553093631,-0.013743448598917116,0.02555049956839215,-0.020542672722149234,0.026236476236723722,0.024513862663557956,0.06883545713179486,0.005319906883250847,0.017322322674645996,0.053363280238155474,0.019831862752310515,0.011726439145920114,0.03779837276062479,0.044934649410335516,0.005333128316488703,0.036661802444558945,0.09796801073695016,-0.005803423002326773,0.024787613424248678,0.020737602528476434,0.050958459847677606,0.010878794850290596,0.037728377413005276,0.05431696791198357,0.00781920876520949,0.01706663400898609,-0.0026243128235681826,0.049621734222220965,0.061630921447711325,0.06058747114143247,0.05836717304910585,-0.00646640687717942,0.019355491498753756,0.03646104525668455,0.04559229455539447,0.07173289098930721,-0.030826013511477436,0.0024113390616927605,0.03156237679828692,0.05092113157478042,0.06193968857638319,0.019871085017358875,0.03175807545448635,0.04179839350316183,0.03654008951507633,0.06987984327700893,0.016018889680465408,0.06574695892650802,0.049131544868921954,0.04695321638503142,-0.005269220908812863,0.06673796499088831,0.041728420590100554,0.04315247293699477,0.04729684746411976,0.0699282512053393,0.04996927651903091,0.05322139974389706,0.041240162152680684,0.0626444941076311,0.05487762451165819,0.06057440047473662,0.009952402495444358,0.01744456990586359,0.04418843728860815,0.018984737127813883,0.022363390079576724,0.06352217582717906,0.04560035075217596,0.009409609029516503,0.03952891846048861,0.0280325323263016,0.005793123573441486,0.04743203392154183,0.024321935787545934,0.013471222524129519,0.009006570659135228,-0.03117100304934948
3,0.03742807049007361,0.07756867151399036,0.06811835067026858,0.016953245120142638,0.05981438207940597,0.007824414545072073,0.0202700219829675,0.04224709036583762,0.092627936279572,0.016659402204095414,0.009514647140175941,-0.017124691141502633,0.013484097470235278,-0.006467823971739124,0.021366099012170143,0.011295641002028092,0.04871427286403277,0.08990821207484576,0.03225484090680852,0.008634112764626247,0.023784756219588723,0.07243223178769805,0.07476377212066415,0.04025215698330849,0.03909851925405363,0.04969625866144337,0.03505680948731119,0.019749475147485908,0.02093553140137675,0.052363123155566384,0.017788171942203578,-0.012434162278475436,0.08287524045146641,0.05531082620572838,0.038236738204447465,0.05080683483929631,0.04361749430359087,0.026985787185779174,0.09386456966112802,0.020606835858697853,0.0500915345194094,0.04060525307195469,0.03515697603340038,0.037380930051434495,0.04777035719553691,0.013103288402695173,0.049540589222242776,0.05038132954577336,0.02019336910281969,0.04002225714595398,0.045455045327987546,0.0454152604518971,0.030711648042148015,0.09051077844511872,0.02397010763688652,0.042099807371272675,0.02874187961967732,0.030469952378220092,0.039227411550159706,0.02607949724263381,0.0338218116369783,-0.003459229909091338,0.04149568984257233,-0.03335683521969176,0.07293302899042611,0.052177961037760984,0.0547353950249678,0.054360340348940606,0.04541275364737726,0.03526951247183993,0.04786997368503766,0.04347120607492146,0.0630904048685291,0.02540818402092706,0.05556146348639386,-0.0007687228892769848,0.019941979120079587,0.04246806063972431,0.03073665205315447,0.026311493381426576,0.03578119443319595,-0.0007693000905595118,0.04957484523863414,0.0638027284344159,0.0668264153174372,0.03380313832399593,0.017253733693615218,0.013640582972894399,0.033051885427441835,0.04295810797906985,0.03939125649781225,0.043148570866712484,0.017948371490414915,0.022479596147934693,0.007614220555743113,0.030155004765432078,0.023508057665087255,0.01726922381313154,0.044136678823331596,0.05634615693340644,0.02193580580695442,0.05432470290040863,0.057334650678931565,0.04665380528815535,0.009557603534929873,0.08576865928445201,0.06870343826960393,0.030415161387096483,0.017730897759344597,-0.002686191802169488,0.02469065828452343,0.03357009154448269,0.025580739245744992,0.061681742867354464,0.011074852270467606,0.054986421849484254,0.070438932300632,0.02503639683835253,0.040212772023040355,0.02641438154246952,0.05197385980422337,0.07559673768245137,0.05632509179926798,0.052570254827057954,0.04933952666059703,0.00905049046854044,0.03126188573171613,0.01989631786652958,0.028138582534645053,0.05946883174040127,-0.002493979083950937,0.0376870968868048,0.033466101766186945,0.04529789946797568,0.06717209245634981,0.07277880077419568,0.055949957887662105,0.06820783649991999,0.04269010881817659,0.061577633087441616,0.07040072438711445,-0.012588543403147044,0.028791262078957408,0.011769783471305906,0.03627758459970252,-0.016437498065157603,0.05338851177154157,0.06382541788439793,0.009135804553650508,0.07864026747689973,-0.00015614822943603446
3,0.036132736043831507,0.07354898736436838,0.01067597931859068,0.043017967677412096,0.0350641025329182,0.05095109928012416,0.0037641506885787088,0.053658008450572454,-0.005394990707566716,0.016685463441694533,0.006166818194452521,0.0756172550566464,0.07680858722332251,0.01876665469887173,0.0334309682110735,0.012873742461299204,0.04959354493362984,0.016519659095578686,0.019347555926727225,0.01544591723092243,0.02631354840601733,0.013830702653715353,0.03893789808735383,0.05935052851851795,-0.010837132146682506,0.03222768276849862,0.07747789677212605,0.015817074608103717,0.06213741353668244,0.06566397375372843,0.02141999234182749,0.05524095016678922,0.030410206483329413,0.04373575549711055,0.043030189453448116,0.0736475914188037,0.040111495544117595,0.045342597048118743,0.03381681656308027,0.031683419291067126,0.06456679176582099,0.025701362873226274,0.03203436103659416,0.04799630955960175,0.07759728735472185,-0.026236622304877964,0.041479830996294216,-0.0011912841552271305,0.011779685788815188,0.05468460996293026,0.06583819858370177,0.011810959017875627,0.054132686327646506,0.024247309991560065,0.01091227832138189,0.02604369755605613,-0.005250425193582771,0.05764892268405315,0.018323056590039473,0.0843513495031386,0.0064180659123173195,0.04670979352186791,0.08900766161786533,-0.009302340771580021,0.05043690334658376,0.02518741252359506,0.06412650607269785,0.044504272795690886,0.027220400483343385,0.06060404576921678,0.037537836256617454,0.02255119658433052,0.006336829599444073,0.05806428371231979,0.026845963880419918,0.050780380309679685,0.009317618824354373,0.06492438618556358,0.023951803359400045,0.028494288260306727,0.05345586623939423,0.02116976575277294,0.06241006051895752,0.01563091590327683,-0.009991538708419276,0.04188928869614032,0.03699695520092735,0.04055382796127903,0.0227393046329731,0.006621013757857338,0.09427565246565224,0.05178806637263474,0.03189080916351491,0.03320710276581201,0.011811836121672893,0.05682042528974419,0.020587194589040063,0.060012054857198044,0.055298041751947836,0.03916658473214691,0.0023376209423537006,0.06107625784821206,0.03003585253774073,0.05313463581587391,0.01640525930406893,0.03185488974454357,0.04298090988243341,0.04896288004031466,0.029753366754789443,0.02094586825196297,0.07890842305335984,0.02279821949205372,0.019650996574748524,0.07791442801178913,0.02754484769879033,0.04519008816042097,0.019763113859517446,0.03316974451823497,0.015996229419423694,0.045017417593683044,0.03157907368612417,0.06205805870864495,0.004256772641362823,0.07718611118957117,-0.010483345632018637,0.06652128950825836,0.04831623651441401,0.006048637174747927,0.024022576626156526,0.03089789751475723,0.03823690399078069,0.03869126448171645,0.057957516250818394,-0.03216625439528018,0.03869418660454273,0.05866860069223837,0.025636137936264937,0.06977180621655707,0.0430483797084829,0.052235099480914246,0.08076888253098613,0.059373268410867514,0.04270533275564254,0.008499973519962092,0.03174457647918214,0.04326950752571116,0.0325511262880589,0.010567990502393206,0.059245637813743986,0.00024326178100844004,0.033901876150502344
3,0.03725920145780823,0.06568147481320082,0.03313040403635374,0.027214733678332756,0.04008701808528075,0.062186016304776826,0.005506699552554721,0.040634994949875373,0.0313001293942299,0.04216850308303403,0.05139382682100874,0.06976035456182816,0.0403042742296632,0.06128444116203893,0.06346452149125349,0.04300606805242205,0.05407046921669359,-0.014636368730926337,0.042600544114203234,0.05493786340362864,0.006838289435773012,0.006949785183952242,0.035942506930608485,0.0488911271859576,-8.210476164253327e-05,0.034881873938556136,0.02044131993870834,0.06331873061537144,0.04858749214075752,0.006880182035948857,0.06442519204957438,0.035437206517147865,0.019157299345509516,0.04790665543564826,0.039450322839951056,0.05347779053349669,0.05573987382282612,0.08576898944130305,0.0597549319216486,0.036372351840150655,0.08115905008916437,-0.005585676643660692,0.02401133788988037,0.05280744856608904,0.03878335603991633,0.062289209629339835,0.03508036308685102,0.017909686052322304,0.03898220952888577,0.015860426185912085,0.04017778220267916,0.00527285118052729,0.047520192593394975,0.0668404950206815,0.021858125620129502,0.05564088603929532,0.03943132042512831,0.040209356970615964,0.06374775564016273,0.07525748622236667,0.035491097285333846,0.0524472704189591,0.009779861376847943,0.04361961516075605,-0.0011698508615394024,-0.03809803468138621,0.0749428139258608,0.014251069730349838,0.07162850270368856,-0.0010848514520513178,0.051450861475278095,0.054013833051238684,0.0050225124959278125,0.03525228276993174,0.07828501934345572,0.04210355446088396,0.03531516630630284,-0.0020284779051734647,0.014989607084042508,0.044238343523706244,0.015642891598528465,0.03423623412359905,0.053590087609893915,0.03494482771842864,0.005207882868307083,0.09109969596036632,0.056905834516531764,0.061216323282290874,0.01608623093626622,0.013551838373237961,0.0017316936817093481,0.03352642033336592,0.04891800154649238,0.05372880286816637,0.034393129415616584,0.07460125121873709,0.029639337283768413,0.08628754248230008,0.028701415333596825,0.022820958936206677,0.0262039351879348,0.06295146905576078,-0.006316030117375915,0.03237050403965705,0.05192991259694518,0.049440219339131175,0.03301708333203956,0.054743432566342065,0.01539780076180804,0.023241877712667426,0.010462906242361764,0.06242920716872867,0.0104296833618516,0.043057740046251236,0.00833245314655098,0.0233099276777516,0.06406508011650663,0.059759716448043135,0.07199480318098009,-0.011867522919915038,0.03993096106944722,0.051454132934588476,0.02991935928679009,0.03625137368583407,0.02957650730862537,0.06757627403482655,0.050091653643480956,0.027578864826628927,0.07240701570058364,-0.0013474887728422216,0.008258918409521233,0.03059644121848344,0.0008713001829212461,0.04279562896571578,0.01742827899429209,0.044724631844345566,0.0442625494363888,0.05229701508355444,0.02697153422219295,0.04755304229839519,0.055065910958658225,0.009910545072400197,0.05838506127967601,0.05280357678511324,-0.019494405157805317,0.02497111152992621,0.01105984768851664,0.05355020965645189,0.021975113061966728,0.06648069663582845,0.03125031459250132
3,0.03430391630908076,-0.010733197577470308,0.04666993817189387,0.0607125467798917,0.03292513380967258,0.05428398960724628,0.055805071551981875,0.009381939370247772,0.03983637578747554,0.03806145557545442,0.034202822303054395,0.03270320929131793,0.021109563498362433,0.03646728918432706,0.05461013239228771,-0.0028897400406957333,0.03938356221074719,0.00637296560126617,0.008425379971227588,0.003464869542093095,0.01622000575398797,0.0275607575734979,0.02523091353521097,0.04482884328722288,0.06560743417615919,0.03398239051800502,0.04899915604692358,-0.014739523588325615,0.048665735478193604,0.07321749002647364,0.020503255044682086,0.034553947842083474,0.01810372915410702,0.08691650874997033,0.0055767574261782055,0.008307405274604853,0.04140208755053298,0.03613117119722715,0.06874340306400192,0.002024431108645225,0.021856445451188568,0.08470779627295547,-0.026917259673909323,0.06955952674739305,-0.0030188500659368497,0.031767285880750416,0.0494820493922663,0.03799469932600768,0.014581755170876936,0.048965866855020315,0.04505232025125429,0.017269739650112657,0.029561934530744616,0.019588696548692296,0.04287701459207136,0.09159689760960474,0.007482051004898613,0.025371079163045387,0.09194106495090999,0.04685426283499216,0.03350097965212687,0.0559659835612501,0.05479083689752211,0.04008713733022587,0.041177084901065794,-0.003114758943979258,0.009653842555107883,-0.0026810694084145464,0.04550495995006476,0.025847704034192495,0.07543178049450405,-0.010698808329723364,0.057291826303196944,0.026845122890891644,0.05438672367655921,-0.010962270869854268,0.02340598144174485,0.01194134913427088,0.0255851465555062,0.08257241581060114,0.05241029215743227,0.008739857967345433,0.014281906015418688,0.07584767697434368,0.0033621997288200076,0.0334064763323756,0.048974324597149184,0.013272869692581409,0.028117668346910457,0.08975467163854756,0.015494109352559526,0.04178348693560386,0.03719006254702918,0.03608753961680538,-0.01821988367146856,0.03225079443997869,-0.011521818830281742,0.04753687442821505,0.0363750422828096,0.04194134253194717,0.02043924215638858,0.001693010389649939,0.041848352736649795,0.022520432142687667,-0.010844110879450364,0.056569407418854606,0.02772260715738513,-0.0019282995759687185,0.04230222836407665,0.027872597296322577,0.04207771466413639,0.0575289984013114,0.057431700836848745,-0.008477267317099774,0.053131864870644,0.024334114319628695,0.06849469126821134,0.03442067308572717,0.07255551724511489,0.05402032388339867,0.06675967592414778,0.05611625049818859,0.045886970367499884,0.04547290452603344,0.030435430397728593,0.03493199553897612,0.031581493176396226,0.0464286169013884,0.0443126822801545,0.0038829608436408147,0.07158486965074118,0.0051676923150182005,0.0521172939446196,0.05690975512916881,-0.016025549229402733,0.01878207107232905,0.012804438927201536,0.044313728805187275,0.018978214504278643,0.023298515445114208,0.05861524497747608,0.07116004117555216,0.01857335025647769,0.013184428073909803,0.04242978967538308,0.03332330826612662,0.04082587544512568,0.05256265729586521,0.08136341614792107,0.0492722721298939,0.044002209971770415
3,0.03663988289775097,0.05898846936959276,0.033194451317694024,0.05294847098000545,0.02675945124481524,0.026462160406888126,0.055457859552215265,0.06246176521477748,0.049317318476304134,0.04634503870055906,-0.005205497129417938,0.00840140865346628,0.03695599223765925,-0.0029789696208779998,0.054581438420647305,0.02989358730819581,0.020660254030657903,-0.010508449661777372,0.01539451534125184,0.07187705213368037,0.0555609295847034,0.047040059477538185,0.03434512373462612,0.048728393023883466,0.01757715143539592,0.053518789488366074,0.052373873608017166,0.044605835380665856,0.05297869720556999,0.06547118995971501,0.034015220279681374,0.035970753415132166,0.04943027442031397,0.05462977607073361,0.019232492875709304,0.0427420782849312,0.048302950560577915,0.010178225080499332,0.032092532226993396,-0.01278134061984288,0.043428093103855744,0.02981614247770421,0.019493985212296706,0.010763500383947116,0.004920866231682509,0.06779950450172126,0.05904477106898681,0.006988870327906339,0.0704754852132171,0.025070119283594462,0.09080080754375412,0.018869250068333163,-0.014862784204956264,0.011494714849209244,0.0423623823450789,0.03935992817938404,0.04859406813410766,0.04279641746427087,0.0745448654397464,0.03788764899278285,-0.0005312958289835079,0.047159943427701405,0.04760650533204792,0.021202319458615348,0.007139106373465473,0.017426470296371697,0.08106028879434625,0.008508532163822868,0.055006564902412784,0.027986107967166593,0.03512988613189138,0.04070014032984152,0.03865767968915099,0.025685138070599238,0.05236378106442276,-0.03887910343443903,0.04522172133053414,0.030924528757995173,0.04786398152235222,0.03832414374372861,0.04870473086558159,0.047304617016042674,0.0665279129257383,0.05819703618691881,0.00011132875897980343,0.04101127920661304,0.06635013338143311,0.01943395132296803,0.04622806030038624,0.03843072724883135,-0.0015011096585255679,0.061221891798925454,0.032392040441905606,0.018043070942853973,0.05035812111334694,0.020583500882976002,0.041910117136273385,0.044671815132562354,0.03714234805710898,0.0446942335197131,0.04267911106356899,0.02705402251279227,0.06945185448653318,0.04995851910681095,0.07192994512984868,0.0232177832275854,0.06639860056372889,-0.0030011945159985898,0.01901554083605642,-0.002174054633907685,0.07777736204021153,0.04407802431184453,0.029466340023959182,0.012118207303812151,0.07908896164422433,0.04524520431754301,0.030047041857373922,0.018525234515049584,0.05337932588663503,0.02374226033321581,0.03000940623157413,0.037331291013052416,0.06421495589055244,0.04774676860625874,0.06256078152402494,0.06495634359731209,0.02601873958018229,0.06513657623704756,0.013103547919883708,0.02920917618376006,-0.01759256816092139,-0.001689174854826267,0.07108827019278888,0.018617473845873977,0.09305352724378411,0.026855608153770354,0.024501300548574065,0.04151455837553307,-0.0026670589226383754,0.07719082164747063,0.05878880778311251,0.02052785759086318,0.05012991885510758,0.05315369578965764,0.018293358523437477,0.033171472382745454,0.022097744002726204,0.050451735475489055,0.0691254185128288,0.03149426340460463,-0.017450478281720014
3,0.037722869793711415,0.033582612594105124,0.01554944017895096,0.0572452948086246,0.0397180061348252,0.0605882382666532,0.03177834370412824,0.06765342532779499,-0.00251561530307802,0.05751502503207406,-0.03398631685409668,0.0164599151241973,0.05390659258118314,0.06617817041684346,0.059617639288285076,0.09134973732032681,0.08705965937594787,0.07985125308623237,0.017966540164160525,0.022961343217898854,0.015221335889954567,-0.019170683793898156,0.02742690802938201,0.03543872443966467,0.06571461941680551,0.0631635239556558,0.041088764809068486,0.05807547031483339,0.009302909230700818,0.017129141342060075,0.013655856658051944,0.08692076808648407,0.0428764218812141,0.07098386358092176,-0.014910603007879539,0.003615871070523101,0.020043349651620704,0.07982704092351679,0.06611377971178715,0.03305617535402436,0.003391649139039908,0.03344960399601338,-0.01419328297625052,0.01658417665336437,0.03185691758741788,0.038486877657025756,0.06581687263494797,0.016790706278944998,0.09159871563955833,0.025585980826940947,0.005040992884981374,0.0402276081939723,0.04830800600450257,0.08171176262673868,0.02733739398262857,0.04144214585183567,0.04055588274012055,0.07003812720175503,0.009506060280614459,0.011991127367860222,0.07465594912277279,0.057334490974871685,0.043829325787720114,0.054680584458965856,0.02113278079264167,0.067641966653062,0.030624273635163866,0.0014163809470314412,0.030890149298328715,0.02317298978727638,0.038497544042168194,0.051974424927462265,0.06502226305201071,0.06280292544966627,0.03737970561374353,0.05639226783518204,0.03230743892905941,0.02560708855216977,0.025451873816923435,0.0287243111520502,0.024484736764366903,0.040369099418277626,0.04763361295590078,0.01604019379819084,0.020353650224872073,0.05398416367695136,0.055042587607933235,0.05473864166744729,0.036409570369825325,-0.01077106197512754,0.08248889079243116,0.026848327823828524,0.02633672303736124,0.03004852127777967,0.013331282243820696,0.06883707491171358,0.026677560863836883,0.013047325387003757,0.05690198960250845,0.06465503740827332,0.03589341781157494,0.045506487259782805,0.06385282747328018,0.008519758731972218,0.05653541995452305,0.035476231479182746,0.05163826598224572,0.0019077321697483635,0.03130259074183747,0.06075440664525692,0.03443139201868663,0.02809689250054028,0.04905621321916153,0.03981486703810421,0.027682100162051776,0.053146951563309765,-0.013292372487675452,-0.006279355281176638,0.07078256108098702,0.06491881310193008,0.0391880482843592,0.04858433275861542,0.05254382943807216,0.005682362658740538,-0.02851964864613208,0.022231043187019912,0.05791970617961245,0.012452393631710326,0.04145512828875278,0.047058048467513276,0.01986383566979209,0.04999295973928676,0.061533547403013214,0.03704030958608873,0.06192251823517175,0.033383043519871584,0.016876903904392906,0.005920156423040522,0.06421270368885248,0.07456633919709063,0.042062602075492214,0.007605855072437041,0.023861194946408003,0.003961776780127754,0.013616515115688132,0.04491104863453285,0.0602014394843533,0.013970670144644204,0.05239511014833899,0.07898025010879768,0.052634714498676405
3,0.03715149940291285,-0.0015811689723225567,-0.003136734376153756,-0.005825584341460022,0.04470587335853887,0.03908400371904478,0.05738741999775966,0.0549303867183817,0.010136242910722727,0.05553950503535733,0.041228458026656326,0.01947314211036901,0.0986551182491433,0.07413267686941444,0.08439013856330349,-0.017386490007521738,0.009172181322566808,0.03992057031599186,0.02216195660337531,0.02662597303556511,0.05208772757371652,0.03964142888766109,0.043087983620829634,0.012988377082090316,0.024064576108251662,0.06593039263578881,0.04777093753854325,0.05413040680932165,0.028771001191923093,0.041797213307943414,-0.003621730747901765,0.044307142049414903,0.037626858070718715,0.024548766383828025,0.05566869183239289,0.03251794757092903,0.06109636917154719,0.030534065565542442,0.044108080079168596,-0.0016022067002166088,0.03776370523467473,0.05486559674059556,0.07856881199354368,0.07937029220060905,0.052895123111958445,0.007754957093344884,0.03464355986577444,0.01947737677185609,-0.0032935128138642036,0.007825344363774436,0.06622410601401199,0.02116365142929741,0.05793335109318782,0.048014940945924886,0.04802214136735346,0.06400523513424612,0.03083037678714566,0.022948822542686376,0.03545158721629453,0.053360944242047105,0.0018492781664084176,0.0296724242011302,0.01929836569031652,-0.014814295333216564,0.03536205407158834,0.018759522699821667,0.05012628145129146,0.036254759666840046,0.06331835188332607,0.06416470620031413,0.00992078967920058,0.05469049649219962,0.013246741431212107,0.08235178467357802,0.030161722825089023,0.06723339455164831,0.038062019271758625,0.04533526220430866,0.003970363187288453,0.044222534331915316,0.05197391163088941,0.062141302914928656,0.00574090376910226,0.02432373358663046,0.04048584382059083,0.048085208023093955,-0.004263949334752458,0.0679309588793306,0.008079817931934137,0.0909100888065387,0.06067923458771422,0.037636946957294914,0.04092715381766742,0.0485812834558967,0.03004354151428748,0.04289982074690402,0.06737371140537285,-0.015820836010154736,0.04863379111850471,0.026123470646436976,0.021548919750350334,0.05206746923528803,0.03930300445171288,-0.02469570606296464,0.015564645906838637,0.00027397520068513787,0.0908625719649466,0.05674028317858601,0.0717241528234438,0.0406013334420879,0.03135179598734577,0.04413958084057652,0.08043568539030886,0.00809896629737408,0.06100669922723883,0.026064973591673014,0.022061079347608634,0.06869382918677028,0.005708066624828548,0.04396738489612214,-0.0034859639805085926,0.033599388743337844,0.033063884818068864,0.03347217504483898,0.05393411359845097,0.013690393525816306,0.028860023307639867,0.04979997116882594,0.007247691910790412,0.05552001734801579,0.00929159344777827,-0.003281616610225059,0.05800083995781808,0.05753927134304037,0.05253786949260734,0.060646134129424545,0.05838712000238729,0.04194570338023412,0.03362984987564487,0.011525702226025464,0.03473069931944108,0.04160287620818573,0.08953049949145818,0.05466467666542077,0.019468561490202017,0.03329707199554188,0.04744527906647437,0.07340777630276346,0.016764581426948276,0.010768936251321588,0.031034474089420193
4,0.03630682105775652,0.05907858851192761,0.01710963404791077,-0.0019131397227305294,0.06135685377924989,0.04454470719494626,0.0073854056929304815,0.039179699751831554,0.06554384993075234,0.09172577788463865,0.0713697135419617,0.05384280331103497,0.017568473854194785,0.07378875190001338,0.027728036101372637,0.038807117239519004,0.07022706565034469,0.03874162326566501,0.05123825486808232,0.020473440277931645,0.015666165450251186,0.05726314163197223,0.023128972684222003,0.04740332870650961,0.04180045710874494,0.02223973106938234,-0.00518229674635521,0.03691691863155023,0.06346131892093589,0.021187848083868605,0.08194992476571697,-0.010197180749627437,0.04949164633497883,0.0074462056869374835,0.020025950309045384,0.02913291991274177,0.03403317572981314,0.023034019321542462,0.060366712823259575,0.07748729376132332,0.06469739228266877,0.02368628014149369,-0.0026360717877665987,0.021964375252979625,0.03222159570568814,0.02064527236594125,0.016327230353129652,0.09346885398750081,0.009211886515079069,0.044574668712399894,0.056366172359254604,0.038849797417238076,0.028839664902663837,0.044442672326767324,0.0449215719980694,0.011053717975727125,0.052407948985820935,-0.014215122603610873,0.044028257548096604,0.022174469802648412,0.04716879889823971,0.021343697460926583,0.063409261669857,0.033133239920273255,0.07263327857556234,0.04742643528232216,0.032641833912936874,0.027287873521171062,-0.0057116654950702325,0.056139361935469353,0.007650089244941177,0.02585810822225002,0.07060618195659435,0.009736649120052739,0.06254356330410478,0.061530923411702285,0.03816677324672352,0.0716978683846183,0.01370648344054877,0.06022818115691176,0.014292442030801596,0.0790727299951241,0.03145746793130145,0.01896907849481301,0.030675500321712703,0.04875580793068441,0.04246579267230446,0.0166951799879744,0.07922100276551282,0.04789661953096611,0.031835284081043816,0.07278648595742347,0.054214514469883054,0.012554708634870532,0.006047842311726732,0.030282399970258445,0.008172277339179995,0.031569831275811935,0.023562125941966196,0.01209762017731731,-0.00459919232835361,0.04225205317390888,0.021847075579749686,0.061724838796048495,0.014852076767975286,0.06451152299435389,0.03250975935587368,0.0791127040788952,0.03563907266120831,0.011064588698127119,0.05410154001775913,0.018890885595611168,0.016175338184424154,0.016541267351811117,0.05562454087738098,0.023605258859995034,0.022422550308744717,-0.015021961218324872,0.01986011197142582,0.02314754361964039,0.030561013194605448,0.06789321544651503,0.04986790470383413,0.026434120806443022,0.07635705263009755,0.029996423153810986,0.09611466444965061,0.05410273370635009,-0.031219242814046692,-0.001962836215638454,-0.03107148153620378,0.03134651456671324,0.04855295557265312,0.0896871035020397,0.05236623362891105,-0.004180974664203738,0.041530399016988545,0.04900237614207338,0.04534874224029448,0.049150892846015246,0.030292975554540434,0.013814717289957656,0.0447514972017537,-0.008430356056656874,0.05349379770581987,-0.00274934091218125,0.02742490291437777,0.026731721983416848,0.08720099526931338,0.05772978395720467,0.044317884281781086
4,0.03780541968163524,0.027594044140196165,0.0028503055076209913,0.0023018024106723073,0.08981615911614524,0.04192660504691668,0.07117541542808713,0.0017583641557726432,0.04233270284158404,0.06695519175471873,0.018829656511815212,0.02154639329562546,0.0645181738327343,0.05184390822069513,0.030701556519641626,0.027576620397945853,0.03670388395131062,0.06400792777265267,0.050481007561129734,0.019039076681852965,0.09266588797668299,0.016909349715856437,0.0481730802023198,0.013324944025924677,0.007097479296903193,0.034873989708540255,0.01586813527497605,0.018992486791219225,0.04179055280180112,0.05496318931591744,0.02945394857503538,0.024389158449643938,0.03499537908693845,0.02871739529612703,0.06341311976510575,0.03782994081163644,0.061192725495435245,0.05850637998087979,0.0712496902226389,0.04900984832656593,0.008704528123047263,-0.02102205463226417,0.042502474314048896,0.044155153956851906,0.03244011035786832,-0.005809586848750006,0.03240192456181828,0.06789138244513201,0.06569053922042717,-0.007598375480899117,0.09382764217469139,0.056183255673289495,0.024695362386297312,0.012263926553961604,0.08125097536120812,0.0232719822387127,0.029885246337567895,0.04256363557912705,0.04104981999903253,0.07319428267879197,0.09264769201372207,0.02177721099364633,0.030636983376339764,0.09359092854999751,-0.006366282374645392,0.09603548174696891,0.03195007519504979,0.04244942767612253,-0.003176049452470825,0.08625900230104229,0.07517690262828107,0.066912747404316,0.051304038906648676,0.06922208119939079,0.009145318182566736,0.07552770563648589,0.06998416530319931,0.009846913049519124,0.06484205167489389,0.054908490447925826,0.007114951384788751,0.03497894901497153,0.03909662370795231,0.012016292135502316,0.062123019607426166,0.032510748934669334,0.032685571742882336,0.06433926884193178,0.06134024562550128,0.013307583657209018,0.006332565074830217,0.023304100315138902,0.06318064074084812,0.027368111077009545,0.05484230976739266,0.017070608647450147,0.056866735741400026,0.06037446670007133,0.05892107947745309,0.06664742670861568,0.0013990425112875848,0.0460766399197422,0.06923072096452007,0.03220846142419764,0.04647352614512967,0.061625162405672014,0.07673354246830688,0.06770485305059724,0.07510114932919215,0.038182479228586724,0.006831816878644453,0.04287121464401129,0.03596205039810787,0.02197004680684534,-0.00781820620418993,0.02932742025272741,0.03697398995850915,0.00337859094037022,0.0326004913289889,0.0813454998680126,0.0021062129517224262,0.007640150553854218,0.021654126346097067,0.007576409580662115,0.04492804220930263,0.03382673321005169,0.029668703779077175,0.06784632326762512,0.004202662677050356,0.06531856645988413,0.03150021840379911,0.01453454402424361,0.027759283725955604,0.022771546758266124,-0.003970363381174881,0.0643124986108506,-0.022858983097276332,0.030316376286319238,0.03366829719423336,0.023252492070531188,0.0041896936985373265,0.051114589971870086,0.0035129356810458395,0.027157490275907678,-0.011460292055798377,0.06357797231074513,0.017221567745501827,0.018329662035568923,0.01641069399202939,0.07316558669058489,0.0033468333196880334
4,0.0362411672226611,0.0715764076089528,0.02729036786044914,0.021767137494842336,0.06566170670715878,0.021595173046157906,0.039766410851202506,0.06582244153009369,0.0317239112332211,0.049862701239102046,0.06058834187372661,0.04506666626299015,0.058354623752259055,0.003859515882960768,0.05510304187347264,0.03326648164608047,-0.006336408329996643,0.026378613252699315,0.024622722317951307,-0.004049198794713944,-0.0027335843376457697,0.042566537947350346,0.045314437768691984,0.04032833047031439,0.004263774517405131,0.04457674568465565,0.004010640651069215,0.04063480389736505,0.01884976345622568,0.044388274306582244,0.019085571587460746,0.028064595789835632,0.04609751985651287,0.05611756728228723,0.04079960772059244,0.008768804764831946,-4.567740975030404e-05,0.07302489253131608,0.05673464327303205,0.037955339015519514,0.04149855091494677,0.059433258107284684,0.06951241830167548,-0.01261292545337328,0.026468702223735048,0.03063649574060704,0.018069966501148196,0.01630953843650275,0.04472609453033666,0.05715894884286073,-0.02147106480192075,0.01434742245751244,-0.02834555572674636,0.05243569970685967,0.05018938776887076,0.05412132518221874,0.05870918274189639,0.05179311580267726,0.06720890918756374,0.05836708075273164,-0.007262804866760057,0.004940333029429908,-0.029165832195115336,0.061997284411610495,0.010632340176038275,0.08553550732302302,0.024149652755333324,0.02670124757591534,0.07002438616257806,-0.015611716022097044,0.06529835604305144,0.029815885517237368,0.03201437166220867,0.033358054385713036,0.05042519052591471,0.06773130120692386,0.05698403041555783,0.04013147517383662,0.035370875820420894,0.09535706126243036,0.09609938625532077,0.07654835755374823,0.0028450198060392187,0.014314379374515511,0.05779214803946213,0.06534425118371079,0.07332435702822582,0.007414255239052668,0.026097289266134985,0.009905557709697848,0.0795082694533858,0.034477904946241804,-0.0040451219390806245,0.04380001693941058,0.05191346053101009,0.051741887484838905,-0.03762766812814571,0.027978377894976696,0.07723284144894102,-0.0037305738353470425,-0.026563861126283332,0.05209533132824168,0.026053405349620598,0.07148115332786018,0.0701451754693246,0.015743050963085394,0.03497829358756176,0.030627633406014237,0.04378183427974423,0.029338171683265454,0.03952018318687715,-0.006604709499619062,0.05740874916722469,0.017686471200599064,-0.027154091041134094,0.03378214939116603,0.0382469484253862,0.0638387667725425,-0.010202246299913433,0.06599071602872024,0.04872650286369343,0.07812114481563363,0.05965502619585819,-0.004865116441490666,0.011780480864344196,0.04382835999492098,0.04760993163710091,0.054867266256144076,0.025539387570383112,0.04466242193895269,0.0383188198523695,0.07364114387051865,-0.008692400991962598,0.0014462877161123683,0.04876586455841729,0.01854491695922119,0.0491259522307191,0.034330330268625045,0.07384477244719442,0.03203705536572568,0.009112514095338274,0.03879262113984993,0.06857757025407968,0.04727954343594223,0.048559078418837956,0.030179054458505133,0.03618524190656706,0.059411381405179695,0.03559203754432158,0.06848708601806475,0.06387648723467335
4,0.038154985406465475,-0.018409001042355676,0.0322450797012447,0.05454541197107757,0.03619190932104892,0.06334270707997777,0.020484612890098806,0.03429816128654925,0.06984215475957448,0.021044518552797622,0.050152824965388774,0.05118912943090973,0.06789754005079102,0.022122985398261037,0.05778811453805992,0.08785123585888942,0.023730913688913134,0.07431137861002146,-0.01611605716461078,0.019328068154952426,0.010698001165153709,0.01264186129821817,0.001457000918532042,0.05622788117823704,0.029468891538803648,0.007372114129452496,0.05567054981060329,0.06180333168025193,0.06537046829798966,-0.0061928790286952945,0.026023284700548033,0.02341098103666678,0.023126164225343495,0.038543832284861385,0.042013644488738906,0.04416808520070618,0.07761513116366264,-0.014468513287544185,0.06549232237848064,0.06149575339814834,-0.05736937044510134,0.07277863894162981,0.04931702273035587,0.024338341938309502,0.024190084522855624,0.07924223164156464,0.01837432948492095,0.022908202903393127,0.01915595931420014,0.04624128492654907,0.024742958848903374,0.01641239163397317,0.07910873781391015,0.04772346296088573,0.04657149500289552,0.038804631464464015,0.03144524058785221,0.06313531837261428,0.04953866626218545,0.06722052431375283,0.01826470592908955,0.0439995354777412,0.027268212739384488,0.03716917795916142,0.03077136200912141,0.01569474818216053,-0.034843275242010384,0.05257720707484164,0.026473316326261258,0.027008619255343196,0.031056775647752097,0.013688632731662306,0.008692948832243946,0.07950196025026614,0.07993927260078013,0.0905374727545698,0.08036192701669649,0.06871222202196611,0.022075334031772826,0.08530642494964245,0.06898296977109127,0.046735847022944414,0.024708990219757386,-0.0034884312220261754,0.012905962879836117,0.09102598342394513,0.00340945322954235,-0.008772315444657751,-0.006461050388238063,0.033996511655652484,0.06876884511243357,0.031826624175373096,0.03512004550036627,-0.014018728506334878,0.09959502371204741,0.07867287288487146,-0.010951664020117158,0.013657222565788746,0.04654920165802035,0.017729469904189513,0.01495275308638401,0.09334888333999729,0.0343051889563967,0.017737992264930485,0.06860719617739452,0.009193646382045007,0.02505497168447942,0.04750563276753977,0.08059551794015539,0.038779484008707975,0.03568796096591318,0.038923465101218545,0.09036537096640937,-0.005588584062277024,0.01359208201407533,0.09114979050062945,0.07077495369364256,0.07416120192194736,0.08097769862642344,0.04711143113185269,0.025940560456741958,0.08600274052355253,-0.02337784042725296,-0.010144267086906515,0.07033615328795607,0.05325494871313612,0.05261543603941311,0.08423667156926481,0.03704405381060913,0.06156710462881905,0.033851967679135994,-0.03506474185433326,0.045247081511575846,0.05763113802212609,0.052149698083884935,-0.005737184037592616,0.044062682175548054,0.05227519224781961,0.008319323384108651,0.0007507982594995577,0.06292330555516616,0.07416780459818247,0.07384487706504819,-0.0028730553727323097,0.04194670725332123,0.014367271432238298,0.03854827729165031,0.03813707481430086,-0.014190932346565273,0.06792464995551979,0.038344513735926226
4,0.03774911457638037,0.07147220558815853,0.023391201528768554,0.07333442275382848,0.08847443430193241,0.01335311751499849,-0.000621378072403346,0.043117813386174444,0.02774456622212424,0.05115850529669585,0.04059986918760411,0.07941946406515242,0.03189937267021227,0.052839953906509196,0.0016185828971517352,0.057433111322573,0.05266766255358738,0.004006195875095715,0.051789301591156287,0.06496956001341854,0.04592700982115675,-0.014514642838858817,0.019194308751231015,0.05877245687655226,0.0306042121766242,0.024893043673709238,0.06902488004574497,0.04651628813133366,0.03685293884828626,-0.030629621486678492,0.04055457533780459,0.025359451651340792,0.052830117277892746,0.007870687156393615,0.032980828385855136,0.005173567308995451,0.016934333593806746,0.06080674608101633,0.045204259511654174,0.044788785115412746,0.060419464231348585,0.09176911036045388,0.0012297026579650983,0.04297689540554899,0.05558354057369064,0.05243740425451531,0.0295130415768908,0.021915660422775873,0.04671304236099842,-0.0018771761709264478,0.04325285141540596,0.08121502317932597,0.049879540811993014,0.032076873622532046,0.012607547390356105,0.002849687377678878,0.08435681567898615,0.015601871232048172,0.0008332388195567142,0.04453617229409332,0.023242675579484902,0.03941763636215744,0.04043677687173314,0.04561551333178975,0.06670803751237167,0.05866971338268949,0.03296694675549097,0.08633143356682013,0.021388247760129434,0.03898040316272497,0.04413653909499647,0.07000888090130968,0.046311330154232375,0.039136646800688665,0.018814113854667285,-0.018530255516340216,0.017494442021241906,0.06844956135595538,-0.0029209049428149253,0.02443120918754557,-0.013084786910848904,0.04540303332967477,0.028734058175662294,0.038593121265976936,0.02498132433450828,0.03902658497536661,0.01773112414846852,0.02095668145814414,0.06669601782633425,0.011765268634335867,0.02167821625118902,0.01764110800879657,0.049806508714775724,0.07772379422821313,0.06372224974687231,0.04664371025045733,0.033216236621865264,0.049363958711575326,-0.027474718193122673,0.06904978058436714,0.06931660897444836,-0.02335814414678835,0.03219429092420108,0.0663475238640076,-0.00029673756510567584,0.058880330314307616,-0.0036789687934355234,0.038638815556475234,0.016583552230505397,0.05175462136749043,0.06539824116020346,0.08459305038120259,0.034953302828237234,0.08025404550279061,0.01868909239051239,0.02442380446384357,0.04595812480413934,0.0026464753122294807,0.020104081464207925,0.036328841358132406,0.045163246790836456,0.04972162179902545,0.005552275741224133,0.05347339177824753,0.0521902781027645,0.052727191168441295,0.0770644394465652,0.039888051695787914,0.05934741275131927,0.05893368388701031,0.05806435041851828,0.044607610265334545,-0.00343650074854001,0.06951446299728552,0.043106264716133214,0.03792745762555563,0.06884518599935198,0.03940931259746202,0.01830955521003795,0.02137894011205485,0.038363013629918966,0.03592471306065153,0.012427152406963588,0.028544205303604516,0.04132805628363551,0.05522309378680488,0.06736061182117545,0.07376189693999018,0.0177792521485248,0.005235970444272882,0.015935321008756175
4,0.03744586082569708,0.04466199407706075,0.022712102887280608,0.05625589381000757,0.06720697938428354,0.03086940130339149,0.05254335538137851,0.0013784134099678116,0.046902757732647876,0.05607322706758608,0.030016004534237306,0.015672281813315675,0.03675151944488813,0.026192277659945005,0.07627523244188213,0.008985296523099928,0.013671513937411596,0.007424148819892305,-0.022940013015945483,-0.005303278144562877,0.04121160046452335,-0.0029719333748461016,0.037393835459231216,0.029334134161780365,0.021152964529399836,0.0626850238581664,0.027937519791403055,0.05085184454981857,0.04401541014760082,0.08672484783496297,0.012447057388567995,0.08014383249572984,0.024946600826357156,0.05330870855013231,-0.004741547340545188,0.021047616895422432,0.035741438440492976,-0.001866937826447937,0.0014721495355828132,0.024508959872480147,0.022749376776699515,0.04423446424831035,0.032537742506897616,0.0545711848866716,0.013830334284591739,0.06422863244407355,0.03884695926389395,0.03311927849340524,0.033341097127165355,0.09069879347166987,0.01582160392898798,0.041834432048115384,0.05479046043586519,0.025363410714341447,0.008241239285239836,0.06552500044586046,0.019684385774072766,0.06094410212734622,0.06636364273754401,0.03146194651530506,0.039729951592847174,0.027126015900215662,0.01091246518949152,-0.0015451714460960123,0.03698599547783665,0.06224681494438423,0.025474629270568667,0.052097874911439614,0.04201930607706089,0.04138899218492187,0.042838584216660265,0.07535616915963614,0.08522187534789999,0.009716685398543267,0.06479401659868117,0.049414375528704625,0.05040781082784031,0.0363596060917789,0.04775159407398631,0.04128495186633914,0.04988099632796181,0.018401300334843253,0.06987366934908817,0.024453236414238473,0.08551493797085258,0.04281676701374067,0.057254404790114746,-0.008193001972581763,0.0714469949422196,0.031573830372914766,0.026774329337806983,0.055992529269300456,0.060272280746356995,-0.006306578618118043,0.06989697839499108,0.02619371980315878,0.04916924176071325,0.06138758538735359,0.044757515350613314,0.02151466372995997,0.002771891976450336,0.045384546398246906,0.010256979229771535,-0.026685605700455424,0.06404315678771605,0.0231530426063195,0.09055064273686572,0.05278654704100481,0.022658939163222216,-0.0006476876383316177,0.029863879550764305,0.02193037008675427,0.007347121589762973,0.07510255788809249,0.0395789657512489,-0.0009541696515181775,0.03710170172669943,0.08960909040279705,0.08275953092003135,0.01548756285061956,0.05781734581121002,-0.0003242132393132674,0.08036994060343286,0.011664641677229654,0.07350474075247791,0.019763891621557353,-0.006779659714224784,0.016091807764490776,-0.02387950992535829,-0.007661561078511105,0.027818668534879645,0.028368917159250814,0.051724392934443114,0.04613489616143419,0.056322906392947694,0.04982322803409357,0.004089555222811132,0.06448683224175028,0.04562825955790381,0.03519655708562684,0.06886869200550283,0.00838176755530095,0.04615324785879785,0.04687725942397218,0.02927318964543876,0.07903281072466517,0.04441278206860235,0.09238255968254777,0.07943204751655668,0.02664401977222176,0.062021779524854645
4,0.03576051926018939,-0.011300056928824652,0.02123624211012263,0.08623520807340668,0.07015733961689338,0.024327083196697265,0.03154242179699313,0.009506772893622659,0.07732597743817225,0.08712339629449603,0.030814576692554097,0.07775411481516878,0.041313743838980094,0.03522759574402366,0.021408404612648452,0.0005745068909244894,-0.018230456376023225,0.022859782421073754,0.032789760602195336,0.04853612786724086,0.010530742679178747,0.005224418921430891,0.05371237716160305,0.039666541133828316,0.009793389786631416,0.03314069427397251,0.05301838617752989,0.05236213195841012,0.03584078456929186,0.03120557841427693,0.030999145906451912,0.07639037400931525,0.03707179765045966,0.074548560285194,0.05038053047004973,0.04260593560917022,0.008363567104353598,0.04428209130836763,0.07111145554404637,0.03829142437271958,-0.00832151150495948,0.07119791344678603,0.030353847358398408,0.052612108347788546,0.05015971593848818,0.008162058659269139,0.015894321506511367,0.03909791752019879,0.012825908076177815,0.06719258888740276,0.036815943383689737,0.03337208781474474,0.03546144357953831,0.06736205997622662,0.03280327731037215,0.014728279817694003,0.009321782744695199,-0.03449726506123276,0.08248939205787764,0.09163898199242193,0.06227537807315478,0.033784340200375275,0.009527528332707823,0.0699917135655784,0.02365826660424298,0.06556388468509922,0.08972460090640569,0.012586352141091498,0.06293505168780324,0.04440327677086482,-0.014072333598538447,0.030203453098036646,-0.037291931150722,0.0675197137816725,-0.01675578276705636,0.006400579079020002,0.03789978885289097,0.038748876443185816,0.042070410840030895,0.05844435979755484,0.034010664621102984,0.04486300034769053,0.0884574863972693,0.046421560366281346,0.09128615187806041,0.0387747440749728,0.044716972502647896,0.019291414265489665,0.04803275547313344,0.038913790840995006,0.038670350086047994,0.03702505606811006,0.0654526928828485,-0.005650041741676402,0.04215250371915805,0.016717056083532755,0.015402630983275194,0.05757450250772285,0.06727834554370463,0.051702120446778466,0.013979898220539487,0.06392701524807412,0.02672450327187057,0.09533586037189742,0.040260881189223226,0.04798976849780388,-0.02777985847202561,0.023290799433634563,0.04144696396613129,0.04039037221180938,-0.01683402694866263,-0.009599044829294627,0.013498604599327762,0.03270513229754347,0.024308579102631313,-0.00837957482437765,0.042574912267120006,0.023683477805507,-0.05053076319676717,0.038666857182001475,0.07801142460670792,0.052920416820967334,0.013163394354120565,0.05294703914727263,0.02068439488058369,0.048450292259720515,-0.013136512636764762,0.03213209842332919,0.06456596317838297,-0.007390144345915978,0.023972868139750903,0.023836058838230253,0.02358163736112938,0.07810494683215713,0.07273074333309508,0.04212591510154731,0.029952966690414265,0.07644795713727151,0.0815304583218748,0.029295964666602482,-0.014491286999975372,0.02269113935959292,0.045985741257622045,0.021435627086850633,0.06496885946264559,-0.002453552559948044,0.036435459771475776,0.009272498380636842,0.04108113293481354,0.0647520454051117,0.0296873789458375
4,0.03866282686554637,0.08913144711059927,-0.00779450141300507,0.03714227382539414,0.04683532537421346,0.05493633705414055,0.02104283163686384,0.016404237933421474,0.008655091261720947,0.03962710988224999,0.03788483693955653,0.03134685180194498,0.07762189806075295,0.07949494913709358,0.030158001770553812,0.02177926131575556,0.05294844853168141,0.05193131948011962,-0.0063358709803434665,0.04430784233721088,0.05307943231494591,-0.0005164639866868867,0.05116548095144158,0.03788609297916735,0.06202703871474706,0.08055261678266482,0.03653335455166668,0.03516231208768704,0.06269733530028362,0.05713449440631843,0.03629273656119491,0.08071317302926724,0.057523220402530585,0.03816483337083101,-0.04158046975020389,0.061015979603070425,0.058617271658711834,0.0033676243550760238,0.018787389673264102,0.06403639353697221,0.0651172747814688,-0.008406012342078176,0.03716424887235243,0.052079228819105476,0.044128791183122164,0.0019923061527103852,-0.014105631321565011,0.03983468258280143,0.06671307406164115,0.07360890043515586,0.05090158908601367,0.031341556300599725,0.05695033779436494,0.010138012358644033,0.03974057417722045,0.020071566398754296,0.05880407512003412,0.04128364174553994,0.017640941559186708,0.06488422390168742,0.020709890559702886,0.02608674329354682,0.09292145859734799,0.01187166374644879,0.04257766162695018,0.012621828373308244,-0.011339777643069628,0.01020433540311498,0.013402596627197696,-0.012238027885065873,0.07995214306729946,0.03907099824158296,0.08456761910012554,0.0778486795847935,-0.006633733162170009,0.06796841346130256,-0.0012946315334405392,0.09172286945062337,0.028333023664125684,0.07362779774739635,0.04443165302677965,0.05101917329352298,0.066886291290941,0.007295768019048278,0.07486962887103521,0.03797152032489427,-0.01428967686222185,0.05778292752944066,0.008833986311240046,0.0730002254007912,-0.019434933579265443,0.050635946912518486,0.021548157615238334,0.04221667062766645,0.026577019471098855,0.043889409428043605,0.04730878068346864,0.011306341092137503,0.07480776182336005,0.0661371860772226,0.015227683374828077,0.044025714226601904,0.07653984351796976,-0.0031814370080178803,0.046464478072216535,0.05865494109163255,0.02263069996117563,-0.02373009917964574,0.04347128752691877,0.07557512697273829,0.07330771920623269,0.025591045348844092,0.04628226121519627,0.06501004210684533,0.04916609575079679,0.08614894936023978,0.0011098933882069742,-0.024817087133008155,0.03337660630267681,0.009982489322721392,0.039650550879695885,0.00487408976367619,0.057587760285703476,0.028841604758982134,0.03796486401994925,0.00453578651555421,0.07111096554200443,-0.025964735156003317,0.0754317999279959,0.0781981926653222,0.07349377853233471,0.00570408049384484,0.014917769064437876,0.07460956605280042,0.0494226721221695,0.020065434281028062,0.01044278315992923,-0.002890071186942081,0.06368004329852883,0.09092397100652883,0.03787893084310844,0.07375463499197649,0.016735707835851432,0.040812062430271,0.027682043097042815,0.030111355689383897,0.09892413286526208,0.03300857800301035,0.02136352826470891,0.042060486796464264,0.03921910061444888
4,0.038892288738692514,0.013478569878320214,0.023935140430554776,0.0030719029856922306,0.021628308039804995,0.045404748204595495,0.03820172453969608,0.07567095709371577,0.018960278144940397,0.07814130328023444,0.027469016183962493,0.0633163048798539,0.08862757640929736,-0.004241254796592923,0.0019351843153850162,0.04196488412508022,0.06679407815333975,0.07184681920593607,-0.010168142077696014,-0.02817983455578813,0.06474814536842621,-0.013945112029876673,0.060121250278377524,-0.023403560978054704,0.017005659894506153,0.053888610368270834,0.047628666081507856,0.09433246288268199,0.06617619048843937,-0.0069393485897984025,0.011550981396391748,0.045243141172715814,-0.00011654997603216533,0.06898971121529379,0.028946697377442668,0.03623066269297336,0.07324615587969754,0.04967474456414764,0.06260916340337877,0.02354480932966095,0.05705160098753677,0.015841472293475264,0.0746298180004629,0.04753768297474663,0.025311680600850324,0.03472168883567151,0.021642839206216038,0.010755158438784902,-0.009584581846361039,0.016556794259766847,0.05740381701435096,0.033824873604069945,0.01681693521016652,0.020820679348401015,0.059801854910513506,0.049002428992623775,0.0561254533996565,0.09052237498773683,0.020497495792079528,0.04642520063807708,0.01677027914624792,0.07196909622933378,0.056437914868368196,0.009057508415188594,0.0360294546453782,0.04624138249999359,0.05629956157952989,0.011255486082778831,-0.0012764306989813262,0.05202036480159268,0.06393205754022295,0.019728250247591738,0.0806127027914155,0.010051151470115493,0.026786878840931894,0.0378111357657874,0.010357212962263176,0.08679108760078866,0.09469861188850581,0.025761866299991415,0.06858477985578396,-0.035714790721884306,0.004803261242978217,0.014639789325445303,0.08362181687474088,0.021624895320308722,0.03845903181197132,0.07380580116966154,0.08050945230909831,0.022571869915275256,0.09646742788375556,0.06374591132701826,0.07462963155622124,0.03290682653837618,-0.0008913268076611788,0.035908449005337545,0.041244599167718395,-0.012017750726927456,0.08764916079944395,0.040168946709842085,0.05706344932371603,0.044918627117570116,0.043857359710421116,0.06903194443224181,0.08057741528616824,0.03623900875306036,0.05619258961933503,0.02793457533872215,0.029322255983667604,-0.004489066394716142,0.05018645127288816,0.053656515253666964,0.07512345351917675,0.033587245211463765,0.03839118882216701,0.05529202288270453,0.05428517135905085,0.07864187386715552,0.09442485932149336,0.01727161899850949,0.03942625709235912,0.041995990443723985,0.03852669943081264,0.018139882159148225,0.018058747213588005,0.08226108170427776,0.03227879407304039,0.030178666913309105,0.08244009008559877,0.01539423586115199,-0.007940400968965082,0.01772751726016415,0.01834162745425524,0.05223815273539005,0.04165548271074201,-0.005351455932846,0.05854073952830719,0.09051240720807577,0.057154009591328735,0.04270192151451283,0.027055220627852386,-0.056402196884550844,0.034552627815883426,0.024456772122992063,0.06368499650708012,0.08364515191370776,-0.004818291180188158,0.021222773994331916,0.04031096467698304,0.019243778520373324,0.03795383849011801
4,0.03982818190207703,0.04161534539313578,0.02187120271305524,0.03630649176023016,0.04458439834585559,0.07201822648015253,0.05293116398694755,0.01788758095784634,0.04856677785302968,0.029499161105367246,0.009508531265400934,0.051420010207010154,0.03288672633345887,-0.011992372642958014,0.0889516808688694,-0.0032519395033554707,0.022011177122511157,0.01285792450629172,0.041185165421689894,0.037120154475565666,0.06448707935997258,0.03210300755704285,0.02402235365082098,0.03978726569886782,0.022194776205713848,0.029469656465879984,0.031126807409712225,0.07397845666632619,0.07714647134260344,0.011096471258860308,0.032639498408180874,0.06819977486521034,0.07799098868081461,0.046165628340754286,0.05818833541472106,0.0744097562022605,0.055554764617052776,0.04490743827593366,0.039357150268686386,0.014581594652291884,0.011016296770173684,0.035446776722328696,0.04306572364562309,0.06228787871049924,0.03453121841462641,0.02346870778176725,0.03783087308086621,0.0756778329748168,0.02870853250162088,0.07603213068129647,0.05478575851657384,0.04068054730434105,0.009547777250727005,0.0788717692414479,0.05741795151271812,-0.024700303988645304,0.021584578139692296,0.012484015941598151,0.023615893574574026,-0.013107264368147895,0.03855689653746614,0.06161881835865238,0.06792817686039404,0.006882446954673493,0.030946919871228898,0.03674893144577978,0.032621124510225544,0.0397880289420321,0.03269823025629009,0.0755356138834918,0.025208650417072643,0.024243965674334823,0.021275117592318753,0.042603578853657835,0.06488464676113276,0.04688994738807629,0.02483400377935153,0.040318363503252456,0.01854475684452693,0.00815637225956365,0.04532147415207591,0.03192371530027537,0.04022353728846994,0.03352792016614908,-0.006533114109111296,0.019506851131929424,0.02727541935500369,0.03454877256272798,0.07330730148239104,0.05070904509196985,0.055461798367247794,0.03760479845648697,0.05111737157670245,0.029297190172119993,0.04763880035015436,-0.010114803273098827,0.03426886306789101,0.06215717916009571,0.008744758687002245,0.07989804248347773,0.04808341432931144,0.09237899387356371,0.009355221948829422,0.0036779619564063157,0.08235704208814046,0.016539435015466956,0.0478227540217577,0.08356027730825634,0.015574178236917292,0.021013942577972743,0.050796355588976605,0.06594617956720475,0.05890371516578194,-0.006912701732590822,0.015357950174302207,0.06838371574826811,0.03890378072793273,0.0465758991687881,0.07444984121875614,0.05065812466790746,0.0345221349144556,0.02992883356869934,0.0792304512072296,0.045860294867275685,0.0072769233871171485,0.034966077746832414,-0.016272696839325328,0.023614821200353683,0.046095585651757386,0.0603767871069866,0.058509718384306034,-0.00026652900896840387,0.06159609915463979,0.052672407943540146,0.016997773263422986,0.04704546179313414,0.04634693274282357,0.06831382541662404,0.038778929158356915,0.034519049583947206,0.06707746234573093,0.012838671980327624,0.09344911833130085,0.026738509073699346,0.05426281327671434,0.08731271464687843,0.005504753972943283,0.05351587087969872,0.06481754543288158,0.022100614437228903,0.09426935947520043
