group,mean_r,sample_1,sample_2,sample_3,sample_4,sample_5,sample_6,sample_7,sample_8,sample_9,sample_10,sample_11,sample_12,sample_13,sample_14,sample_15,sample_16,sample_17,sample_18,sample_19,sample_20,sample_21,sample_22,sample_23,sample_24,sample_25,sample_26,sample_27,sample_28,sample_29,sample_30,sample_31,sample_32,sample_33,sample_34,sample_35,sample_36,sample_37,sample_38,sample_39,sample_40,sample_41,sample_42,sample_43,sample_44,sample_45,sample_46,sample_47,sample_48,sample_49,sample_50,sample_51,sample_52,sample_53,sample_54,sample_55,sample_56,sample_57,sample_58,sample_59,sample_60,sample_61,sample_62,sample_63,sample_64,sample_65,sample_66,sample_67,sample_68,sample_69,sample_70,sample_71,sample_72,sample_73,sample_74,sample_75,sample_76,sample_77,sample_78,sample_79,sample_80,sample_81,sample_82,sample_83,sample_84,sample_85,sample_86,sample_87,sample_88,sample_89,sample_90,sample_91,sample_92,sample_93,sample_94,sample_95,sample_96,sample_97,sample_98,sample_99,sample_100,sample_101,sample_102,sample_103,sample_104,sample_105,sample_106,sample_107,sample_108,sample_109,sample_110,sample_111,sample_112,sample_113,sample_114,sample_115,sample_116,sample_117,sample_118,sample_119,sample_120,sample_121,sample_122,sample_123,sample_124,sample_125,sample_126,sample_127,sample_128,sample_129,sample_130,sample_131,sample_132,sample_133,sample_134,sample_135,sample_136,sample_137,sample_138,sample_139,sample_140,sample_141,sample_142,sample_143,sample_144,sample_145,sample_146,sample_147,sample_148,sample_149,sample_150
0,0.02993400698332394,0.039174469047113296,0.03399658233707317,0.020681446900360008,0.005643083870932302,0.03410277630887888,0.03754770961254836,0.027297370000479354,0.022839556185529394,0.027063364083757386,0.02751706108366666,0.019853961824763428,0.033780165447903764,0.02391827131005201,0.02433421213129658,0.033454515479221035,0.04101610343360004,0.021749130925294024,0.021022592780804976,0.03299646719122951,0.03418734887774891,0.04504741131726531,0.0349055319599018,0.032718008828631025,0.03518031130804322,0.04246849998611249,0.037362970984397496,0.02883586046881284,0.040561649833717614,0.024014295458532228,0.032925356328239105,0.025558274441735994,0.026445044027962956,0.035972747245337,0.03740114298413242,0.02595110780560097,0.031370910638709316,0.03190612557039247,0.035776599660478074,0.02238188997952669,0.025529840586426104,0.030141600336082524,0.023292608882249967,0.02403522710711309,0.02730471384504309,0.02120567667950349,0.03173989703037853,0.03001390572602242,0.03064485159148074,0.04225525106545526,0.02426204807046719,0.029338484055938294,0.03784256909572552,0.03885506159928666,0.050535490480556555,0.03577034263385328,0.031661143515162256,0.03498533821932006,0.03834094158250865,0.020418606770408992,0.010562509731980686,0.03554899199613657,0.0102703662391905,0.0338689078409639,0.039200191251692135,0.032269064886452335,0.03204425500709944,0.013248745426272877,0.025413442958378676,0.01293595994172813,0.04150882503743751,0.03149373922331079,0.01890296360561506,0.034362095320590993,0.02223189175943384,0.03068655210390089,0.02853922245998133,0.013861744905346828,0.034735842904786915,0.009028351607045928,0.04732400783545064,0.02722145701771475,0.031405161297658225,0.016446402356905504,0.025824770521054582,0.02050312886337119,0.03721307122112769,0.02730304812733757,0.030483973265013557,0.025856190840534744,0.034915906460611434,0.024334199239187643,0.008274782673888897,0.04402174578069283,0.032456660924309454,0.03855258196841452,0.03143298950864587,0.0434575401317553,0.01648445475157022,0.026674164850080746,0.009876006242367577,0.036119829705691484,0.018871465808642778,0.031674783417326095,0.026145929071578863,0.0553429283806091,0.031278865314439096,0.03208345115275503,0.04655830959885838,0.04488822627244729,0.02620475948573983,0.03133893965014151,0.03899750574009318,0.02430402426221647,0.02340841143782231,0.03833144327338407,0.022593326187918178,0.019885659011039444,0.05015677761723973,0.026917510607211186,0.045811709824401886,0.036645629469839514,0.021146278080271076,0.03710779899708306,0.02920282572109299,0.018571620684726946,0.035799581065699984,0.04197355454584909,0.03197873613497738,0.03152531755358512,0.030021658394511094,0.039631378220697074,0.02412141915983028,0.011527452532422128,0.02673600351201457,0.02570283260645824,0.022898082521915605,0.02177824788237461,0.020346101471775645,0.03337244224642544,0.045453399962295714,0.02373349313003622,0.03709877589602245,0.023321301774926882,0.029773265612156045,0.0366793822276331,0.024047307584228697,0.034061218608712335,0.04215059743685573,0.030929257260995505,0.023942796765819646
0,0.029297907582018622,0.029801348470148294,0.03774143521703234,0.012201819514054371,0.013512153833622347,0.050535437776277406,0.027711425348775843,0.0433394756423762,0.039562508271578256,0.04251633330015206,0.03816982757595215,0.028797515073992017,0.021862282975199786,0.03721133261986807,0.029778772323161985,0.02042080856022058,0.03203006815698734,0.02763298865758157,0.022455870695661764,0.03199726254043687,0.04488199085071562,0.015853871812657988,0.033867643626440395,0.024396033199522632,0.037899187789748184,0.026833933306525094,0.03708585091010467,0.014221516721296758,0.03714226450282556,0.02665391786792153,0.026434756168471494,0.032221514878817546,0.03208576368481602,0.024961990014848116,0.03857155878193095,0.02547160749826164,0.022740162243075613,0.026148608264370928,0.030055069196960646,0.030471236284685843,0.03855552415329945,0.03390734566699393,0.0421424725323139,0.04508133097080899,0.03012677167174954,0.03732934876422488,0.03828950947460666,0.043023810645473226,0.03822120554083349,0.03046828084290031,0.01947373152656927,0.03272121598535146,0.03597618604312032,0.025335432241838943,0.035057282687274226,0.025570273717113175,0.021362461743189842,0.024227511142114435,0.025593942040733352,0.039751515946338314,0.014554255536004338,0.04629522986270132,0.029278163636415368,0.03987112600657908,0.023451103918149953,0.022203829518321682,0.038977263631217646,0.04170105578942988,0.03225789104522083,0.04289538953199062,0.04011974286208583,0.017636736430120363,0.008969371751824814,0.02825844283809882,0.019343029840263926,0.022417211566879588,0.02133638249658627,0.027563553356153514,0.03707341230490741,0.022116739658784176,0.03191142284770438,0.022792048840200543,0.02170210864363148,0.028677028019459604,0.03844030408711925,0.04148374298073772,0.02776610650429327,0.024212143531048586,0.022833252954531216,0.03456038276853056,0.019557197917184257,0.0283752346777485,0.044428106402691014,0.007516628441229325,0.04542562560202963,0.017264920322471088,0.0258747270817388,0.025378355013765036,0.02661139014313507,0.016603367182707912,0.012119998373338745,0.02914938268625632,0.026101470490846775,0.02645914965618286,0.029958658656919265,0.02638892734933577,0.02483104199342227,0.024240994077092674,0.018067755527157357,0.021901749026487956,0.0151123229579801,0.028109425998988823,0.022732803886052477,0.0235179568469649,0.020923192901227933,0.03372698240930562,0.02699233754670687,0.02679360401885043,0.01458868950962118,0.036785610048601175,0.026297927214866738,0.03889807468519094,0.01897648058393199,0.03378412773737316,0.040356628164100426,0.04111891116056824,0.00202432106837808,0.05459816775659547,0.034473326120540805,0.011210893734651454,0.02673706645361827,0.03594546447383078,0.022032695839649036,0.017166808512432297,0.028779790961888853,0.041057455235223736,0.028050514154089594,0.03740491735832516,0.023785044928253327,0.033853682681398545,0.016486829761496298,0.038358974948736836,0.030122836985826577,0.0453682784930833,0.027591097005350805,0.0322747895881368,0.032176337438730794,0.029695136138589023,0.028999025813179004,0.03234998964748306,0.03098216565831752
0,0.02934543724849947,0.033723991919623005,0.046977224055430984,0.04989232655892037,0.0134425225893096,0.028810622577823408,0.024443406559997338,0.040229689033479094,0.03557861989009714,0.029979826581738075,0.04024619018406989,0.03138868911096855,0.004406451969473889,0.02243808130579157,0.0274007195483926,0.05014326729964461,0.033212206338854966,0.022142861433255744,0.04594433430290744,0.03695230777967428,0.03881292754374953,0.016971465108910906,0.02982774661235612,0.023390789365157566,0.04470393983033998,0.0067427976612809415,0.027282856885087633,0.041385580103978845,0.02759502833430369,0.03097368381161656,0.02674384911145802,0.04165857261286212,0.0315672098269114,0.027912747586144853,0.02656413842725023,0.01028910266661779,0.03422386650695756,0.02669886853273022,0.02117432796076222,0.03673060917746168,0.03375732938027126,0.036639162987800095,0.00926159592308972,0.02649420226377594,0.04071786341100183,0.0375416230720389,0.030870247058235534,0.016773339789207874,0.01782125174982764,0.03953790663000303,0.014329139877905326,0.04604916048337787,0.022410984500670122,0.038526419603332224,0.020721141398442368,0.025138926099144115,0.019240458661830745,0.02790030115486368,0.033066692538182514,0.03914576515490788,0.03044448370281719,0.029764229103875658,0.032698484708219976,0.018036772825450652,0.04056415471011096,0.01835036310502289,0.05672810378889993,0.0283784327677054,0.033026343540656825,0.026162227196200608,0.006400923866041335,0.03146836208264373,0.024435888967809922,0.03742922346703054,0.018541879568234675,0.002619567415453272,0.019190271101829727,0.04257789242477893,0.0347489068138911,0.03960633520989785,0.03248911960771521,0.027003337762019863,0.03204435877672168,0.03837067967151274,0.02973522603153639,0.03246704535893956,-0.00045072167342121924,0.011044781971623879,0.02311769180594553,0.049529337749792055,0.044359970094634896,0.01865873628473671,0.029974037153515945,0.027444211201436343,0.030956351965585598,0.028276245649768286,0.01948176129489999,0.022914513686597086,0.0276007707896563,0.02069892580651323,0.016641247063554826,0.02984546700605919,0.02811419528472567,0.029104259233220263,0.028514965635879578,0.02583339651626827,0.033306642192675956,0.03470067932875019,0.02878732172044434,0.02901100291211708,0.029454907319270387,0.037418627406297165,0.04367614137688222,0.02655889957457267,0.02835475793715525,0.02587074764624817,0.028363898340013894,0.04454777891828848,0.02117731339689994,0.013094581344866886,0.026258118742365458,0.02982819918106389,0.01556914006702322,0.04385891891427577,0.020906690758399356,0.016990586807807427,0.02848491334916152,0.021419724226847577,0.0393114269510032,0.016110350029571584,0.03342235319717255,0.03862489475440793,0.03975030961699546,0.02351569957607132,0.01866070603613531,0.013857975172732209,0.03515931981104955,0.05324477815671483,0.022793845172445027,0.03580430633168565,0.01984045300577139,0.0471914350031884,0.050566446209018914,0.028032827431352277,0.03329972765384893,0.02090359307786747,0.03988050726623174,0.026245386953175333,0.02664983467734195,0.028115148292946066,0.043704954897458695
0,0.031027151621041468,0.037197700902686114,0.03226140154358493,0.04079878720673838,0.042830727959114384,0.040866777475008643,0.03085634427616206,0.025946830845776533,0.03219530935388606,0.035561645591419604,0.028279710266558726,0.04790930199464472,0.05241426508056231,0.017232466870513725,0.03096536864308552,0.040467161877374445,0.044829426797485514,0.036248080385384844,0.025036044471100576,0.03536886242263658,0.02765079226123906,0.02545384080731109,0.03809334482473538,0.014775784470834588,0.016669563558897996,0.04675622346887251,0.04780716584127112,0.05622778492168647,0.03482524314569011,0.03699751105328219,0.00638604618320502,0.02535171805384759,0.021071516035888235,0.01611765542091592,0.01582837268459219,0.027614362232022252,0.016354840097989647,0.031533094197073556,0.05305580872455071,0.02686335988686495,0.03381565737176478,0.024849347201972717,0.02845209075908409,0.03614736212411168,0.041060624815903224,0.014884593755553772,0.022078688417577708,0.02981241681264993,0.020322655793709475,0.02864265655065321,0.031666706826442306,0.0365624757511629,0.03928708327864856,0.03055074592118723,0.03318922834991768,0.0310852263523015,0.009964791359788762,0.01784185638023927,0.009110348256404707,0.04487794992218689,0.043863671209264,0.03380316200326051,0.024868580613762913,0.03006634329007454,0.040996525946220136,0.030759792044950027,0.03565403229183625,0.036067123757143625,0.051100633681561,0.036670802144026744,0.025084115051806084,0.03025759469044181,0.027376446371580827,0.0383027393323475,0.03345389954580421,0.01777364489601779,0.03762762245393145,0.023247234369262005,0.042966223533325326,0.032371992748476505,0.03275807594441769,0.037686988777064195,0.04586415425580964,0.02599547394446391,0.023397939740977054,0.0409779072887597,0.039746444311476004,-0.001938759542631667,0.0517388944056191,0.028127918515682155,0.028129912281871294,0.04726719252633224,0.048186972062635565,0.03591719253975512,0.017538228930799607,0.021512924880550482,0.02163338651212424,0.03143709743841145,0.025475010963989558,0.03091836053258912,0.028278190588501798,0.02602139688113126,0.03593074630207891,0.026874110324534205,0.039323128102127076,0.03436401267916935,0.016583517721571857,0.04247621490022052,0.04907852284335683,0.0260809706073854,0.03493433887951569,0.023850882138212914,0.021545111706015918,0.029855908886709564,0.03383235711149745,0.029048281773596522,0.02393042511635516,0.01970045726267745,0.03404086671676042,0.021683637622461352,0.027370323721416772,0.03710123254153014,0.02693881129275512,0.03330783076418866,0.01423780998233054,0.03067893413821888,0.02196264252143822,0.0421812278575224,0.0191505140733726,0.02651038513841509,0.030702906355150907,0.013886061940484116,0.03684668532872169,0.05089001756555277,0.03438796247944912,0.02690708689965303,0.029465576871627947,0.01719452047690996,0.024436115095591147,0.04040501107006617,0.0334264416599552,0.014800052634298204,0.03813286312592473,0.028512765337375328,0.02622088831091884,0.024461877787541574,0.03459733653930877,0.03841876153928875,0.03750464106173627,0.02657583164284053,0.037840305117212855
0,0.028718615561152194,0.010442004538865846,0.0390173529546608,0.039122292023207716,0.01923023315772078,0.0173589954889289,0.035641038926593246,0.03282718777311361,0.037731300491876396,0.03171119247570701,0.021945904907264675,0.028088998651049545,0.016622695804870812,0.03297852997409055,0.014118488060594823,0.025639550833593275,0.04075332945974705,0.021296362397868536,0.0389207402231266,0.02236150010017038,0.01955856552244254,0.02978771704483905,0.026813945756915928,0.027614510995519814,0.03508104965879823,0.03197123597384606,0.034740454136832764,0.010977432884603885,0.029724765415166693,0.047995334201533374,0.025645700797114212,0.019949900911746195,0.04114186152445849,0.04515540392742902,0.0212950802891036,0.028636066042023327,0.024944503168184383,0.023211331154340105,0.02190077941345903,0.03105658100022697,0.02694734486119255,0.040343819371599275,0.0388873007004332,0.023309248899357256,0.03217883559405158,0.024648664567662074,0.03580884388482306,0.022175711987226867,0.030032860003951434,0.035248338711978265,0.02222259988673786,0.025079362547902766,0.0005301418886624748,0.03142600784925092,0.026947591547099085,0.027437618287415227,0.029370758613165113,0.025714576137121012,0.012385496793573526,0.041546890625166366,0.011024450171344239,0.021716120043651962,0.025484243997564656,0.019668743383733252,0.03425379597006657,0.03438486341012004,0.035748020715315895,0.04854007734844819,0.043700807234931735,0.01789249414298173,0.02745841460783355,0.01597678750135563,0.02873535306562756,0.027190334190943532,0.02259017626989277,0.021502663360265746,0.044441128901689164,-0.0018376493664517338,0.035235175033952765,0.02707554569582623,0.026945051886875203,0.021450366681306593,0.03050526452221953,0.03709197991040906,0.037911384931088504,0.03350696430349375,0.026216623136093714,0.020342063403531258,0.021674353591176487,0.02892884976756763,0.016981322787907135,0.029386248402168108,0.014031944512236428,0.02260107729086125,0.011347966108750027,0.028876225290466604,0.04738257105475037,0.018728568794876777,0.022613650913945606,0.0274509755713654,0.049542685859604,0.04276512768338308,0.02747195354753375,0.02523194864061006,0.03924183147722264,0.025463843976823768,0.01993611708934026,0.03538378632154235,0.025437044530998744,0.033446985831274756,0.018655903359042856,0.03466754382200985,0.04293939698116438,0.031001918628049147,0.026735527066235082,0.03560358521271344,0.039725126035403735,0.017296558693282803,0.04772387641058409,0.027935910834530994,0.03542241829061114,0.006832108944945861,0.030403550771146988,0.03167090865174489,0.05424353879443693,0.03253560415872107,0.021050043962704594,0.01851035190687328,0.03682863431555099,0.03264928559329103,0.04630740217349973,0.04104451613614272,0.015669895738302818,0.042511582473375734,0.03230427472001018,0.044530048862806024,0.016839013010334615,0.026073999895990307,0.02949427282435504,0.022089974694519288,0.007331958858903025,0.02200360985688004,0.040314168202821334,0.04508022171651996,0.02032142157549819,0.03599137932854382,0.03429221708306385,0.04007335444295566,0.02016534182164835,0.045828681650685286,0.013164952354408788
0,0.030375007043575007,0.019891548117613882,0.06058470773757598,0.02890554534328932,0.0297948068823253,0.032895943025395585,0.027929765945236558,0.03821636577665483,0.029595172465247354,0.014202745201156674,0.03246862257250871,0.04339627019590958,0.010162783078934218,0.037465727811338646,0.03564741542907406,0.04140509799969074,0.021489324866502256,0.035184483939701534,0.028074780343379804,0.04499098531663618,0.023853064025728503,0.01601639908568004,0.04772084218103985,0.03244594119280549,0.03157825653417791,0.046650678785866616,0.038162270958515654,0.02705399730670917,0.031200699488439457,0.026723338930819587,0.04550867384008633,0.04634659934519525,0.026978034740051407,0.020717457153652835,0.0403252082342387,0.033368320418543373,0.03602362881156032,0.021429207069121263,0.030702074949815996,0.043376975725205595,0.03806530545956008,0.019398341716064117,0.03625602627498175,0.045942649376371575,0.04335107687873157,0.05101757188114344,0.03916950934986662,0.032805565362711425,0.013137056942368056,0.046005368251329844,0.028273190346590513,0.02117086503250185,0.03183875917769283,0.03047186955429402,0.025578766156377816,0.0321664562865468,0.017120454825448155,0.042303136447958,0.024111674309909265,0.03870369601432781,0.03368691442082543,0.03203330035299848,0.010468121983858453,0.023361934782266905,0.024170996155995,0.042347283496726694,0.019537860434873475,0.020743847660006184,0.04296560833072143,0.015094263234970417,0.023996396654842236,0.026714120509209592,0.031959790777330216,0.03090817313394197,0.02480319383649554,0.02687230106542757,0.040767228429585856,0.023507913640070974,0.03940281693373957,0.028076752930547327,0.02954893896225818,0.04501776350629695,0.04470122220633519,0.02575897714668166,0.030846960201675804,0.014951719932259033,0.026409897110838205,0.013870435588260323,0.01528674406747869,0.038612465791431204,0.030522114046262053,0.018026185625323023,0.04942813531201594,0.02516545219079503,0.025743458968394094,0.03677482178902091,0.034995159309354616,0.03363078236609049,0.03912254632134268,0.038254666652632184,0.03861152355464002,0.022837165374757853,0.020047686463371673,0.03388884233723781,0.046333346939380085,0.02779305770770454,0.013448805325810886,0.01553137409947933,0.028246341813669328,0.013616865353456784,0.01890516662042093,0.06180521991378155,0.01291441554544644,0.005562610446066374,0.03519830103403592,0.05252315803846214,0.0470579266318258,0.02323059298691801,0.018598364409562616,0.03243936087043645,0.031080122474315953,0.003674155711705082,0.02392123658283952,0.03530268165053327,0.027857503625367375,0.029351885359398325,0.023329790862475438,0.021195751841925736,0.04362700700019615,0.0348588337326769,0.012942939122885497,0.013975888857874697,0.025820538205747486,0.03854887358384344,0.03247674498383853,0.023635316314958892,0.029449054169545727,0.03524618191485023,0.02475730799329692,0.03020623615651652,0.042004458833580276,0.031167639076468683,0.029736603656944718,0.028791155169842732,0.03471139632072954,0.04074481094939938,0.027036997525773307,0.03480883635271657,0.02595949029843994,0.011710369209573551,0.026272757202146495
0,0.029472923895402754,0.031256924108183266,0.026335085231756625,0.0279001817469926,0.02937965491324343,0.03713743935720115,0.030407927799960353,0.029270708709210058,0.02878269756663115,0.021095192677320414,0.027685457632268463,0.01864130343784871,0.009899905685535459,0.012459050033809125,0.04650434752065792,0.02329474648412542,0.02336320652589735,0.03199131613386759,0.007529913853899985,0.025065538063105033,0.0454324875577804,0.02722437677846983,0.02502681291973306,0.02781760026436035,0.01637040826639201,0.021782688612996762,0.038757276156271774,0.03707982966494907,0.02964939049131681,0.0270135278514194,0.03608742656631574,0.03478101513694926,0.02044694096253094,0.014745742961342833,0.0289182952095358,0.036098444087168106,0.01838338118834125,0.04371994747317779,0.027106029114035673,0.012701820207856013,0.016362841534752252,0.035684474078729544,0.022179640970114003,0.04933542962545576,0.02722679935836206,0.019799160867295842,0.020236001575708193,0.026963684525442223,0.02197389160435973,0.04942302170175328,0.019456103006372075,0.044698413340579696,0.024448920937883825,0.025082227066360124,0.019678820647331764,0.026197858147757273,0.031866077662217066,0.04565583809321256,0.024697673640375034,0.02900124531372669,0.039282158078882995,0.01517350206405362,0.02522706344574549,0.034576527052102776,0.031062906505548278,0.03301602814448588,0.04217822893006079,0.04541339249021167,0.04868695759708801,0.03280243069508399,0.035387399785743665,0.0053205768710087795,0.0348437806408498,0.03186743005499196,0.025053818179333862,0.03961178069234143,0.03235479574580015,0.03411037020012393,0.04376417608395073,0.029585275263165615,0.01615715790670864,0.030895867811812555,0.027043548073069534,0.0397738932080523,0.029465155190636676,0.025956819431905167,0.02745395070799103,0.028112328734528534,0.029747197519183612,0.020651267245662856,0.018464051385589708,0.031689624646564,0.033601734619460095,0.03863408513449358,0.01792693433395027,0.04950478839870423,0.030662154278537253,0.05655842797063374,0.04395680589813155,0.024394679774354465,0.013648091463295289,0.03109521310707206,0.0402923642214331,0.015598085266457304,0.025014745904454315,0.029877469548770425,0.029699441861594313,0.0008243370966678869,0.04494769715065337,0.03141474370726984,0.03172529383269174,0.0474877278974194,0.006437520009923887,0.03342847219627165,0.03827046229895799,0.026255448625178392,0.03175432095282563,0.03974614018560164,0.029392870268924676,0.0514323516735017,0.0032463720652280183,0.02889244007066741,0.035136004115250564,0.03504029839550326,0.04434528901847165,0.013402689212742284,0.017881296484674892,0.038468641363826064,0.04096525891419548,0.05017602244689802,0.023424923072611896,0.012628384629972598,0.022360078423994567,0.013538319625791835,0.032138141775456916,0.02400065507173962,0.03622577228826751,0.037281640474520955,0.014916457125169834,0.014350511647474373,0.031185058234693436,0.04794598875568089,0.015466413670611736,0.028294016006005358,0.04535337969764319,0.026519905061475446,0.02635189630261701,0.027207284835290606,0.0340661186632701,0.03774147261586465,0.046963823535048764
0,0.03042719200320276,0.026003864954763943,0.015852081028427868,0.03257706769938746,0.019084695262097863,0.02997969889025475,0.003845364315121391,0.03922662730435701,0.016796740077630788,0.02475899710142984,0.03430954117367709,0.031064294975208927,0.03566857663492602,0.0331108304764621,0.051998249179040695,0.0315425520650129,0.04104199255989623,0.020031746838769075,0.008022131253357427,0.031238362736235113,0.040030730587918874,0.017768650439706123,0.027837055142041173,0.04383863583702253,0.03530816926784528,0.03088342017840904,0.03689598331646406,0.04050522364537251,0.02466800454445781,0.029831300093757056,0.041117401141017564,0.030735399625325618,0.03250706055526281,0.03761877950351705,0.03305881822045986,0.044795711748816365,0.025792778225472754,0.024425592884125984,0.048795664207524306,0.03582230026987098,0.026654452749451194,0.030150613819173028,0.03138472854602979,0.04676702734224579,0.039015458322101244,0.021958076487394843,0.04324330626694292,0.03483393340304246,0.019290307905917035,0.02373466640979666,0.031764757618286135,0.03218367607241801,0.03196725112239475,0.03165669002324069,0.03853710030394676,0.03831240957070845,0.018831776677155642,0.024295864826903723,0.015605372457348759,0.04381541415922108,0.04713850245281226,0.03840193436220843,0.03168147661269865,0.02246398391605833,0.03927446933185165,0.03560829680915859,0.014606083382082398,0.03630838131484564,0.04964846469931952,0.04810641594435286,0.016700227594426974,0.017875750349537364,0.02368874116704725,0.0304454939631107,0.04097289275961061,0.032618166541092314,0.034161554533966056,0.024126311044052825,0.03559799525113055,0.04139197121609296,0.045056623864696964,0.04080434585322886,0.03255172376811471,0.02789440178732924,0.017561927042938227,0.03453347926026233,0.04056308630970917,0.013796338194403727,0.022763092045737992,0.016270538969605695,-0.0024981918961783298,0.03846109230645093,0.0183174221370878,0.029800457129460733,0.019266030311228408,0.03199134731227761,0.03419124547122356,0.03803470758456351,0.024276019698020637,0.03898818297674256,0.03130724678981413,0.03343198452274163,0.033369104218443676,-0.0009215241638766483,0.028943520359674332,0.033394145763489265,0.02841893107941513,0.01987010031571222,0.019435027878754306,0.03556217781652693,0.035989226222397974,0.029418380959211964,0.054569701616695734,0.026188758610033898,0.039139551954958475,0.0397997366820042,0.03410705197372603,0.02537089794535157,0.0385991654457516,0.022457706360073645,0.009784613036827275,0.02797606126429809,0.022120059372557982,0.04164031536587426,0.021571892340093185,0.030145413800221448,0.044113475239082184,0.025721406508581054,0.016200751947565536,0.030856123535335074,0.021703668567035893,0.020286234784260712,0.023237887818914206,0.003983020128519147,0.05978434830068069,0.018987567903051186,0.016533119897736755,0.03217745938758402,0.02676634723487207,0.0038730279435214565,0.03168910521898825,0.04722282442351888,0.04358078295917442,0.03160638985714153,0.01642518114421283,0.03135302987141871,0.042598188878844964,0.052692914019428744,0.04178112548339431,0.031183213012283,0.032198397467973386
0,0.029519018093256997,0.03670278041963062,0.030852756986113977,0.020130749049934366,0.033241483264497974,0.036700472551060216,0.025483628480581586,0.035914772409115496,0.031661431828826164,0.04584824244354525,0.03508103745307762,0.03302522035282791,0.02546932068532479,0.020435972717987565,0.020587319725018437,0.020613100700344576,0.0048868219423377525,0.026405917201451693,0.019297031431594485,0.02430133740704677,0.02477427797158609,0.03365803465379027,0.030369516889742904,0.039457355695147474,0.03268750271202249,0.03822182975402532,0.04057107959918105,0.028799893658607453,0.04303162978752799,0.03877713739187786,0.021613920984009445,0.022088101673973036,0.03192266040615315,0.05137671813463546,0.015447123945326545,0.032660678801844166,0.04221404567223256,0.03900512227285692,0.023793795477218722,0.01487927987506802,0.01292595308572497,0.02252643258058009,0.05216750149321382,0.022392463554368292,0.02076351393062989,0.024675280017867923,0.01843835402215814,0.028826180860459703,0.022825347598921703,0.025633168064958987,0.025157427753157033,0.02004699052838193,0.03543988692293762,0.032485391218821075,0.028951208402026234,0.02886133126019263,0.03131027707694476,0.012563724111721807,0.027554315163703325,0.010725669563197392,0.00905038713327284,0.040075321771405305,0.04203580879948919,0.02947482332959103,0.02933408196429828,0.028330451691410102,0.055219107790853976,0.037537148759352074,0.014593262969668156,0.035636378613312245,0.0317227866501447,0.025793230627619842,0.025444239564957064,0.04036082617843903,0.03539978249744681,0.027245236208568616,0.04865621876090476,0.01705016596985885,0.033076489222760436,0.028284997702895665,0.04438500054122173,0.022185859174269032,0.029986684509856407,0.027186040928466278,0.02378338188194902,0.03765032672389119,0.012269128591960391,0.03632544819023705,0.016664407735495976,0.014131749842681094,0.041328256065981867,0.040868800109871206,0.010728540232054624,0.02484642480630554,0.03326801100456821,0.027545015058675744,0.024359210888065492,0.03634807368921836,0.02492288757680991,0.028483470648193836,0.03409999180818593,0.027285179390334726,0.004857960504047246,0.030989606987776055,0.028899030258909136,0.031022319249607504,0.02672742695430398,0.03689588513688753,0.024895381398677467,0.019058865983304807,0.05064594340483069,0.02054421193870179,0.02367803342197837,0.030654344356637792,0.0257146134143136,0.03364759856416336,0.05513440037329505,0.020714847673336048,0.027362512936987084,0.02696646888460568,0.032997893032318426,0.04178029673298755,0.027068811572532752,0.028925370898594236,0.038928665285178174,0.05198747314289726,0.015462131757718368,0.04852106223490872,0.0329167192035421,0.03496348744009786,0.04113124701654455,0.029240908861232255,0.016216169219428013,0.032144530299968395,0.022879479448585607,0.031532110471736416,0.02731366713219861,0.035610753856249955,0.0230743347292302,0.03169338252164835,0.03986427015313455,0.04036019368239076,0.02723536061036072,0.023884839797932853,0.026990299032715315,0.04847783100543251,0.02075916543374104,0.03326767326299604,0.04638920965080047,0.02095686094652801,0.007636908890904143
0,0.029102885149787542,0.019641556067720813,0.01989048728736767,0.0458129262169779,0.04440194323786541,0.038886143591905405,0.026894735119199067,0.007565419162957419,0.02767484805941744,0.030783404087982875,0.051086376684584746,0.031729902469382315,0.02418552343900029,0.030422788509573553,0.01026697166463058,0.019508909317557104,0.016435457936684973,0.030767361297156466,0.03026772069336729,0.03561490441042785,0.025211167938255306,0.031159371388289166,0.026755728044668883,0.03726685911896911,0.03660644277312626,0.018728296847730384,0.0175294388280344,0.02744781549221944,0.0332376062361171,0.02701857293028565,0.01662396401589402,0.033840748528561095,0.042512667258987516,0.04443213464825943,0.019362409495682492,0.03403676866445681,0.020622641921765078,0.029037938130633732,0.030049030631061128,0.02061217291346587,0.023225306901821022,0.029434059067464012,0.03279055093086812,0.019893447822376335,0.04060368467458085,0.02246791950073454,0.03170972423222533,0.02339517811072181,0.021694480893851984,0.027457221833490277,0.022590882115800716,0.04435253183038301,0.032844103111088395,0.01428544333503818,0.01649316823483494,0.02845632764688843,0.05016760223300287,0.022553440113033753,0.019977131600983543,0.027571662458068434,0.007630624674012768,0.016332766274687757,0.02386914353976561,0.021388540659857555,0.025348678540562646,0.038183879587750394,0.054035861958986686,0.04022722125541295,0.030222550844200058,0.027941646043291853,0.03975339738764598,0.027680947396183944,0.020526431716483343,0.04213126505429239,0.03398434519144517,0.04660035753587938,0.018774601290727243,0.030891043928826026,0.02836560316078071,0.03724778112871891,0.03067435673252135,0.027225554492509324,0.04328032606859573,0.038603736747860176,0.033328265657120694,0.03699945788215627,0.04534195204602921,0.05067147007627812,0.03718578080778805,0.03873288045160202,0.030665305575667653,0.017497710504361864,0.022406105400032558,0.029594486183857373,0.03877654627920166,-0.0005562899706136742,0.025284321535289502,0.019575635947694216,0.04402808022265661,0.008599595919687782,0.029193240974304757,0.02765173354333702,0.03658857155385928,0.03464465899209308,0.027191348464288122,0.019917094188160296,0.026029313998698195,0.04249364392078983,0.024537847974384294,-0.002203942479711625,0.025967811118420094,0.019717238142692148,0.026920216052177384,0.05098672789368424,0.03859627519050509,0.04024066320873675,0.028980838674742892,0.022651830228345438,0.02492915022745306,0.03820597904921155,0.04115708249668942,0.026350195794395286,0.02927535408130803,0.013273419767874616,0.022339314242944774,0.02796171903542688,0.04819478304176791,0.025947545338427375,0.036287487152840685,0.014190473278936643,0.03065273841976377,0.021444551417765224,0.05175645709138019,0.035442509114615106,0.029357914833687035,0.012417270883848752,0.027507451449790467,0.040673927794066735,0.02393855884484023,0.026722052324803347,0.030723525622076173,0.019987237088802904,0.017524017361331308,0.03401851165342006,0.030543317728982992,0.006574025252867006,0.014767859125880507,0.031279686298682725,0.03324454313502601,0.03828702067128889,0.04540699377114152
0,0.03108283485545996,0.019918003227434027,0.03067871949024391,0.020841307076249385,0.02827018269764654,0.02416519258545898,0.05062445222880113,0.034604050953308096,0.03141333219601143,0.01558202626375064,0.03187095838897778,0.0358248120686228,0.02330508945067102,0.028123943059112304,0.04549146412407024,0.034528493355491914,0.023775765002398388,0.036233303447748944,0.03432039405557159,0.040244647914581794,0.023735978292994578,0.020698091188029344,0.02043481170219158,0.027733821382731238,0.030790755485402645,0.016880951214558737,0.03539283639235238,0.04200986041164012,0.03752803408107105,0.02491665815326559,0.026390588781248413,0.025384073934453175,0.041360852980107665,0.043124350515706206,0.028088547929735787,0.013097730215644997,0.023828460027123622,0.03108969951489912,0.030210773613617535,0.03019074865537655,0.020562655984971256,0.02883927040498775,0.03277938149130523,0.04223823805112183,0.014255164533509244,0.0334317536466141,0.041917993740179293,0.040633049905981315,0.0416882173259554,0.026963654678319262,0.03050203209335705,0.03251586695664319,0.029480283872563535,0.038726839595059744,0.034482737327440394,0.0498052540666213,0.03934337251891574,0.022616108347095105,0.020997322214446883,0.035421698971257395,0.039210007082208856,0.035568913550175586,0.0434959553622923,0.0471451566273772,0.04052174588791732,0.033698434864722425,0.0257660518013395,0.021027954051634833,0.0324769932451697,0.015697628587385153,0.022910479016855664,0.024025599173340545,0.023637187653571427,0.030133640443758863,0.03957828872527617,0.03872172612032218,0.029309226113646846,0.046630583122042435,0.01615535127857528,0.035574984452025046,0.038807786608322986,0.033592172711383976,0.031946641174025917,0.020528053219772552,0.03017725784119738,0.04757627618866559,0.02368245765973972,0.0478900567621921,0.01672956945171364,0.0322675593331615,0.038690735486379316,0.034744644783101894,0.02571363592006619,0.029512374393608123,0.03721174284755039,0.02193602407475697,0.026875932681360588,0.030148524634488555,0.03901945869110264,0.029273065500787152,0.021793668509682187,0.017840287760012147,0.021107480518566972,0.04261758391026568,0.032489796166601456,0.021737929651717322,0.03776380103849066,0.037255535766994606,0.021189651374461077,0.025315899516812648,0.03260929731313159,0.03012220440369555,0.03296199593677901,0.013713057771245579,0.03367387400975816,0.025921187447769285,0.028379147006241306,0.024341885243551534,0.02956366468750895,0.02462386716862002,0.03726186683008883,0.032775722702299,0.03366140890334585,0.04486915348936039,0.040040714063420524,0.042916045970203306,0.02756826519260136,0.029107305336039023,0.03737949012476329,0.035534462319211195,0.026459926926704836,0.029215045848878587,0.040621866024322974,0.018239262968360093,0.05186197889817666,0.048456408092338116,0.030318664755242752,0.02134365489480797,0.02423865529276125,0.02821793402409905,0.02675662585449859,0.03162905806965586,0.02392912119751156,0.02170952092651011,0.04340524933243869,0.012853856406859168,0.03587132807338346,0.03295131809756162,0.03636685770901194,0.0353090139487359,0.029019095936235154
0,0.028492440934811576,0.03219927186117498,0.03943305148437393,0.03180527589419283,0.03111317300824175,0.028334060673912108,0.022123636824242808,0.041262222697289554,0.04270908605233022,0.027110965763660587,0.03013434639019676,0.018059568943578817,0.029444437978016054,0.04882395960075303,0.03518244559237644,0.01599559818195513,0.04469237654845266,0.03420150808285759,0.032229168947419416,0.051338714284470996,0.02130183309452576,0.01267822826137582,0.03390594960683601,0.023799617482682334,0.0260299513139297,0.03551830953372171,0.03311948937291019,0.03720839046273668,0.0275341492438445,0.025443375259516142,0.02818029417862237,0.02633795353533874,0.033155477257944425,0.015357407001792852,0.009669998539668073,0.008448543378639657,0.026014530858919024,-0.000976902199405192,0.03095233470217055,0.019553808796551407,0.03852991057086823,0.02868965377763396,0.022999483783753286,0.030290511499712278,0.06189657847763132,0.03414353928206981,0.04448528498969011,0.015592308398641404,0.027051990108328223,0.03233544818487254,0.03353635939347606,0.02528485798269122,0.016207170497743638,0.03019249386418233,0.046956352448504414,0.020923112095736333,0.026344456308207514,0.036019298268006664,0.019880716368406826,0.0318525399034252,0.02821825291872463,0.04129496076557981,0.020339387897306563,0.034243966999437006,0.02980841073124142,0.03657448671069823,0.03406425007151594,0.028565531963434372,0.02718942615308122,0.00862172178327986,0.022541052909557227,0.021343273587413246,0.007786684838686771,0.02383557392350396,0.03207030249780771,0.008011723652318208,0.04346490124943184,0.02230537379741667,0.05030649401211029,0.029068405575762724,0.019875566076033833,0.025749770092211643,0.03718835352771099,0.04111516124539503,0.0280699796080131,0.02779590510545376,0.021273984694171827,0.025948499585458206,0.015308900482010175,0.03183810227130201,0.002298109272207454,0.027276431924689128,0.03395610592342307,0.023442589109050144,0.026609965116181473,0.02199482161200361,0.024611978482577537,0.031466155099712866,0.02648567331811614,0.036010098278894107,0.030685761995450606,0.03251202091309065,0.010343633191094381,0.034390221667296945,0.03436191209161455,0.025193433926781285,0.04336634756798457,0.021892583537223235,0.018146939399029446,0.03070219079654935,0.029381563068216265,0.024454869545137217,0.03037528234024254,0.029984381210003137,0.025037708265277635,0.023517177479897077,0.013228962381475445,0.0173957473587837,0.017266358074909838,0.047304161161385715,0.036462161668994415,0.04452429761910395,0.04481259407375536,0.039020352857047164,0.03770002630709041,0.025688390980268996,0.040328448564730196,0.020668331536923906,0.018488980132134614,0.0312306416551325,0.02063118539952727,0.02975329318739232,0.023818929329871803,0.03058414665701912,0.030977087084746016,0.024085373687461525,0.028970262675590483,0.01918192485714331,0.02213582877439138,0.015216209881848072,0.035813412888007747,0.03912130693885744,0.028154554497830338,0.02357931558726163,0.048952908548891914,0.029532436002669287,0.02986566617454882,0.03220692677794841,0.015267578902205866,0.029137942822230742,0.027806360621345567
0,0.028463797017018136,0.029329728651466148,0.039073183008127545,0.01491784643636917,0.03323457860808796,0.028633381616459265,0.009109286729176297,0.0062620869338054184,0.03516146565494492,0.030249927136166678,0.051865954124043795,0.027241245326053497,0.028048084361074144,0.034718447780512154,0.022891159172420347,0.036743617475918214,0.0297951316169059,0.021440699738822403,0.0437453713201938,0.01635448933649315,0.0378257122162239,0.013167010913633346,0.03421941768819098,0.03240137369909079,0.03015654115585888,0.03268714719731675,0.03973554219644532,0.02715170576737503,0.01986160034221219,0.03494701746331454,0.006535686256189749,0.032502585918988636,0.03142657273696408,0.03264434073242243,0.03328391500411311,0.04513252615063205,0.016905805763387426,0.03651800483576188,0.0243495299161035,0.04307026894026997,0.02551503392582212,0.029837776140193707,0.04448744655375191,0.007904658337603666,0.04182030325585155,0.013400735772920353,0.012212807782978317,0.012528288155490095,0.029909602621701694,0.039578799919785315,0.039673846693269524,0.03734052437585622,0.039712503065042544,0.020763725432845503,0.02929065056044078,0.035198485525546566,0.024751868322236904,0.032825401492371134,0.03608981096092034,0.02775949191477868,0.020423152147098736,0.019382519504116645,0.030941453847201636,0.03168696582748918,0.020699589172856234,0.0314581583615895,0.03980216457359391,0.023764534212377092,0.03604405984404212,0.013957817365528511,0.028922503610833185,0.019849629440058747,0.04100067746152661,0.027223577696681524,0.03394297261132378,0.02770323245259898,0.012423512971943152,0.017982131435229858,0.026925488386406043,0.032571129884852924,0.02200175050675854,0.0353431401864501,0.02986400853333401,0.022910885465944757,0.04992622165118888,0.037032059073444805,0.037420339395871666,0.034354323844976886,0.012859956417678453,0.020462677911083013,0.03192194259680103,0.0529303294802718,0.018722615525922148,0.047247151395253484,0.020184384669472116,0.029587753259468833,0.04583143774121917,0.030395049477653552,0.033593127414014476,0.032319646602164666,0.04555145143601058,0.025038305886013995,0.02312907328126558,0.017967500323779764,0.010067202996282998,0.019570631057948033,0.022095068025378417,0.024977717648503525,0.04854313162529468,0.03712556077109071,0.00722301070089211,0.023142136067920517,0.018956811043272518,0.02102964508587892,0.02038368130112461,0.03712478527262732,0.021668678708718886,0.03953621826336985,0.027548857253873092,0.03566634693342699,0.03874490677431662,0.03292837731608574,0.02491616573974425,0.026363351245032723,0.044192411850222296,0.01992204583724963,0.027324757855190975,0.017992067921381423,0.03056123131714812,0.030594639389736045,0.02752546660326387,0.017911598252874555,0.02437174221556284,0.02779689449245517,0.023857586082662825,0.029122240510224405,0.027661182890391857,0.026752086462814392,0.027378544673872893,0.018624520096068756,0.026021524641046172,0.022523809128252206,0.02232382789523893,0.029391930663200172,0.028021600208911618,0.03158250046994419,0.018214584627434104,0.01993572867789587,0.018008122431403782,0.03248944116310246,0.04461502875005577
0,0.03017174283135507,0.03358557628617841,0.021561291728067075,0.03691965608121035,0.03267263252746334,0.03990266295732163,0.020103141514023253,0.0380819236967386,0.02590988160255414,0.017529239329243544,0.016762953058978226,0.03597416855099927,0.03375275113016921,0.05515380937457731,0.021704235329053613,0.04744385689953204,0.02249307216673834,0.03472994072121081,0.030696557141087884,0.03368250200944915,0.03212835729941665,0.02930031651083212,0.033906922579302765,0.022711007538338268,0.036330393547813034,0.03181988550656163,0.027839511684465634,0.029349047136205838,0.008282835544149034,0.022245458915549743,0.020222675705206784,0.025793509070136007,0.04540437572372626,0.0348156797540269,0.035789360125606934,0.03384048842718201,0.01097447142082245,0.03001828049647485,0.034445962708742894,0.02926803596093591,0.019010809294607495,0.042042499614896554,0.017989763838719877,0.017069739229991242,0.03244805961130608,0.03149792573717726,0.037279189496122266,0.03720457652900608,0.03171088998016885,0.029077209956850567,0.013992398040830717,0.027485508193221535,0.023690261304032206,0.024838728272121916,0.03415451606570353,0.021359230193285082,0.04491606999928949,0.018741318386167757,0.027470423000773597,0.03442625315877275,0.038567033374263066,0.024928401071109246,0.033720987097927355,0.03232144832174339,0.028352603165609207,0.03456149544022705,0.015932681852774255,0.04316530183930253,0.02696842137470648,0.022359194294435242,0.03384269810237565,0.022162440946987882,0.02369416410715347,0.025146084882349255,0.04723015776149704,0.02842749814695548,0.0281459102209173,0.0185799592358706,0.027541412176232252,0.03922079400319595,0.022546305559236736,0.026904754579961682,0.036066983715975005,0.03483531007068098,0.047458050840768484,0.03350811586604941,0.048079731127398634,0.015495782318821332,0.03947157154316006,0.0241940434582381,0.05092427736384082,0.029180109525581182,0.04565198428601783,0.026938788737228273,0.02737370303553561,0.021236620327028694,0.04605885175719156,0.0257451718200474,0.02525737890408742,0.034723329794973314,0.02919768416794609,0.052461876091931064,0.024142185579518343,0.037767993835608256,0.03557529348817412,0.031730956997464387,0.018506810221746824,0.025520695113838966,0.024853640530692393,0.026105317088616055,0.02305801897735843,0.02830735615803492,0.022737032066983486,0.041997745466765,0.01660138313628847,0.039693106983732206,0.03916411130320048,0.03153298309054527,0.03730064892613479,0.02807194654981363,0.02548277579664663,0.03055937509354295,0.033518292393190846,0.03847383251715626,0.023375069026492792,0.023692180222141566,0.02946873934989549,0.044868943609329956,0.04380796411316468,0.015644060423063023,0.03448789490621442,0.021138324924380433,0.034246211036005315,0.03010536800677662,0.026662202423834803,0.030807997598990704,0.015453922657874751,0.028446986395460328,0.018551857280463234,0.028092045615030765,0.02975902233036262,0.027390382088345915,0.03762312656979238,0.02801650585173379,0.025971671686497645,0.04618994790053817,0.037451798085773036,0.016889188017119867,0.011940021361359965,0.04652435107963851,0.030723230857458275
0,0.030157612850540368,0.028349673477979218,0.02415332626974946,0.021958799337955352,0.016822078548150963,0.01102310949372759,0.022165184856096497,0.033552611398867505,0.026859078548663227,0.02158430166475934,0.034504323024585955,0.02684154105990304,0.023886628343838347,0.037965417042918566,0.038505037173444966,0.031332590661256744,0.02570140188639794,0.025527649833124673,0.035549698320122024,0.023422934846909917,0.020220631748028732,0.03593282379389195,0.023087644531066855,0.02613413853918273,0.023247412423158146,0.009468990883542493,0.038457912622183364,0.019439341995499668,0.045676837645818105,0.03224364093377625,0.014327135622897145,0.02220563681060322,0.03269478785830205,0.02799323271943119,0.03066462705051726,0.03239849429526664,0.02271411321716412,0.043115681155734394,0.046848902293826385,0.0507749463372667,0.021158699473431956,0.04651958189772631,0.02575649266883566,0.03493366864076904,0.014490316611364648,0.02484278782116136,0.028234153858591682,0.04895154246968336,0.029250980870624218,0.032920089489100225,0.036855165134462436,0.034998234047718256,0.028220011305383028,0.02311037016041592,0.030924093769630772,0.03060649168091601,0.042822934473581174,0.03467982722684486,0.03367666555106031,0.03901364849755251,0.036145101535042,0.033965516094785674,0.028785474105314658,0.0222693594042641,0.03795902723402529,0.027172833216120896,0.04183885240763641,0.04467134168549286,0.04659784651600692,0.02898838739882987,0.036356359180237635,0.023635457510807936,0.02938727005719792,0.044046990927338776,0.025040174796980685,0.03588194370540364,0.020129857301899153,0.05058391925470693,0.029310509874119,0.03490487735550079,0.022439381545431097,0.047101539565003,0.03320897329648526,0.030935764693998304,0.04305027064558784,0.029945645525481093,0.031348170886034976,0.03784263376826526,0.02687353885131553,0.019688399207820263,0.02855787957048435,0.0324882392689927,0.022232382828874957,0.04772305155349395,0.01590439624291004,0.021744601051236483,0.02598674482717317,0.027631712407631192,0.041893423687634865,0.028379290960347844,0.012255297810490291,0.03473049858578317,0.03739377722698332,0.029996018611036047,0.02798402811586527,0.030719891721762337,0.02821613998961856,0.023028830885907244,0.0221662938018454,0.032792458075411875,0.03496714889283546,0.03425097690555573,0.02004091700069254,0.025938057147381077,0.04037484042263783,0.03394700917603314,0.032173505053118,0.029798268192713882,0.018626735523464034,0.011424746180954865,0.031688699102587106,0.03335063449724038,0.020230152211573794,0.029943165197555563,0.02864177653051865,0.041111255301276385,0.023050316769897262,0.031966325487675064,0.02414016313383046,0.028706576830790913,0.03758089976059701,0.025704271999505098,0.02359900137601754,0.032405092339049237,0.03230061353729513,0.031989994225095714,0.040107541331695196,0.012884290950405115,0.01674566087541539,0.023213373249403996,0.031206468437471654,0.02056891200814511,0.0339671910968893,0.03633303172997299,0.036775998385319225,0.03677424144353925,0.034048684594688246,0.018548944959282873,0.03886436977380826,0.03330680015716504,0.031096827106882892
0,0.030261378081641453,0.03833909741670182,0.04428178505404649,0.04089363492732706,0.031435869195348506,0.03473089259627373,0.02356806394878276,0.015461804451166173,0.039639765829892544,0.020772647414678488,0.02596952882836697,0.02386370669381984,0.030396190787353256,0.043832275726872344,0.04017586382101351,0.033121042331660924,0.017611044495752473,0.04923638077527685,0.025154716846942857,0.02275409765988763,0.036060838171308035,0.037281105957359235,0.0247742909531771,0.02798378297395912,0.037117278948641266,0.019024835012132684,0.040166023081036575,0.01669119455960847,0.04063102211104874,0.009910597935884106,0.03923575850477001,0.03192728550984407,0.02287560901078307,0.030544470261427845,0.0248683758080207,0.02143725964912435,0.02859550513625762,0.029240211802060996,0.030391650904851294,0.028154048683025838,0.02597919196195505,0.035455290310839785,0.017665086802249864,0.04272994301696356,0.039879208407276226,0.02207805423757578,0.030872967060848164,0.026355787474668824,0.04053048074276915,0.03836068958753281,0.013219291410090844,0.03250660375502428,0.053421558543789216,0.0358850223181746,0.03300572059458306,0.04140809617334321,0.03249152897672435,0.05020472622613044,0.041325046627852885,0.016473461747558774,0.03019291055201512,0.04279854677769313,0.027362035243806725,0.035397221331292555,0.026855153377662307,0.01811543970258199,0.03329930502462333,0.04692870283857643,9.00191270704967e-05,0.026180956855761394,0.03556748330085682,0.035462934324785575,0.028847494018307086,0.0347477330876839,0.04166368730551462,0.030494278797583645,0.01867230174436035,0.03449670712662436,0.021002404900391167,0.024774093921605133,0.03238549850490299,0.04927682578999038,0.047760454497201274,0.012702908646932323,0.041063095024589824,0.02936943600152288,0.03358117680392977,0.028907970465650225,0.03956078218668453,0.03233964648017533,0.027912939826726376,0.023664893902188042,0.042279032421800665,0.03817575402447994,0.03640042714455449,0.018373231842025883,0.033778595029831396,0.020092511366306624,0.02520898791777224,0.04554430206098558,0.01990302021269899,0.024291564300310306,0.03858734476083074,0.023346764923486148,0.020477498166684385,0.045897354968687756,0.03506556880698074,0.037599349668380425,0.022235080611972474,0.026755325628745417,0.04203578972982987,0.026162254227527694,0.019262893867319428,0.04878293739606923,0.01777157690402436,0.017664874518445298,0.024343774224929428,0.04118226826072162,0.015212473066935865,0.026157602001466093,0.026732199501970616,0.028023536835057105,0.025287832347151585,0.03175339126046971,0.02782577807778258,0.043496013517347026,0.02708465182886159,0.021555341978229125,0.020002036970749967,0.030213135955344105,0.03507848369890988,0.02163509801109387,0.03301138030561611,0.027422843516845173,0.019615160093182607,0.027955311067875244,0.020716391030596214,0.030798446626151662,0.017862517468273102,0.027429071098455698,0.030874170560836748,0.026423791935000596,0.023244842995451306,0.029350664548664245,0.028112355791821777,0.03669178403046749,0.03724687206252352,0.017523325239784122,0.03342484935512744,0.03990192476526818,0.020853004476779645
0,0.031222446277746188,0.02932592861247672,0.02853664163058783,0.023514770108365956,0.0299221968531643,0.027734914635922953,0.0387227248777941,0.04066727418404277,0.0380322412245911,0.035905361962234636,0.039185767920257075,0.029909999478783048,0.04571129775049717,0.04152652497194399,0.03830136114460365,0.03891670568534526,0.0183386790972737,0.04044314556913037,0.04514407102039352,0.042679359458403635,0.04794511760601501,0.04579518762551375,0.02505293331041075,0.04531044267400937,0.018600666071958614,0.038128067141338116,0.020895097089478273,0.022032576813915572,0.0403294666788926,0.022749316536798174,0.038299576696447006,0.031259847399708114,0.037500149109463504,0.030952687388417874,0.0166554042776201,0.028362431906046842,0.017426764729307848,0.03766790227408397,0.0233193981024514,0.03319647814354389,0.025411636147323738,0.05069101274381656,0.02166304827473687,0.04028102651054631,0.026421461776895853,0.02736759926717116,0.043257429253356364,0.02103536732868709,0.03220788353673042,0.0269520546179152,0.02265207383055889,0.0319167588680242,0.02077219542730612,0.02871725305572383,0.02832883925445684,0.04000196346932801,0.040624980293972324,0.033255217336960824,0.030866695556730838,0.04609143809516497,0.036598296775390525,0.015448582890861519,0.028604302318881506,0.03195427264964857,0.020732366974287406,0.022102226033044507,0.02730933600285842,0.04170563375549373,0.031149614599319926,0.04477416008028272,0.036886342304432225,0.02364635340597099,0.020084357729289667,0.03745469311253505,0.03322707216401316,0.03658768287859349,0.02017086967075727,0.0073383614749748804,0.026165172557962364,0.03949950717978635,0.02357150441196987,0.026008099649416246,0.01928052542253265,0.032634807775446466,0.01940268410998782,0.04023115032472323,0.011417155920386252,0.01749316904377655,0.04375529457270705,0.035100579311106835,0.03753449162458395,0.03849898788788373,0.03657433449804936,0.03500560229621762,0.04394220759233393,0.022927729816068828,0.028707150169587203,0.04791864759015131,0.03519327499932617,0.023621673295474325,0.038919151581279496,0.022414703524793175,0.03611661580041347,0.040995971327384174,0.04413398102389261,0.028063354140859944,0.03064063489945153,0.028326991268047233,0.03770346597422333,0.022461558653975127,0.02986826792006409,0.016807078739305415,0.03600028715167526,0.041089072831737246,0.031817475023008114,0.038302786115044875,0.056871678625400886,0.02691774712049876,0.049752895654400595,0.03304605829997204,0.03217538318857703,0.047152431175971316,0.04732311847264303,0.03318781663404124,0.026473513662179052,0.025397052807201684,0.03513737635771138,0.019979552102356114,0.03085919680801778,0.024235825637776008,0.020150811457876627,0.011061250501694004,0.018372189395077135,0.023373116306909112,0.03139102702479497,0.03285082933166965,0.032117644840074365,0.03203652021782427,0.018789772049062313,0.023223779988487327,0.020624724429108784,0.03433623367140789,0.035803867628742145,0.02459911173193701,0.024981763699611994,0.03309934483389999,0.028598720903803537,0.028180772935399136,0.011385325391619606,0.022581188142775384,0.03086521738149753
0,0.02844867173856218,0.018483649049809862,0.034717114196254555,0.032436922389749254,0.024782209572808085,0.03223365169634272,0.047608408829520894,0.021569150578353714,0.031705586982683255,0.03375743391314832,0.018592972516882605,0.03330214856024959,0.01835475682361195,0.04374565993245336,0.03219906215821323,0.03713603426086011,0.026764385120160054,0.03798734187267223,0.036302546643278436,0.014410583079943405,0.0005347536204151314,0.02105763245952512,0.014076287159666686,0.02358987997587158,0.032754007827077415,0.046459489175420074,0.0431979381574818,0.035010403720211906,0.011618744232305852,0.03305542697670362,0.03684739540898166,0.029938954396632862,0.041427113838480245,0.014419240707344695,0.04100898777456947,0.04176998073433041,0.039807318269632505,0.02393527052672964,0.034593285460193426,0.031197484184462533,0.022527099529268256,0.0326115050456988,0.00658431066624068,0.014220128637184994,0.036409428161614715,0.027454996316891744,0.017631218083859534,0.023039037358512836,0.015866060995694778,0.027071615871684107,0.0228898981774571,0.031847938389534376,0.03686179812601508,0.02349793218304731,0.026334177732463642,0.015619764526864333,0.04151920331181719,0.02480315005141333,0.026652786290859605,0.03105613747742953,0.032626085702579084,0.03825632672255934,0.022658076877682228,0.028083976533485936,0.03183843174256123,0.026649468637123433,0.03094251475054144,0.019416264660677175,0.03804047115116102,0.005937678494718452,0.01905148841296012,0.013699267548787322,0.020145770254721213,0.025873274382986925,0.04103044990554706,0.02003404830260227,0.021908524944279202,0.023982945997120225,0.03358325448377872,0.020588011795115976,0.026258576317261813,0.03718096297244517,0.006768610968705412,0.03879758732787507,0.040915449338372094,0.023863540396995307,0.04374577687169063,0.020081883886568917,0.022146791320591632,0.03530671431411948,0.020334142399968485,0.01394708709180167,0.032240869960685974,0.035625259264751505,0.027423542555696925,0.030014006273612864,0.034001178406007075,0.03481415269565794,0.0301443643652673,0.03159244089146562,0.012260691351113177,0.024469350317280283,0.050101492402361905,0.019011249120137172,0.045753278333604555,0.03838845256286597,0.028510225766198175,0.017883186336242397,0.02881712191378806,0.015689802711650623,0.028551780974085023,0.026342645983415524,0.03217655712269066,0.02753543493242835,0.026207999054901312,0.022839400440621507,0.04612051921636276,0.0333193406151419,0.011268616336152212,0.028434776106754756,0.05052333312476473,0.02138269728422028,0.03985787340266603,0.04107350929352962,0.019603270943733632,0.04026785948868221,0.011154267229604803,0.020760310375159935,0.02376813228622782,0.033507470101148074,0.014779011586593404,0.016267641484567788,0.036606651328358185,0.03225983260873926,0.03482069663320093,0.034606489450023634,0.03444897424697974,0.030264899935022755,0.02846454367378716,0.032915452473422945,0.020205824765501094,0.03935969701611917,0.020215506466543055,0.016633190617625613,0.039867105229547506,0.039063653997065746,0.03311238130017038,0.02544681074406812,0.02030031550568419,0.03145616276459849,0.04418860519205999
0,0.030960145011668418,0.03306306170553571,0.06623181384695344,0.04196770451466666,0.0372086697524257,0.037377389802632756,0.04152099912619898,0.03656881743991347,0.0517026293710762,0.015074141801663313,0.030055413510820368,0.0183807142703983,0.030650691762992555,0.021763424187313318,0.02529315553093724,0.00723343739297427,0.032946655306348244,0.014393699925624316,0.021735583613687676,0.03765025385285562,0.036625719293325365,0.04447867864103067,0.02701378697088687,0.03468289558450118,0.03169234926257271,0.030045420631259766,0.03776421333881104,0.03121514227182732,0.04072446507473374,0.02446142847369793,0.026504178594061185,0.02621751127424095,0.03592375399271257,0.023782203834082968,0.014876189573794912,0.026131387815297148,0.030794985501703072,0.04001142041167905,0.02459665872452045,0.03212859017917629,0.025077396795900927,0.03302665396320993,0.0355529689789752,0.041394848237966075,0.03938250139566585,0.03384489215285713,0.03945829654309358,0.032541882796491874,0.030008868671402393,0.0241615173101431,0.023246895272801223,0.011144366760515678,0.03744727899547887,0.045522427692197436,0.0360723656273407,0.031525225469973855,0.05560913460825082,0.030072656487549573,0.02454198729211047,0.0443856477883543,0.02617453811371467,0.01813047439710671,0.030068057732260726,0.02368529646049245,0.025638361237140476,0.03479797704350082,0.031940555019380354,0.032324147037669455,0.02166006291110901,0.03667036091194679,0.027725139287162436,0.03258769032393493,0.021620026221772965,0.005030138661024298,0.024800808213615,0.04464560506271819,0.026093032094272658,0.02052366853726413,0.02966003799242126,0.025718762875353175,0.02426250093378303,0.029406713399135642,0.02121035466749721,0.03592147388684985,0.026090287227798797,0.04920919911371516,0.03473060819410899,0.014074327825024047,0.03943724618754099,0.03262155193286941,0.022993809757626573,0.02855792939806988,0.037591805392508205,0.03403328294907543,0.0320779811417088,0.025891859077719192,0.02285674625298054,0.02865010151290166,0.019575584169987826,0.04754852246497944,0.02779260408806125,0.020214642046412667,0.03145602853802711,0.01730312046323039,0.03321765822684034,0.04252604337852365,0.03603822859696318,0.041562246750656735,0.030577645979403524,0.01894730388578173,0.026004835812837586,0.031292470390346265,0.03492898694886106,0.03179136840666931,0.012599588376352874,0.03896682299467748,0.04894396635445676,0.024617608869033435,0.049565386406799444,0.048458365963543054,0.04420240521465523,0.007428445794156174,0.026468186520089098,0.032807016169504336,0.04135546338395128,0.021083092600374193,0.05630503674867292,0.02911483813789106,0.025510362428957198,0.04240482633925749,0.042248816806665576,0.038193762568760496,0.026759497629624308,0.03017289834718874,0.032665700756089884,0.04179114524955589,0.04050072371997359,0.030718339942598413,0.015131955556632543,0.04301564617180348,0.027152529429695392,0.014426175152987226,0.049788882905579736,0.03374636439423144,0.007246756910072347,0.02590724561297485,0.03958786073331662,0.01386470105207277,0.030479518989721767,0.01790393772469495,0.028491021662081936
0,0.030653738164903122,0.03617075128986291,0.018930219457992142,0.05030388089380405,0.023359436411193174,0.022098636983343897,0.013574268242838139,0.030729547029036984,0.017356170779536717,0.031104064943791233,0.03593577511254756,0.0354288281203808,0.019525953073219443,0.016950971202238797,0.029234399773806603,0.03160080971512249,0.031269046141678226,0.04077284096915272,0.030919591004255037,0.03847618601517262,0.02870968536226759,0.051541343789894535,0.01711452851257518,0.038777160159793836,0.025514962958872723,0.014639402303013537,0.023912014667108756,0.04718051833301404,0.03816117396518669,0.029873222503126323,0.036298802589543766,0.03166532078995198,0.0415701330818351,0.0371635108686727,0.02558294028931404,0.02344814750750684,0.029526367938815773,0.0068516297656944294,0.02436079827416128,0.04576912633277398,0.02926155535171542,0.015076093437848515,0.0075019654923345475,0.04111665369491933,0.027455426146248033,0.019731305228650742,0.03077587321833865,0.03420539807452619,0.02625748189369122,0.02520224682630227,0.0338606688715269,0.032141854529175326,0.03946724734495178,0.024672197410965855,0.03714901524525436,0.04652364764455605,0.02829401974249815,0.04140201695103181,0.021804873366679783,0.015975575794937358,0.039894221660585316,0.013501883375879056,0.04440388708806775,0.034883826221736615,0.03024620146454376,0.03244727001728708,0.03290824686530452,0.042882513474132494,0.032192092951045755,0.045170308692674084,0.03179517764379607,0.03566688304931341,0.05224435304169335,0.04570793506791621,0.03599127135574429,0.04883076886595075,0.027808151682902918,0.047386370917518,0.025030367674223508,0.011422971602086631,0.035657779327756774,0.031316805592222836,0.022748214882567605,0.02615392725094777,0.03922471876025099,0.044380607201122704,0.04218055007540843,0.02744389853875001,0.020088960280698995,0.034724243161081365,0.008640007411322322,0.01976639628472844,0.0170468276576574,0.03716888081606477,0.03250839623509896,0.021590464536217387,0.020710395823370267,0.019205502017107925,0.033406721521577,0.032644783809496265,0.027504737925893405,0.028640868522014692,0.03004622709514114,0.024273401580861508,0.02049183188694776,0.04350982460217681,0.03864759794333326,0.036013921442957016,0.024335736933947825,0.03729986751409303,0.039882043895087024,0.03385054140452416,0.05459383988508389,0.0285968126559211,0.039977859434063574,0.02682796310604036,0.028292959363404133,0.02077365410746465,0.020735177981923328,0.03248930886981698,0.024167425537229628,0.02443888600167949,0.02605245259407112,0.04761935108684792,0.021724948944628793,0.016142723937852856,0.03354527701144907,0.03549671093740114,0.019486973627968612,0.042252510175685085,0.03753224140887607,0.027762301733689102,0.033426608519116975,0.029725277649517906,0.04717016726580438,0.031223122080250652,0.036906745953499326,0.030727781543047193,0.03111445346532448,0.012576118702940235,0.044100121992320634,0.017331478178325352,0.02068874042199233,0.044430403385426864,0.034171255096190435,0.044523514832383995,0.020759890307859286,0.015612989438651107,0.009304495201219565,0.03801180028919209,0.036949713950232124
0,0.030074569701165513,0.0403132264684687,0.033356208537341774,0.03315361871508093,0.024609440916989595,0.017033979310136452,0.04006581103663297,0.03329758362889567,0.016537568493369785,0.01782294932827841,0.03298898473348004,0.015793979678821984,0.033061417470017354,0.033203929192107566,0.04262406606415558,0.024282042827323495,0.035234300767620394,0.03033557787557003,0.028290125778862432,0.009653354296204186,0.019863671353977756,0.025662095857189118,0.013061696373128446,0.036591032861644814,0.041932855432482805,0.04005328746773015,0.026454535020937614,0.026201034280095743,0.03276648007269029,0.02536079098391177,0.04389424104572895,0.024389873928091912,0.03501535181966091,0.011089394814208661,0.04542087764323191,0.015569544872556206,0.033110458629875744,0.03464442309525264,0.029954496378189668,0.02461510422315569,0.031364313826316916,0.022147427937317228,0.01763354403408146,0.04032014105152646,0.02189961735907847,0.028133788060628617,0.02852755922274576,0.02924614452847037,0.029917007455936263,0.034566484164596255,0.031247333976298853,0.04307311655059213,0.04495602899362165,0.027178896283650937,0.01754914766696626,0.05415254082626213,0.024265873883532924,0.029860254345091455,0.047201811386545,0.021935140386582334,0.03563856308150153,0.02876051534633157,0.016934861246770357,0.03135608966291708,0.016026028302264805,0.012684681182191127,0.029182448200629665,0.048747195865159784,0.020606673455333464,0.044902690086983325,0.035840718853478094,0.03408321149150627,0.03105111756935739,0.027943506978801776,0.02463905146902765,0.05525963365459187,0.03495382784625011,0.035206207245608516,0.02611665177530655,0.041638447593753826,0.022014948801342672,0.027218942609630203,0.0280022109019346,0.053039757037888276,0.020853843482057155,0.031786933175590726,0.018512629068972636,0.04389676844660005,0.04473443081949488,0.01817572164567384,0.028180377083131633,0.017827432626032834,0.038085668369072484,0.016262901752728025,0.019548056553310687,0.03480424079260528,0.034919600006532936,0.03446394855879363,0.01193376999938885,0.028163343177560474,0.018946861629450754,0.02306889253700441,0.037031826135047956,0.03220809484075381,0.015857899833425386,0.03195321322398731,0.020587077120490994,0.056647088692645474,0.027776516716831137,0.029547407493492234,0.028437833712870317,0.023549812021618037,0.024719464006002268,0.04695575719047513,0.02267062646729507,0.020063997174410316,0.03848771420796095,0.03608449710505273,0.04346857337082913,0.038155234155547904,0.04092335172630021,0.01872319128533432,0.023282394725597573,0.031797197362274834,0.04333477143084026,0.0564036482484302,0.03169263987789689,0.02940786555091809,0.019181782197095057,0.017934395332869054,0.0272544338717888,0.03577278817171639,0.03397886439986679,0.031862369478911065,0.022801305295426635,0.03173058639710965,0.032119517306953,0.022240256372644727,0.03955855215776904,0.01528818139821065,0.021025695050453604,0.037883271848568836,0.03101706248510583,0.023999624716756793,0.027810439690406513,0.03435053191951866,0.010706485170664116,0.03472338403903563,0.04030355386117454,0.044176759603031836,0.027198937537920107
0,0.030897510393440263,0.03960902387555509,0.029606317128131828,0.03397071247228044,0.018038359848215765,0.029401890357710465,0.04584762391626687,0.013734944546155661,0.03585536566330133,0.0344779430385877,0.03949883999645483,0.03338886988462982,0.03711475474347632,0.03763216471097518,0.01681552399786629,0.02574276030109797,0.03281921554900622,0.04758519566222211,0.028477357971545554,0.037434807908657365,0.026676774275805577,0.030236930906197796,0.048882377433994866,0.02884364324860102,0.04296211831933566,0.0383269108009157,0.010052348030624669,0.041657517858453966,0.03237967876128049,0.01884594905679747,0.03468092016954823,0.037699598870039736,0.02905700456606475,0.034171228644781004,0.029168626623356318,0.021388280295717342,0.032984072990222955,0.03321826457747664,0.021863937305083226,0.02403626991005248,0.013143836981607825,0.01951392825807271,0.039768313049256994,0.023600377059126362,0.0373885322190242,0.03725105628547253,0.03960177120748462,0.035707971125707665,0.026288575684670027,0.03592849638366629,0.01851112060009462,0.019813655010173202,0.03029030313960697,0.02364603004031008,0.0336007685376707,0.030247097895166795,0.011431809941758894,0.02863326700754719,0.029338761384662373,0.03685050254913255,0.018734010823208566,0.028922465966994146,0.029888068708791297,0.05503042523983027,0.05858347293311672,0.02360785197163639,0.025895636043649285,0.043892737245553134,0.03831924792157455,0.04195497892668273,0.0403375220296835,0.04373341701775637,0.04132995564856031,0.036433224169197434,0.02723351521017442,0.03570797057304998,0.0350435374046841,0.042353427578187275,0.019859196681398926,0.03930683897947487,0.02370182221338002,0.037133383574264295,0.028796470518034724,0.034971992634371195,0.036326998692921185,0.012188364669188878,0.02242013938862509,0.03442122599148363,0.026644435823023352,0.04299895110778609,0.022582233066079024,0.028778240673658334,0.018604828753103153,0.035477373773482056,0.027503353968531822,0.04841914394584937,0.016483972591091862,0.015702881040594925,0.002843844473346978,0.02732653734749957,0.030989359013196535,0.02658746652481109,0.038708887046950816,0.05501049687701176,0.021872511869415613,0.028622779573648383,0.02705931376711897,0.022180339674658118,0.038796578267453294,0.02379266437723799,0.02966152855286458,0.031888803900390485,0.034804956919932684,0.031221061630124405,0.01893311984771704,0.03321064701643184,0.04246864381742255,0.02922745751722325,0.02843612981289092,0.03389522873179342,0.0352213546474642,0.024145166885310786,0.04395144324939938,0.02202650096635448,0.03506393928945742,0.019471999734452218,0.04084398572681861,0.03636639705444723,0.020431770468938276,0.027542675134082286,0.029254719469406058,0.03909161483060285,0.027823135469623582,0.035654654517676736,0.013622376918447754,0.010466371846907182,0.04660885273717538,0.027926292901760623,0.023680627815767293,0.03419801476097009,0.027785423245823806,0.038542850528887174,0.043314489222805466,0.02884196662541956,0.02876002276715589,0.01794589994911449,0.03811436159969868,0.04562618121600075,0.017294328473120818,0.0319871990314824,0.021419973296955927
0,0.029197831839590536,0.02810782661238856,0.03480199696812662,0.028067120167995258,0.02352259100428339,0.0350070239104759,0.027222150775573044,0.012532231389008032,0.03333283956109373,0.029326845890699307,0.032728887097876795,0.012923855813032892,0.028174221249420737,0.025143699316204672,0.033097857128358416,0.02790509587724275,0.0379896351340117,0.014953789085867194,0.026173442427385056,0.03644717789684021,0.02066790606835566,0.04402707003932083,0.02439408949168225,0.02455864344074534,0.023654765487533504,0.01898029001255032,0.04680222167566173,0.042905536999681984,0.03469460348929959,0.024500647435695508,0.024829093874167516,0.020876234934875122,0.04111472567629362,0.017183613324967602,0.019562385807059535,0.03326863278271193,0.005622980890067082,0.034508400557394535,0.030004840246459445,0.026117235368722458,0.022341167795419233,0.02849979954933159,0.01133903818808098,0.02618600976219307,0.030284190221414122,0.043861621983513586,0.031111917802695566,0.018244786577686918,0.013861016049889246,0.027245273114156005,0.02951940559883005,0.021466002856424533,0.024519545276819904,0.02920100187012603,0.040046034963331686,0.025958954874007074,0.03475495623524251,0.02915508030583108,0.046033573782560094,0.03837667177241441,0.046866119928535746,0.031016160697882957,0.028281040330490566,0.01101375430475893,0.03580799283969045,0.03324325601317367,0.035216241975662324,0.048204010982072984,0.03440443531413537,0.03949272814418977,0.016041049729972508,0.024436980656494522,0.01839613946747666,0.029516574395834026,0.016509398183005355,0.02732842831839008,0.012390372169894536,0.030501072271195154,0.0243468340244771,0.03778602387098832,0.030748579218577637,0.024159452466780234,0.038847908409954265,0.029445542292095214,0.028536411242650776,0.027539387975524247,0.005112325638814003,0.018186469453377305,0.027723723851176604,0.0407551353033272,0.03288422796119186,0.021120046066722964,0.03422637112529234,0.014327278087554934,0.03634882828418299,0.027880179860838246,0.03729286223105491,0.02619487122077439,0.04732473365579028,0.039978951397061174,0.04323031854986269,0.03288169242258943,0.020686377238460594,0.036181386469803054,0.038535631461619396,0.028967464176837467,0.022774134440991103,0.0348014383625857,0.040185138190993154,0.044432191242916676,0.033559583234237834,0.027138077834297513,0.029519590927347312,0.032298275481933036,0.025325861209082156,0.03112998659092371,0.00364543894550258,0.03832686359300577,0.03619718876279362,0.034942701139234006,0.023079662026890956,0.028788150899498256,0.03266492902279912,0.030614100961901453,0.026912072858426006,0.05175728306086243,0.0239599645428331,0.034302570128099785,0.018508286629055636,0.03882635532263706,0.02050847194758055,0.03194006935318085,0.02698024622239745,0.026396499787705974,0.014543535623533044,0.024787656523312766,0.019305654077223736,0.03515334636256836,0.007181515541601374,0.037983546884473376,0.01620107770007672,0.044568689213896326,0.029793406263439865,0.03820109097910675,0.03236658275550774,0.019145444377397007,0.04527571850944372,0.019596099044465163,0.03365638189398864,0.04759955545953587,0.037147318839963805
0,0.029497688256391773,0.013783031753277157,0.024399419359835323,0.033061183402996235,0.022889963463457175,0.018723013561021712,0.016449815281487694,0.00774291865542491,0.0407970342913831,0.01757973741370416,0.03263174323576473,0.018184168946720543,0.008562853763858316,0.03508648197197665,0.03117441826704972,0.0262316173968247,0.03122672599995256,0.048716499485489645,0.0030049062814819713,0.033347959115187654,0.036826873669223256,0.03405987285461126,0.029612396162696463,0.019486383418968797,0.02928332220530532,0.029945272146770917,0.02305816143071475,0.03390591445509005,0.021670582579811873,0.03356690342292448,0.03464301874082943,0.01175362810787903,0.026192939256997966,0.03557054855029302,0.0330043636321158,0.009564461340669128,0.022586025532491377,0.021085182004440765,0.031312013558573694,0.03739575573458002,0.045329674612637025,0.0342928974772591,0.027294830277853035,0.02781918610600916,0.03164671485733672,0.039102074665229046,0.03451425886387546,0.041982200010280385,0.038838191321227025,0.026768485055967163,-0.0013970459941874402,0.04069776746719455,0.03003154822974483,0.027114689562623483,0.027829622179113715,0.027398736006288386,0.017178651206394314,0.005526784530345958,0.0208438902653363,0.00833466122581895,0.027628624315877936,0.03755246026163426,0.02134827543903072,0.038531186971959744,0.026697481214068335,0.03814872292908115,0.02904207189339829,0.0355712432087693,0.01851745992568711,0.02164427122092872,0.020453964794510067,0.04054166669692318,0.030629690404199127,0.055348468943108686,0.0402780564094075,0.029741328923138077,0.017558572550874653,0.029134761577200886,0.030749527706202654,0.0374659811133522,0.02393042790648403,0.015460140992209048,0.03133036007358618,0.04754051752713505,0.026331009640790274,0.03878936612830581,0.025500053410427416,0.037664860547100505,0.029678516026266793,0.04051178183392384,0.04300339270397702,0.02889081035066267,0.03315565154129978,0.022007566863343396,0.031574936942983495,0.021078288658288452,0.0316769062198855,0.059558968247364175,0.037314448488597454,0.028257984285046802,0.03490455084754892,0.04023511931139821,0.029387906313831893,0.041581872152676655,0.03852498401304338,0.023826587261908713,0.03292216605172671,0.026213569264258652,0.021433635334182966,0.044403202948339146,0.042088574009678734,0.020507786919938268,0.027708136646632662,0.038058300820210916,0.03763554160920574,0.036485575763174995,0.036530991745181846,0.011669393049261515,0.03787926403245542,0.01799694107906,0.02925825440506739,0.018288499593782884,0.03604086089619107,0.02468619876120542,0.032999591000640136,0.028194335900128847,0.033468033415344614,0.0342657686279111,0.020371083309247865,0.023393669141673682,0.031298116791063306,0.04546846315143678,0.03168127090782453,0.030400857626095314,0.04009625339940411,0.047173772438309475,0.03275054106517961,0.027367727697594647,0.01850864399065555,0.031877188267561515,0.011745502179519016,0.023378706256455932,0.03685419216080736,0.006589887410576978,0.03705154279449355,0.013842235360220476,0.042392867658842294,0.017996227293351985,0.03857895833521704,0.04422035727900722,0.04531479890498191
0,0.02906232019997549,0.021678795692642,0.013538574524451608,0.021930718520719428,0.03918827987619009,0.023812375382203224,0.04006461902403919,0.023185339261868856,0.02173931127598551,0.026784221715962835,0.03282389796861556,0.03621919231904396,0.024189895616628723,0.013964045887031089,0.04396293403335444,0.04014237059747153,0.040839571737156334,0.021187490545835602,0.03117889994789006,0.03526501330079937,0.02707308069979511,0.04217567480790292,0.02102529474953766,0.04783567198570861,0.04418372940913053,0.015868942117978825,0.02865367712120609,0.022625261638181807,0.03656743519147054,0.03087137932326706,0.025975086601808306,0.025123179563682287,0.008017290525407523,0.02474103975922584,0.003931950539573646,0.025395416860636164,0.030199972738914747,0.015530544420306162,0.029802854984684168,0.0321035157066622,0.01866761692475552,0.024560742486838785,0.016696395357080306,0.021749428789777495,0.013868808946258106,0.01800641050405358,0.04819248270204719,0.02158331788636242,0.012360636623505304,0.044290281208039406,0.026841147850512812,0.04129518991648132,0.018962398627944764,0.005402212731364802,0.012426370524934761,0.023572792659751953,0.004886382759355906,0.020021853370533964,0.018654401528069745,0.04024525189325474,0.03643288455172666,0.02947115901201582,0.02162719895380777,0.04082155686693055,0.04398961289050997,0.022609947902354547,0.01153039175406485,0.029546233362583746,0.036869917324619354,0.01739964972813693,0.04029070356011477,0.01799790590205244,0.018167206211935617,0.04989934072586888,0.03990830166469292,0.031314754188204376,0.03133453173548978,0.04641134377635714,0.03156850388548591,0.024414934972346525,0.047456697812874885,0.01422515012125921,0.03379871511507533,0.018506692652104757,0.0424393613698874,0.0201958583264327,0.03386201675089161,0.02872794066289547,0.03849741447219789,0.023816793233760465,0.026665007586653026,0.034266333611159085,0.03705947156238,0.015610595427943304,0.0319470154319639,0.04287160862581994,0.02902336195455332,0.02760801177605634,0.03351846601457938,0.034206578883244104,0.03238845333338134,0.03335349195289618,0.016359818467046865,0.01578893918848632,0.0330841558225279,0.0359310407091681,0.039517547926616006,0.03210934028243592,0.03462484935854105,0.034325012652094346,0.03090530792645254,0.035587036554883406,0.03985164286491394,0.03828691493389678,0.03920355488043041,0.0211327202493801,0.02679590737022807,0.033220577358286374,0.031734937195491704,0.03881401466801901,0.019552885652506194,0.029807082272623214,0.033042958823360835,0.0334306848598766,0.025661637395216916,0.03533249448933476,0.04503158935889181,0.03482239352605416,0.025919334938316628,0.021644642422774064,0.024820611523616993,0.025590948679353288,0.02424944143102103,0.04342401549479234,0.034630337198008364,0.021132299970485397,0.0279256556358633,0.029595661762855784,0.029926738205761295,0.04648107205953773,0.027551192188491468,0.011345325322577371,0.0366766070524453,0.03145429300486569,0.0253206827325935,0.03743649367071091,0.01393225715038679,0.041180594185831323,0.034594648862702,0.031519838918032304,0.03570850788733604
1,0.03925778256094792,-0.022970789247583633,0.028289659644297842,0.061339587793649945,0.0628625701253588,0.06721655809190805,0.04195172608138323,0.05215922327233697,0.02010141250709913,-0.0003998162902071889,0.026745232220570084,0.04772508718541853,0.06412215444481986,0.0455521268325087,0.047333878058486545,0.02263659159109117,0.0730423389369958,0.07184966315489749,0.06335613125484937,0.035368384186293955,0.04947660780980218,0.08599769284248662,0.0680198889573755,0.03628579560413262,0.07589184925446846,0.044178832834259135,0.048432523397064275,0.04710436713532963,0.0779754435911972,0.05424283822291926,0.09845110534871916,0.04296250720621093,0.014664187239154448,0.0141041556454444,0.023081209784366605,0.05548750572065398,0.08196968241629798,-0.03309808380578388,0.05251276283661073,0.03682644273557131,0.02664271371556132,0.028929321188103332,0.06445516548586264,0.05259099712257741,0.07686109669026012,0.03262573315256646,0.025340610352316977,0.0621766692877289,0.011044646400267692,0.08229735161722486,0.020716784953628095,0.01132855424234452,0.04437838138642431,0.07392837118343959,-0.006165380361676312,0.0760123370690027,0.015032405169035215,-0.00344295701878454,0.03343372882481111,0.020241717322824482,0.08181523800309279,0.057173092150368865,0.02294257864239034,0.04123008878617903,0.017035661628111525,0.07781592583834186,0.05742699878655242,0.07667220822602251,0.03884507914602409,0.0759204157469431,0.059976829936214865,0.03618518175170113,0.007926672248839722,0.027404642042853034,0.05491446459276936,0.03687400408793609,0.03217106627806504,0.03415322431835455,0.0549566432727374,0.036826048367872635,-0.0045334928763747576,0.008987284136493068,0.04865895402950293,-0.01166736765742852,0.040728059165565315,-0.00017121930831530408,0.0497907476758015,0.016218737614549006,0.05265850623410068,0.007495706308176073,0.08284331572405648,0.02942253820239106,0.08864431831795343,0.00023601149226876172,0.04111219113604517,-0.027910240196872597,-0.010870358258519695,0.020463458649185598,0.01673684810737416,0.02799271244662653,0.036013249506489785,0.0816009407414859,0.058832564426693296,0.029686665221910297,0.014098684417632443,0.027875143609417435,0.03994850777532693,-0.0016172766278805886,0.038725272491823545,-0.016589714880527615,0.015503691857017016,0.059325224602454874,0.0038922790129846604,-0.005449337815921711,0.04558894612637783,0.021702134813461355,0.01811164676966626,0.07243420703009704,0.0982955327091116,0.08468376273365127,0.05512186384308221,0.05170726248491907,0.08683693474370219,0.042325063462680425,0.06810547792038918,0.03530343743775502,0.04590585126978051,0.0531316652096117,0.04062343248152286,-0.01843833802965681,0.03046722000797305,0.04091019032832258,0.0676925486528463,0.0029666140608125696,0.04808227972097863,0.030041686226285252,0.09873271747225398,-0.029009454594875327,0.08312685329075722,0.02744932091244569,0.04676321386070483,0.04156774619703249,0.052527804199709066,0.035943430608976874,0.035407175765571515,0.009733425472074758,0.06147652490323148,-0.03074133596897042,0.017032530886829288,0.06987375235483831,0.028958307241408073
1,0.04194450273038808,0.0274344530750106,0.012896736019482009,0.033512653628636674,0.043107545961353036,0.08745762453285147,0.07125366831588521,0.05334050053725649,0.021659153378615244,0.07200844065262621,0.037291571970404204,0.05854323293682315,0.06625732663154439,-0.017216789006149473,0.05635172880089192,0.007008870324381342,0.03808012228333506,0.06859629297104304,0.07571372399989623,0.07510353911556211,0.041535906225919,0.0427349282384644,0.039481398608398895,0.04588375476947206,0.021688610147051084,0.03019320233933692,0.022666051789431978,0.02104239144399762,-0.005742153709332766,-0.0019004516332455992,0.039549158681625694,0.09791182271075345,0.06629042892770118,0.010563754328893771,0.06586512552200371,0.01799430717198861,0.07874784983358252,0.028378114010437046,0.08110538748057468,0.07193330595952269,0.052825674886175955,0.08001186951553657,0.01694594525683005,0.05791739436254979,0.03579444311663626,0.042157106825156186,0.07031954658710761,-0.027724334777567937,0.03624109495683366,0.013593602741766967,0.06673810923090331,0.06009289192347257,0.05983488505534873,0.038333524160821225,0.0961910695611933,0.03288058856071321,0.021542748872153565,0.09577199584744862,0.09245609623697437,0.014296496439605469,0.05107430066287029,0.03912225205434115,0.08127553064295559,0.0370592768042264,0.033943883085418666,0.013159462609933715,0.007006868689009967,-0.006191274619107727,0.033297512585881345,0.0007177542817868518,0.08955527878289171,0.010306611927227712,-0.0038915069328042465,0.02148261172464985,-0.005527439934793557,0.011224628321909541,0.06319550166765947,0.05219647555936079,0.07465095611709788,0.030466331703803466,0.0776757329907102,0.060344807152892685,0.03814860792975123,0.06184834939906171,0.02611210513176595,0.06481245829152857,0.06699316936009334,0.07185694320119718,0.09611926732981471,0.04687123363836744,0.0473121574871104,0.03311249661659861,0.03937494768414415,0.07662056306732312,0.07421510653023453,0.07817851075192542,0.04467337036041016,0.04577237543939018,0.03055546682957122,0.07553173601930123,0.013374141755715992,0.03820479504744398,0.04834125894910102,0.0166750282375065,0.055420974789570795,0.026414060848074752,-0.01364588025874227,0.027852194582427846,0.03181360711530855,0.044472660156526365,0.04104195607290719,0.07324619834434792,0.03486466608088702,0.044837442644482535,0.05266293164258352,0.05678675180549779,0.09786194859809852,0.06076240575688718,0.02817800762733947,0.007830453174567126,-0.02210369740865175,0.057088271496574194,0.015089691277299366,0.06449638195157807,0.04883200707953334,0.04185813899384009,0.00718263833257473,1.74767339778531e-05,0.0017500110912907554,0.04063486048779293,0.03193272832577576,-0.018430175158129287,0.05294342161779967,0.04874273682196659,0.05838677734228412,0.08691095330243832,0.03035294931490235,0.07724364123066754,0.05150373347212762,0.028523898633025867,0.059022645217658376,-0.03410812447580399,0.023985024954202232,0.06436953552928756,0.03204417549607606,0.07931727955882965,0.018012130787829803,0.040711865402542964,0.016162506151882566,0.036475482403123545,0.014932381342187617
1,0.03998923251390136,0.03037746865494008,0.022258039292633813,-0.01141663808767586,0.04739353895736039,0.05445331458510086,0.044755571490242195,0.036127791094549895,0.011440743928837517,-0.013408702357915261,0.02992978397275601,0.058130245795419686,0.04832088603270654,0.020686041440648367,0.03422401877097276,0.04276932515205652,-0.0010204995203311196,0.04671999171353011,0.07875340080441945,-0.005223443341613759,0.07634891817440478,0.039222567434192286,0.08196845568471156,0.011207494903038611,0.0421250630988875,0.06257565036415445,0.02743326366353181,0.0861663323314594,0.04959606583517699,0.01711857326512019,0.06522985615269115,0.009843022039131493,0.01950837861615007,-0.0033631038727033463,0.03880835025033311,0.07065927798978891,0.05979684751644315,0.08681642612505314,0.0017433960201962279,0.046910815829963516,0.015006243063175748,0.0742236001521855,0.08081458641220546,0.07223118207093787,0.021324750339852646,0.05820470484911483,-0.018641646970423004,0.05253598629175245,0.045858722067333935,0.07161584010887961,0.006765637824913268,0.0832694729049051,0.039351216680626626,0.05810097627720938,0.043678464441034584,0.05158986389250113,0.032938389900467706,0.013363085035129937,0.048170777539725526,0.0800325582738423,0.04702238263338614,0.03807146672482394,0.009080584723432011,0.048401721112149736,0.03995737940270284,0.06445111902510058,0.011968987005559224,0.0942649443024267,0.059493740200167795,0.06757256027592623,0.013574984853300904,0.0499129963739878,0.054412598219630876,0.08373476028517665,0.016868173384386734,0.0336963334352675,0.07992525000070853,0.03789179815476273,0.07128358292175248,0.04651410398208013,0.0670343418459081,0.08116568088183093,0.031890613776691876,0.06671000153296815,0.05561944937370321,0.0673523316380201,0.052097491112093997,-0.014724651878497974,0.014388620251147084,0.06483202721600909,0.029906398398814024,0.057890591148168406,0.04156478111515216,0.02967840531511169,0.07081799698064994,0.023870143048921388,0.05815043599448743,0.022263816877650534,0.02219586124055285,0.08619427017266224,0.06035033320761424,0.004576093242207452,0.0820754342798998,0.08490334142869536,-0.0043583291744816385,0.04138150618248566,0.029987943220341522,0.023569660142518767,0.020632845880966973,0.016752634528144423,-0.0016623606498694377,-0.0018535969890462536,0.016601075605125182,0.022576579522138714,0.04846684393081948,0.03748752487084228,0.005226717703313143,0.0318447991920634,-0.006726623023376663,0.06947020017217533,0.004630147120010274,0.08357965286681387,0.052498659095471856,-0.020521251193127032,-0.0018268883394218713,0.013649998266730832,0.010422666045355838,0.055294430007571005,0.02680454310370882,0.04977743995126287,0.06765307053160545,0.03343582562725517,0.03500506908487552,-0.00796734787550079,0.03069522021457213,0.04772484737915998,0.07900250383079929,0.08679827399058819,0.05431877326862017,0.07181332205559637,0.02723974175133609,0.04630701900708879,-0.013688928817371201,0.026574756841085012,0.018768100132637126,0.07170383558885594,0.05274487008065559,0.0486490666617138,0.03221662900715001,0.022613633773905028,0.018745560739113494
1,0.04111816166838082,0.0605608299059841,0.03812828666681623,0.07249637621662122,0.07656242206142375,0.07686623603105724,0.05956047590714351,0.03521858088158438,0.0072358664226090524,0.0655788572649175,0.0808461165500953,0.033503724941552605,0.05744978988461233,0.06765276719233365,0.041997747559724574,0.017040338787894106,0.009013904966708806,0.07684874138790795,0.09296772802348142,0.07397158262193045,-0.015432150155218295,0.04703016233670163,0.02235844663133368,0.04651395847335847,0.09385088295535522,0.007282311357284639,0.014692029198838809,0.09134017913032771,0.058302138601266325,0.037779912634531045,0.04656086168505361,0.061374914164179464,0.049940142471851114,0.06607980423221319,0.04705359749363124,0.030085648493045708,0.06938322800835989,-0.030641603999300625,-0.0022834905141706358,0.06264704841509734,0.09158099789802063,0.040621114143004906,0.05747731931656305,0.012970528934990525,0.05780311738597936,0.02846222977219117,-0.015332088273168357,0.01724060032116447,0.06011462047651395,0.037453256871831174,0.04678701677159175,0.07529686093255382,0.08946508593293623,-0.030214140280840455,0.0011465308568500143,-0.021747865178200716,0.08995960969797272,0.034090828708243,0.016541902525803825,0.05185017418969384,0.08542243375557441,0.04263734902083074,0.07882457427831352,0.08246745104488365,-0.0063457742836952255,0.03941344415797069,0.04285529804833553,0.03909849774605589,0.019591015527034347,0.04039287308955992,0.03787559241804988,-0.0014619571644688967,0.02465373833585233,0.047627299492946945,0.005128747456241055,0.017989634074866045,0.06748822539223319,-0.0028081882671936106,0.06859987394043027,0.04251007484365715,-0.0068317624292164175,0.06504937209551516,0.025572164915453745,0.0036560163041515006,0.02818980006378426,0.02936910478663597,0.08691649271585802,0.08424501034056875,0.013007573963674884,0.01711522499862059,0.058590397707994776,0.065072556880532,0.030569252435880843,0.0299096193389627,0.03019290038733137,0.037546984192558065,0.03914836784741309,0.05695009513051977,0.031695065596135316,0.01376526358768863,0.0867746815991772,0.04648929368966864,0.04203390939943696,0.06266550903666253,0.06133859470423675,0.012411473905604608,0.04132007971971627,0.04979016814270949,0.044036689318270594,0.045998301706064525,0.07871724397794302,0.017952252025747052,0.04486567292303354,0.09294312143151004,0.026088322033464062,0.026870347106056312,0.06626881048593838,0.050897882240387146,0.054524394762031046,0.07397240176529471,0.028270893983881336,0.03763828074647573,0.03284024372003844,0.09701643033290605,0.06291886262956772,0.07233205255569097,0.021669043807195233,0.0064311034048069385,0.014743269115526505,0.01679515178528163,0.011603923091701308,-0.010477889507430165,0.0009431871045900014,0.06369610391931863,0.011454699139796048,0.02423840685122581,0.08206592860146114,0.06401094859043635,0.003663938101971652,0.006315897854543291,0.07506612232507856,0.039043296390516916,0.047880008753813534,0.014942678650935789,0.03148425263099514,0.024556976406804654,0.008683178446810373,0.038285876423761724,0.04759360421480909,0.01883603983667356,0.04654679071561262
1,0.040416094460846264,0.01911297570178841,0.07460529909011666,0.03271843287735165,0.012953504908405335,0.0593950033640999,0.01431690041044768,0.03495903773384775,0.029461472575367156,-0.039652464107645426,0.01697246960628701,0.04562892585679546,0.045728940147914884,0.0532532344622689,0.08193040277157351,0.01153107521444301,0.03496530272287435,0.03424160019251951,0.039318014547886984,0.012225395818740298,0.013394615857318687,0.04721831274295136,0.03329304165446554,0.0632309014520748,0.025425462473844963,0.058994934956439975,0.08209086964492779,0.016330107724492865,0.07471782747689946,0.09336400422552701,0.051226660469950294,0.05215046244397378,0.0813680012674736,0.09573830314062856,0.043700301517645423,0.08354339738201745,0.032661188113536875,0.001041380499464957,0.06295751179365772,0.06253631429187519,0.015954532972407186,0.060820768846686184,0.044173360582819225,0.08289785319120585,0.037431066334353294,-0.003025420163758584,0.07637318383540839,0.010327602143185583,0.08278510668852507,0.08604399526533286,0.061962194949941124,-0.004506843705111771,-0.020878785487754167,0.0003568149043739269,0.04909008474255328,-0.004517895240308753,0.062257636876517204,0.014381919356257523,0.040976918641082036,0.05289176847410679,0.013258089571748347,0.055781137223598544,0.01823010157871286,0.04130324183895291,0.025393687830471908,0.05360838152085117,0.03337324381351641,0.032191853563913186,0.0660100836581555,0.08615608908344616,0.053163102123396436,0.04780362461182647,0.04326307279171717,0.06444211724671878,0.05841405688127236,0.013317598612618085,0.025185767074511752,0.034471282490435504,0.07081546460305924,0.05309080913150241,-0.0004587597791969461,0.0915744061761384,0.04877144316658661,-0.01672145900347334,0.0020158190854406358,0.08292716661421462,0.035463179594291884,0.07986258763966567,0.09838594478342734,0.02974792891237294,0.04172106658278136,-0.0010404560949408628,0.054208564699215867,0.007246767013731198,0.062424085330361936,0.03747192536211322,0.062473572524337356,0.06520607815353585,0.049973044014513995,0.040303838107559,0.04533391152560399,-0.010693314863682774,0.07705710867458367,0.028195527844293456,0.05448883303456335,0.03114363206100141,0.02728699663766323,0.019661579030922926,0.05114183301959324,0.05804526629962668,0.009364193238581436,0.04943919130615738,0.06151471687572378,0.01038413120826854,0.009477213443359094,0.05493736688495071,0.03127991501760979,0.031495155248984774,0.02360948697179946,-0.02311673040159324,0.06136012405624825,0.026823838402362847,0.05839897776300004,0.06974116338340422,0.040081299830643895,-0.002210812133190583,0.00821111946038857,0.00679138067400234,0.07952934201842571,0.04747168427927904,0.045276809334986574,0.05602853339701873,0.06724424412454835,0.0030549112418946436,0.06917298600958607,0.011660548597471263,0.01402912179328206,0.062131059447341846,0.0587310112468163,0.05493910437148696,0.04808099217380873,0.04755763758692442,0.03379174035255547,0.05541658796450532,0.03774412338406894,0.019801544804053352,0.011213164681443673,0.023807107459006212,0.025790529755820066,0.02196284857380867,0.06346089766876305
1,0.03941377434338467,0.03265707175162277,0.013681605345311997,0.059443673770709186,-0.016262285159829935,0.06761991266592644,0.06507222487566172,0.006312844417979177,0.04284125542092559,0.01750118235956832,0.07729249078646741,0.017621856685675782,0.04632066342919381,0.05459772064115032,0.07309518284813439,0.0779424409403011,0.05394711553616628,0.05211381878503239,0.023787610190993187,0.009848281734140395,0.03689047858500353,0.0525785241361546,0.03256876497886149,0.05874985524335892,0.06479010482544223,0.05732103520246802,0.03342911257292866,0.07075274986077713,0.0062683847471957516,0.0650978815740711,0.06876248283634805,0.041216830947755904,0.04936215665296418,0.04716876916645817,0.012963277147938816,0.05695024002420965,0.0479574438760328,0.025799985444765854,0.022033536163521814,0.04301743994117563,0.041432991779367635,0.05995342179352246,0.02564573852289579,0.0677879766232566,0.07220579734261295,0.045471477137461296,0.04464428601632607,0.016903987303193084,0.012930653952727678,0.015378632693911227,0.04104763962006353,0.07052245593215785,0.07720668960969768,-0.0062011999476332125,0.008266997939395733,0.030093649286423246,0.001731570864155478,0.038005024392814606,0.025123488265722728,0.03135393034876888,0.03279619868721916,0.03468554590635594,0.07078746055545597,0.06551143947969121,0.040134846649865864,0.05288655242373903,0.011667696983328167,-0.026736292042759686,0.050465530084014214,0.024182946562693035,0.028199620895106026,0.05504264290231274,0.03654211191395,0.0784635807867266,0.03498982151814914,0.030516252526959678,0.08842682175765242,0.06906256784286396,0.015244845907587224,0.049840797213789784,-0.016916830700677864,0.053551240716790446,0.0025456679466775156,0.0308712438233608,0.03636497853548332,0.05513471570063288,0.02105467390669073,0.04559901793268215,0.005791580658582048,0.0191685909236285,0.031012731569174824,0.04487255523813899,0.02324384757249853,0.012696273179587846,0.061203638905451,0.036261419528182195,0.0452216487080101,0.008662803688505409,0.03677632260053029,0.017893947412741404,-0.00981326023747068,0.0708467797861949,0.05279738609411595,0.046790945305709486,0.08398063629795224,0.04720168455995208,0.005042219282284849,0.022171068005977502,0.00020450147471422903,0.017957258982026877,0.024746236046994514,0.0726296829039097,0.024263085028190655,0.04482368214653901,0.03820207935015774,0.06877929052814094,0.0068880892728359205,0.056358253717260484,0.07456164154131598,-0.014015183650280781,0.0278109053874364,0.04383350914077421,0.08691768514074154,0.022488979823371082,0.04450823662588633,0.08690242871148525,0.0816942402688088,0.06599744977892569,0.06994277989110019,0.024302448668288595,0.0332077639840323,0.03035925525297882,0.04279158711589688,-0.025512010680403006,0.04543529993472227,0.03488284811941783,0.012533830424899563,-0.0035773768648942536,0.06329892909800289,0.07540778898385067,0.024935997563785003,0.07951067535725709,0.01689991509313872,0.05392709378661452,0.06367800504118808,0.041952809466620083,0.030519871738844864,0.023229015108085553,0.04628069252720065,0.04715590692602961,0.0839935268263161
1,0.043164526521905916,-0.004660576001352848,0.03115966073467629,0.02104048097587371,0.053565810318605196,0.046928160633601224,0.06922318972237039,0.07943526302698108,0.08580455386372225,0.047879424500344214,0.030247004010538377,0.04123896235298997,0.06530652672818288,0.05474552766392321,0.039912686874880456,0.040918408453006025,0.04178739994143463,0.08424863413829553,0.02011964420989007,0.01009242012463028,0.029109044409293783,0.06282993757959808,0.04976461095118623,0.04207317428779019,0.024235733648180404,0.012704417347722149,0.020360072440709615,0.02513349788217657,0.0014129427451401513,0.011347260596867734,0.06335839908283046,0.08374306943366472,0.06838162558688146,0.06461254372934101,0.08702351785036144,-0.0008417168705894193,0.011464497126397164,0.04596208299923399,0.06054801286420335,0.04958916022748116,0.07471925206611237,0.011545358274442072,0.060819872209013456,0.019667097023171085,0.013272683905945003,0.04185320396479376,0.09880325478250442,0.06869226939690343,0.05096240733376868,0.09040167260440848,0.03409889399294492,0.029285615715486102,0.024423054237448845,0.03377759110900732,0.034915743654022745,0.04209337051718008,0.07345266177531462,0.028786872156464687,0.03292426240823204,-0.029669222554117892,-0.0031509298879215525,0.038514325686064756,0.04205291927349569,0.02065077414338244,0.07703702521896724,0.016110442797319744,0.07441755368227357,0.09292356641291759,0.028729402746492907,0.03133889051464701,0.03829168669385238,0.046086857441758854,0.08353800733483743,0.056627551741915375,0.0730816548971685,-0.0036956641558133427,0.04539038263036156,0.0457198637934438,0.004487638160606655,0.06784509832973246,0.03836982290341482,0.0822007870852747,0.04092324474502942,0.07196837734332343,0.04182445560769776,0.0011899483350482354,0.05302236914215114,0.044884586368612686,0.07840104118125624,0.027160539757213074,0.03908140361915197,0.025662471187367336,0.036424402224427575,0.0628425766691663,0.019726490873161046,0.06088185054135674,0.067963923685743,0.009141882704330265,0.05841330777123938,0.041840840309199274,0.005266068585936506,0.03408518674005302,0.058904220405495686,0.07732871170795924,0.0027345771099953203,-0.0020505318518061685,0.04438127520570233,0.08600865931811275,0.05297516043888026,0.015007804339422462,0.04639946415088235,0.06176822068503292,0.014421258929461014,0.007008367675649503,0.08810241366976233,0.04973898725288579,0.05322632608843568,0.057462786383996704,0.07496405801858669,0.05989017681358409,-0.021283626922066666,0.06359968005017055,0.03840018088937743,0.03810548491332987,-0.011644152798586313,0.07308852097292992,0.006852609378404768,0.0581999380114423,0.04387238451362989,0.058268590267913034,0.038457372403922864,0.04419337737513757,0.06706616475831952,0.055375651657461625,0.05454511260676345,0.05663394877419438,0.044127058993051575,0.034591922599863836,0.015166692748318895,0.003804478860477807,0.053094955550955746,0.05226708799437137,0.0380349441996834,0.058821887352194444,0.03735715222718358,0.07172533191639414,0.02732411859841958,0.04391574582567527,0.07264686768510122,0.012515168390409292,0.07337878654963866
1,0.03951754855891488,0.02549333254004755,0.038410849523134914,0.01967471681032878,0.07827312657863965,0.08586827166027777,0.04097874192117673,0.020192936649655248,0.08716639866229314,-0.0028357362369939854,-0.003447016396147161,0.062118655699966094,0.04600153602527058,0.06838801792958502,0.03345980077916845,0.05368887775286127,0.017101907264290422,0.06925276871993884,-0.009344507610578166,0.041203349277577905,0.05096100849270978,-0.0008207162393587195,0.041849415070762515,-0.01008177832367698,0.07297815715215072,0.05470167354448441,0.03577168376609015,0.029370954047405057,0.05577756261149752,0.04400114390508037,0.059536209207865905,0.0402779502869672,0.04115588733067169,0.0662016082282103,0.07601436295345004,0.0031311793568937,-0.005657486279844429,0.0398441401082178,0.054471835063164366,0.05899751970578562,0.05037991524640363,0.044817036150019585,0.020584330059221313,0.07230464876734186,0.06101393488979734,0.03954001704659323,0.023625163369211583,-0.013041343335113253,0.059749542523883835,0.015541057317502261,0.03587413023313542,0.004017444664431019,0.04403000456266774,0.015157500767321357,-0.009336640029930468,0.01883993407238709,0.05267442534367542,0.028663163319255232,0.019815133132333723,0.028644468738992263,0.06537993119944993,-0.0020152376662868274,-0.012749984290468946,0.012451528527939123,0.018327529370618312,0.006325429814688997,0.07348909387347956,0.043686018015944614,0.05130601744304455,0.037139296166355876,0.07232469593785362,0.06999128607444198,0.044988819746176245,0.056033949775451966,0.044892527972606955,0.05895560849106337,0.005833775659157332,0.06431099306008953,0.06713206097584921,0.07003739497263137,0.030081451997192588,0.0571174254825156,0.028530543530553273,0.029155355286614556,0.05859528983766122,0.07112206835438922,0.03883587042169484,0.05483127325044906,0.06385459158037433,0.0911301558870056,0.0783444944354997,0.005571474235908161,0.05802909771043678,0.026736256874695948,0.09492225665017988,0.03309379544618589,0.06073784682948494,0.04649025785603814,-0.005476186912200705,-0.010189488548990933,0.07850435346401702,0.038095132022728496,0.06604361903276193,0.042939746167920546,-0.022259569378444158,0.05456303206107693,0.042442470598159865,0.03846143747183373,0.009579773218052666,0.04926672098820457,0.0779717187963383,0.04854557998244908,0.03609574837065085,0.0146800233736742,0.03332970778506945,0.05706459987090176,0.04366823930028549,0.03075182879033001,-0.000774180771278242,0.052497059935176706,0.03815734426355973,-0.024708426342222263,0.035147758983027744,0.04564007365003438,0.05509673526059173,0.09090610832380472,0.018259533198616156,0.04558542892338957,0.03951355762695958,-0.02320728753978863,0.03035567018289871,0.060268248868991695,0.08370253054156053,0.04165851736917201,0.0612183016383104,0.022821075723002442,0.05258219432115156,0.04598555596088527,0.028925214035588755,0.08033916178128603,0.04745793872509703,0.031616565733870644,0.04507198695499913,0.0675725052230764,-0.048059443729950184,0.019148077273436877,0.04587369776554066,0.050049883774309786,0.04913181586433383,0.015025959211326927,0.03265218948653732
1,0.04037880174815365,0.04262340077581576,0.0626676222478969,0.07159473919681017,0.04400868273859081,0.046140093686220456,0.0191125531945625,0.059584100554057134,0.0634881386425362,0.07923269529457105,0.06400286807508801,0.05688715969174822,0.08029092341833419,-0.008100499359641196,0.0578890383240228,0.020902639402975303,0.04706395241425074,0.01763824388657677,0.05273438495489018,0.03689633182129084,0.06393698206454396,0.04337430723343034,0.03487898551465052,0.05783345630179516,0.010920436346885228,0.014318420802147246,0.06986261660072808,0.02259186142069023,0.044214043125929275,0.07202872997860174,0.06438795512875438,0.05171921556794722,0.052647033762914894,0.05637992263220344,0.06476161338958146,0.08845814220980033,0.027038138714626396,0.06918995998369884,0.04250904515783525,0.05968248153881761,0.014566746099533096,0.008945614605035016,0.049846789187913514,0.05183318718093604,0.008884661689853916,0.06934629961441371,0.061743037549008006,0.021759425391705393,0.07177354029463419,0.009038102048256898,0.03439722868573411,0.02115660124813392,0.02028058607802452,0.05937967680179579,0.07920604412047078,0.047860239546899684,-0.05257237057976683,0.08397205900832441,0.013318557272274715,-0.026221787753388272,0.028375943439425476,0.06200191430992987,-0.018825843571455274,0.05324908169599851,0.08330668929948797,0.07401257038967558,0.0328826804844881,0.020124295792891028,0.021314665755248294,0.043554860924836,0.05841930794529045,-0.003670284567507169,0.028433566338829756,0.08646296502185628,0.05117645410280544,0.04148797607266934,0.08000517506642393,0.0507349684303683,0.056617823892675445,0.007010344351690276,0.06302112115156273,0.08818061207186528,0.07813427101924535,0.0753686980320051,0.008006980602937398,0.032616591023975045,0.04797221434112668,0.07269781942680367,0.0012115621264523896,0.04505868499170841,0.00647671678678164,0.07307873903287493,0.053049288097676436,0.059200367394804596,0.08591919066706287,0.06762680968440712,0.01885286784071125,0.021127123956099794,0.0015065843036287177,0.038755981233521745,0.08635294597480395,0.056835686535028435,-0.007367204610122115,0.0061961269505818595,0.036480913699149575,0.04457880321599965,0.014657164541499512,0.02482138331714702,0.029150916989895477,-0.02350389342957681,0.016437502278218507,0.08575878204998456,0.04739111799359284,0.038594332688396696,0.07405632056701243,0.020957013494526118,0.0865615102990652,0.017060097369263137,0.026837969111935995,0.059410535957962654,0.004883919469353633,0.033374772251637,0.02208257238293988,0.05031960183888989,0.028982462440484084,0.02297106049429201,-0.018411813888154063,0.012715432434080229,0.09184971329883682,0.012528296611956646,-0.010936151027985647,0.05956526944777803,0.06725744134840331,0.009191050630109481,0.03727402980571209,0.025231561585191464,0.02441921002224842,0.03552639990311743,0.02664910038118647,0.0053052833831892035,0.027119704750581668,0.027071754611051477,-0.005857247392280468,0.05394190406878232,0.05677891129390997,0.024129241900084416,0.03615012825304482,0.04857465997501851,0.09395343787919073,0.04756626937459429,-0.0030977737854110676
1,0.038302362077535984,-0.011850487298669402,0.0046037300935577105,0.061273166066985046,0.011428240171425522,0.016241703647070213,0.07545952454834236,0.046837659660936365,0.033156474740437834,0.06041587054429543,0.04814452908541375,-0.002487110644708919,0.055675460109689885,0.0043858637553301286,0.0934233532821443,0.054452813790679,0.022208867741099182,0.05809838111405457,-0.009518154344693157,0.0716979260579629,0.00900756978046393,0.01109867863165388,0.014584870468302747,0.03272992889790636,0.02841505481531481,0.030265070251003622,0.07228722760965184,0.0032182130528979128,0.0579395332008918,0.06720425430768805,0.05315992713947786,0.015233554647483306,0.020700971022380214,0.026141243415271166,0.09101723068106557,-0.043163413902049565,0.05673484040918268,0.07004622346199416,0.04938266881623005,0.04216922246248735,0.026837646440627354,-0.010297113673938194,0.07466968287517847,0.07703432385250153,0.07628454981652827,-0.008752098981165926,0.060181260055086866,0.032999781968327986,0.05001763393293304,0.03409289093609881,0.03285470567370431,-0.0370476215664133,0.07419007649387577,0.025122131480604663,0.02512250089993233,0.05012439655459702,0.04042412513928538,0.00537088214388539,0.05790326219221108,0.07936162985302432,-0.01115628536750684,0.03514864820361378,-0.002924817108920001,0.02218910756573875,0.04239383841174186,0.03382776623434094,0.04068156073533424,0.032842394171198164,0.007759476193213322,0.07814191902026985,0.09951462632323041,0.007108563153631738,0.0018128432796493746,0.0357976992473601,0.0891494613747533,0.05140897831599321,0.0882224089441069,-0.01048698465994214,0.05433930329198049,-0.00943885665768418,0.08398735149610878,0.061803345304729,0.07717578359217134,-0.007412837610307817,0.08401332516116176,0.08761724478384353,0.03385590592165102,0.040236048950792,0.009244833410628688,0.012265157819934841,0.06281984582804324,0.03751928118301386,0.038126293481255825,0.05837594825475913,0.0620145070762855,0.018757668806666718,0.04988745790363091,0.08791925033863515,0.05657071633933363,0.06376023859437839,0.06068926636850831,0.016922988166346874,-0.0014433570022616207,0.023657397713146355,0.0769527538868057,0.06721652519406487,0.02823349262551111,0.0837429020210404,0.06150250912241881,0.02824338428699624,0.02097398548032573,0.06207007363220546,0.005847691500398246,0.02172735915277568,-0.020001859647608464,0.03612558566648865,0.02043792869551657,0.01934102125161535,0.03507635034320639,0.02922249459964165,0.062302626025093816,0.03044644603988026,0.053067875017379924,0.06454674901819205,0.007969924808864493,0.009177171583738236,0.011391641160918526,0.04762320072139072,0.00919299858026253,0.028068825757636424,0.02235810905495697,0.032006554119802716,0.04401429664114155,0.019779074062550344,0.08870305084139013,0.034539918174713274,0.027343694279370855,0.006431901777889611,0.029117056213516384,0.09397900961798719,0.060200755377090596,0.05115890475881153,0.08519366796382136,0.04307203036357296,-0.015497608961294582,0.02526152037398017,0.03277958043416192,0.03572234327879088,0.06447094656020207,0.0420817386749133,0.0491274715661747
1,0.04256540703084657,0.026293088115336725,0.02865997706265997,0.055022294538282265,0.009423344163358365,-0.014371226357731456,0.023394583892122803,0.027523570115672955,0.027000468890497602,0.004774618750577858,0.038174975887605996,0.04985798480596947,0.03645600325720951,-0.011794356900879814,0.022216176112145995,0.03411541056975659,0.0629534839490659,0.08559901866721795,0.055316321766577525,0.01781588057503071,0.03549007789615212,0.03521256185171372,0.03966256334585092,0.048953491185755905,0.05152535980081583,0.0006947774264322235,0.02007357333056033,-0.021520757193024723,0.019171799816942826,0.0776320277004495,0.0061632238616750115,0.07291095491987402,0.03160392211380317,0.005888916719968509,0.062442217000322604,0.04112037150127998,0.09790714422817295,0.03286164445829895,0.05364622030954834,0.026516769888954725,0.010396196070410302,0.07365695643755844,0.07002610992736061,0.05786145471239772,0.08644809246727952,0.00997935010549406,0.03994045503860807,0.03941408896294587,0.018366379502838055,0.025593680475201896,-0.0069336327274007944,0.028641684835704537,-0.0014807515294908216,0.08124927032982332,-0.001804232689749205,-0.023009415476553545,0.09720840396213595,0.0481839122730383,0.04038573821758162,0.06034467792824931,0.04056453960949305,0.0064507459734734415,0.022319396375556595,0.045789959929509745,0.06450896500869721,0.08671133981839035,0.053216113736965893,0.03528797670146042,0.05447608744397157,0.01380811684805611,0.019837419016430376,0.07351177409242406,0.011855824276086075,0.04211586215151372,0.04396406905794194,0.0066421943294251926,0.07683636345418737,0.002311135460975562,-0.0008059100961084892,0.08431955403831928,0.02411705448133511,0.038447856365458846,0.09838848480777353,0.04569053887031765,0.07116128008648814,0.08609876737971625,0.05164239273916886,0.04405186501888333,0.017889409087942794,0.07948710568623918,0.04640369396423461,0.025740729647226825,0.09104974274480532,0.04525384530146356,0.07179401973996749,0.039116976372888995,0.08462242370103062,-0.0020102489165207266,0.021097076676768804,0.06725257032328708,0.07436545403450182,0.08781798275178826,0.059979822444852705,0.020119951482737694,0.0657235419339653,0.04301540488373707,0.018930937055817654,0.06623876682465919,0.02978774508156297,0.037802423143979386,0.06547425153928212,0.06264393413371357,0.04111613581346846,0.07761866490230453,0.044403766649118895,0.05124595090907758,0.08330177702548336,0.032793507479750836,0.027458320303297236,0.06218790573411066,0.08397176950901492,0.050758551618344895,0.00918372283949125,0.02886977401960148,0.05584791779078034,0.025783148875339557,0.04273459610163126,0.002136022448593282,0.06856911073622426,0.062217502177053415,0.07567774951513478,0.05267786344039987,0.04215951264035311,0.05457996059439409,0.07333434933039616,0.012954835989260775,0.09915388513672968,0.04172019278747706,0.04006497364298987,0.027549986248775533,0.011912403195592076,0.093351834711312,0.039926370490539514,0.02609778460475655,0.06588491750319929,0.023330515813717926,0.06512910320972129,0.07397305913826077,0.012931796991367268,0.012533899830062985,0.055893691416558235
1,0.036148458772076106,0.09690153359775444,0.0022719025046511673,0.02666477780947568,0.05383169858837509,0.03324939003553337,0.06871122655867737,0.02485270930650453,0.08591098261265276,0.004739139095526715,-0.014251923778285547,-0.011396357292691756,0.032124973502113255,0.0508099706652602,0.051052494465989015,0.057319712517292745,0.04679041723374466,0.06112767319591264,0.05013844894150083,0.056684001248173896,0.0005638186065664297,0.001901901037504941,0.06187451424942114,0.08512382416754276,0.006880827794868941,0.0593657088765694,0.00864696881032391,0.06795589368936596,-0.01043476286998539,-0.0263441712677702,0.03646050071485846,0.052474912776146625,0.03825110664300087,0.04148496246339117,0.013313942532738574,0.0010729393389458802,0.05540186172810049,0.04162402235328549,0.05268792843476139,0.05827549060428183,-0.02635323897727348,0.04057202404189252,-0.0147024970016046,-0.002887028401684928,0.008920448967143165,0.008656277009747797,0.01928485109990117,0.04467394612028935,-0.02535859645543021,-0.01752352235080145,0.04287764884568167,-0.033048173622236145,0.01816419400789568,0.0026748066484125962,0.026774049289978813,0.09168994807833204,0.05224866361252247,-0.01638346618945194,0.04007678101796526,0.03784606846823542,0.019203043124301072,0.06216301579190471,-0.0036502089928911186,0.018850614844336137,-0.017513081674422913,0.05016730914121807,0.043979023044702914,0.047102862594430715,0.06483548749515691,-0.0038041120033047437,0.020960070480328573,0.05523174267481688,0.03560042025280981,0.023503735018363156,0.04716799522870126,0.03703209321134111,0.023042730848222354,0.06627348203566398,0.09543110276141936,0.05278097036466603,0.057244705569275044,0.035076085096249474,0.09056830948226471,0.005229465136919673,0.015114465219145348,0.060415339084765624,0.040490550389584906,0.03181354205759562,0.07901337348021605,0.04417253422919367,0.03262302013869431,0.04595268758137032,0.07369334763801938,0.05936787368892854,0.008337747323980647,0.04414171939417488,0.015181716317382993,0.04007340573900856,0.057577053845219626,0.05065445027791331,0.038041706890836316,0.05732333885252861,0.028478103339541233,0.02766836572919306,0.08770709203481566,0.044256106797348906,0.03162295456026387,-0.018080251856743286,0.0277478262735247,0.04138768591921763,0.04746220387984044,0.08278008710938543,0.0962873730804394,0.08637575797241526,0.017998253521764884,0.08213251311249974,0.04491652899773952,0.020765662627156675,0.04424553117362361,0.05411589487335846,-0.0017038717145998056,0.03110053010840461,0.05289616669909257,0.058824364521442095,0.014297266775331378,0.06277190028234372,0.05651084871392384,0.008864301634112101,0.007166282636627393,-0.017285940479355624,0.012119427041118985,0.0010471151366047912,0.011386609086654769,0.005104593739192802,0.09659337816327623,0.05928074821415668,0.07740985590923108,0.020852089768666118,0.05978449707200262,0.028928441035379657,0.07814903361662512,1.821729958817464e-05,0.07591250122963125,0.031037810328243473,0.09319900416728796,0.04686412874814912,-0.0057059540720895835,0.04333807745233907,-0.008197143248929756,0.05779133425545545,0.07326263316949808
1,0.034890580743089455,-0.0009185709094667108,-0.02132153106913634,0.08675546545692217,0.03099560401790971,-0.0015729476820754151,0.01884618709807877,0.09586861475290681,0.049460465002128084,0.041729514244663285,0.042769125252201355,0.039891648773072094,0.07316744902215744,0.06201274782641121,0.040354974942731506,0.0718669373231589,-0.006990398864500369,0.047916450368423104,0.07848034809221133,0.048630821148307864,0.04116854177972643,0.09375101366080014,0.07021704933634314,0.019389497190761478,0.06712212614774599,0.020198794206935617,0.047897358492558384,0.032170461816801034,0.05002923065488675,-0.005225965153952711,0.020869665314672672,0.03680102732738742,0.011273958278427594,0.003002243492278192,0.010834105167017213,0.02932802753285007,0.05550699915601875,0.0015563709283469562,-0.023365897843077292,0.008683686551987091,0.004244914810282156,0.07336845965121401,0.04835235953950712,-0.011170125464268932,0.05606006862016045,0.06880271929956826,0.002613088535607655,0.05308202612386431,0.004648125788703453,0.08770264528920317,0.007311664427319939,0.00683361987328137,0.01671894987836723,0.013303607189059003,0.04584072333663236,0.04524723408592982,-0.03700505473169408,0.024857862673753166,-0.014009198759694093,0.005520912350407935,0.04423740659862417,0.08948167527672617,0.03556138634943171,0.05313091448586864,0.03061646893618393,0.03381799689244415,0.045700189426120905,0.08102808040357173,0.026782665743479796,0.06215569921306047,0.05186705843732113,-0.01792683115003095,0.04812650108716557,0.04812202064769808,-0.012951682922204173,0.016577700986327878,-0.026090201887453764,0.00978602953220075,0.09762418415019916,0.06538560759093791,0.0052480894762011315,0.054746271766519666,0.050506725751070285,-0.01019982760242915,0.06840273258584005,0.00867918252962014,0.06974134809262753,0.031076001982716917,0.07608388279931952,0.0378061285031565,0.03553632961393879,0.033723888670566034,0.022598586469049112,0.020276535074804324,0.04931937342033255,0.011463914859738893,0.006360377867642285,0.007098847561875392,-0.023726474631331325,0.022943325159156515,0.011615969522524937,0.024884177008034192,0.06791763213342589,0.07143534608351221,0.04681530003282229,0.07502347462310763,0.04420156806387155,0.04755007542849121,0.045965327488279466,0.013335670440353272,0.0774431764648158,0.07107869324134279,0.00946921207692097,0.06473647514386288,0.03521498783770154,0.036462372087301,0.004157499444916328,0.07520094552506137,0.01631668390307035,-0.01215835196493971,-0.02593922039213798,0.022524543039716526,0.014730385535855529,0.056161425477347385,0.060792985710144395,0.036608677394983545,0.07033953392882589,0.04811161021696067,0.07066176469773594,0.028109895223346858,0.034894345515645776,0.05742103903128028,0.012125823787550394,0.03435558517719759,0.0003358159711537509,0.07355370261524297,0.021903742496784832,0.0038521520597454492,0.047916823680682716,0.051005330636210724,0.055946011151423655,0.020508767276296965,0.015845894724822226,0.019336097923930276,0.056607944637831226,0.06360150053086733,0.09065913791465982,0.04866387766293087,0.05828178695388113,0.008012068210132006,-0.0022020830120192195
1,0.03915269936033919,-0.019671423748794173,0.07312599301391318,0.029650038135682982,0.02486693668349196,0.056879942585524264,0.08301908649966443,0.0501386315416823,0.0850582536501238,-0.02158984880164059,0.0004236346164964433,0.0218432020161067,0.04750824593455488,0.0659351670442459,0.03140097052016342,0.06430022605864162,0.0625599018597594,0.016244863268417592,0.008942446771446302,0.005441505812832592,0.0085559388758336,0.04573180402760097,0.045671866339913936,0.04332799525111756,0.05349211931378226,0.08147938277572901,0.07023123333214551,0.04739993595278312,0.044518920808799364,0.007448605354564729,0.06283128446314962,0.08642969024550967,0.01255678532144014,0.06788685675355907,0.016245104244376692,0.08402433323349406,0.03645155735690277,0.0022423608041844956,0.005618588306339739,0.014687683348590136,0.018058803723194784,0.016205054385735978,0.0803092209661726,0.04933664939179487,0.057551056449435575,0.02041396496284367,0.045628240543834075,0.034484652442310124,0.06464452530397732,0.03407133957034773,0.07521340906631135,0.09024777449287644,0.022624540225995044,-0.021675238642028596,-0.01034232039982702,-0.007095369983506031,0.030881450929837823,0.0800513467570744,0.023804465550202172,0.03447011708011019,0.05971799385533266,0.0631397363348361,0.04290576375561541,0.04078190782396352,0.04301133239445204,0.07753092578939196,0.07957767646879887,0.045719844923881786,0.09684100738885426,0.041462830223849424,0.00777904888706113,0.00194044220573239,0.033643119448053295,0.06483884819443025,0.06170721119754688,0.043154985419820484,0.002079175479282415,0.06660080182053053,-0.005787743428213608,0.032542766831393746,0.05330183871539276,0.037698431686745845,0.06507713722546682,0.04791894666522167,0.06356810736285028,0.03300247139358056,0.034590358362388,0.0297681352355821,0.030379779568874284,-0.015547510781501302,0.05692503890381234,0.023572606355344788,0.04354871316427247,0.047517509374149586,0.02524357429050874,0.0796563253921677,0.03163813865175572,0.041709302293023345,0.04974256166330678,-0.004492353980970885,0.016902726685551317,0.04981402905869339,0.014276264333963389,0.05945215155731129,0.06069846529959251,0.06347738468516265,0.024051151688307223,-0.0014543744490502983,0.08074022791716845,0.032643417718073664,0.04753538620432729,-0.005375850156210914,0.01641660200091721,0.029405379734106944,-0.0029121202524856615,0.016946363639114823,0.012024071984534545,0.015645391457241118,0.09871644230979185,0.02374979743205583,0.00566106424693065,-0.0020317045665612862,0.05541786665850963,0.0559616797280532,0.07840783529585335,0.06699175002539823,0.02445050151897724,0.06291021501386318,0.022117092971248167,0.060808533077740604,0.07126393165982406,0.004584280344512762,0.05638212242340301,0.06324383070833783,0.047722338060929737,0.06904260016782127,0.05336707813207791,0.027972889595683472,-0.022938437719369507,0.08899543921206662,-0.022001327376560534,0.05399266982810212,0.006877078385750607,0.017333552652666596,0.05617694202428184,0.037176747713488396,0.07321403788807335,0.03608841280501698,0.059752582861066925,0.047675429651761754,0.02773467326835692
1,0.03853804838433457,0.052559966033361064,0.0009095485806734777,0.03488490336314741,0.061675402208212646,0.031075836348537833,0.07052482987336658,0.07357530328044593,0.06053946586866801,0.018183928866709137,0.05761872336640986,0.010163427997827833,0.018393656182779813,0.007205501244017219,0.020793518993616124,0.03296667806755547,0.056311322660341806,0.05528052473619486,0.0244060072620072,0.09854934031973742,0.0762760989457712,0.03926812833655667,0.060486709990830015,0.019083414681648397,0.05076952906286189,0.011626897357585906,0.043849305988354854,0.036757335262984595,0.027735538611876907,0.046373764436073134,0.04801739915766229,0.0672497892655592,0.008541856625748995,-0.004421287676614066,0.01890045530068366,0.006195326209962722,0.06678344850544043,0.03440655096474172,0.0436713660273593,0.04342183936754388,0.04292617132191582,0.07602117076575894,0.0024888458447779455,0.027670703492731787,0.0010853188308828851,0.031122083611589017,-0.013556976749657772,0.019390085808278907,0.04104376127617867,0.08241220514632921,0.05382065370086661,0.011536317559175335,0.04333596615972512,0.06260899650864113,0.06596221165909742,-0.007157706139942446,0.029649671201530267,0.05813069805603366,0.03301999604078913,0.018040401862458533,0.04204495048018869,0.021370235987940384,0.05776427046919658,0.0024581716668230155,0.0010718821000460232,0.024068835280958163,0.038942703284728916,0.01982691939956769,0.08065124879607671,0.043185930520966476,0.05025139842760154,0.0026711993322425798,0.07891810152436812,0.012167217051671921,0.04111180454670259,0.038076956421078764,0.051378624868831296,0.05497059918084145,0.0361378499368184,0.050241926741570936,0.08855012738445771,-0.004747336651219465,0.01615713945621206,0.02729878815769019,0.006107843001906671,0.05764826157924066,0.02457259580419112,0.03380656171350373,0.02513570094495988,0.06683493166671661,0.04150138988116431,0.02660454484573017,0.07458738344289181,-0.013008726862391608,0.09057410429177154,0.004689647404755956,0.023472907912480113,0.01844373027970792,0.06695175458806439,-0.0014145691788425147,0.08712943202751594,0.024759282351699025,0.05282632407043926,0.05457584465899286,0.04225027250308936,0.030844594587264317,0.02834396614420598,0.07737579204227378,-0.0007633991818932553,0.040435294813349426,0.08975208918551364,0.023672197447239675,0.05851507661524748,0.060810114735671855,0.04504637118031165,0.028533851935199826,0.019186978997286275,-0.002905123784319362,0.005770793252663262,0.05613203389306925,0.002486877032310632,0.06452098798177858,0.07207325403298934,0.03282746475376986,0.049476278775430815,0.09923619543115465,0.022083440534565887,0.04345843818221993,0.06113595784073024,0.044520351735253955,0.0373648406482716,0.02847351539014375,0.06076629437320623,0.03531755828505394,0.07920669266554203,0.07374893133042074,0.026776846198266886,0.0639010991223497,0.08526953693499333,0.0798730540784335,-0.01254591783998512,0.023651043456194277,0.024028509020891816,0.04751743541015638,0.002331201157654131,0.01804093657475552,0.0038202701768150008,0.07360992794321447,0.030883167098522124,0.054365708876153045,-0.0010439603405049472
1,0.03724017720188141,0.0635705484559642,0.01425204591750968,0.025642947530272076,0.05657663506363704,0.033667384018200915,0.08019709635315268,0.049636850515731065,0.0004480966119353863,0.04489530602859049,0.07252443415865287,0.008899956180850568,0.03842318220909309,0.07178600402685832,-0.015926184741400784,0.050796901599323006,0.057504247455328936,0.07599790691120867,0.01418590921595594,0.028214618941261427,0.027993624150584942,0.039445476663670785,0.039164190114172145,0.038668572967089185,0.044076802117147866,0.07626493015110475,0.04914446046336694,0.04112814314234681,0.03300447273461552,0.058993579005546096,0.0046950332478325335,0.07162313449208024,0.02703728881474751,0.03538254863938274,0.029523473656054663,0.05054682338347241,0.05406426685430972,0.057042760127782643,0.017446214781539425,0.04797298640552007,0.05013635252690203,0.06814215519327331,0.03951116310171038,0.05139765200582111,0.02345242133779451,0.04560090855188157,-0.008114469298974573,-0.012434904112137504,0.001020368170012692,0.002267404099778554,0.01223378157863227,0.014074154469083309,0.0619539236183058,0.03838556317365221,0.06962453068402022,0.00012830257523152588,0.021673572962205415,0.047659285704310765,0.04891821644427104,0.028388147613100725,0.05482476031332595,0.01746907585081591,0.025082760922977457,0.07819314064082401,0.017470347751301584,0.018186021513091802,0.01704120490078429,0.05242768177435968,0.08555798702385611,-0.008387094558511075,-0.04986051036486377,0.008280976310014544,0.04967286586930672,0.08786111831467258,0.07504054314917369,0.02502254304110904,0.0659888963588134,0.053889700845904866,0.07480636064375976,0.049034252354523945,0.06210103988889765,-0.012992697608550575,0.0250577547921099,-0.014541320209703584,0.0863174005287741,-0.0050988146091297745,0.030148893219191626,0.017331498512614507,0.0626928238861221,-0.00919816160865098,0.06874800096811942,0.06395899793098278,0.0029817682359749922,0.03644535651561114,0.01035552836730607,0.05334473371938289,0.04588631579095084,0.03501670807781003,0.023428790578024137,0.09659558418269182,-0.030110359795321527,0.08315699623343478,0.04260739544718629,0.056211216342997784,0.04585888511260086,0.03674291633206029,0.032599890108930156,0.032879781379865476,0.07443813989381776,0.06354936039383881,0.0528014597472997,0.03592639700520044,0.0036554686481654747,0.03143881660482237,0.03161869081334434,0.08547268148569216,0.042948234640375255,0.03726127437706521,-0.0108822836598221,0.056380166422468604,0.04448499833067224,0.017235936735909636,0.03677361895215414,0.027738291291383412,0.022211256281060267,0.00887095038004319,0.07656468025704957,0.06733872625326764,0.02672342148005052,0.019530246713516997,0.07424223967053284,-0.019577733919201652,0.09280063891483266,0.02157589061969621,0.006421676851770579,0.003138639633675812,0.009217228639128612,0.057169155672447534,0.06091656659898799,0.046821243446186746,-0.0011685559114368027,0.05339829879142825,0.04807439410833169,0.0070270978693643404,0.0870017875688654,0.051282314220974456,-0.015482369003787334,0.043772734493088494,0.029776603008517574,0.03413485511282512,0.04874258710971524
1,0.038021055643298884,0.03444233575406784,0.05390408578203923,0.054824303370232,0.01912484595615209,0.05888187416087165,0.06951394269904251,0.0223781114487476,0.04190423615557357,0.06118685676413777,0.06309643789463418,0.02680769711676978,0.06435744719140767,0.09662176087011637,0.07007130044815768,0.04998485452471771,0.034791800543549405,0.06318900077794162,0.044059553460038016,0.04699502530092982,0.02452588526998719,0.007817670548576551,0.024665423618543694,0.0007617346007714951,0.001179649582261938,0.04644095480783609,0.041746559770481195,0.047462622621747774,0.004142195107116067,-0.012450359356257261,0.051573930959612976,0.024347667304879632,-0.007162696640422808,0.008023732466675822,0.04786829862362404,0.007647311059857963,0.06128728873845153,0.012610203574952714,0.018517147886908336,0.07994269758674505,0.07503618522928614,0.028300947233512,0.06509983099328744,0.07302519570513441,0.04262185453184608,0.07189920132158219,0.04905800491932821,0.00621829227101315,0.01853999510424765,0.03219380893850131,-0.012952935350757491,0.03177588913390959,0.029911113562863162,0.026240108496655076,-0.001255578468158304,0.06020858798655131,0.027185288119792123,0.05212444257518888,0.05481863934253188,-0.017335413515480153,0.05673539436814416,0.02215782304914799,0.019833095190434323,0.06428697957407703,0.08262075906425947,0.07404795076045706,0.015846589442616847,0.06073215454060868,0.08037407183034417,-0.0003427176958563996,0.04874768192635812,0.06205807688791977,0.07058157362897219,0.051209450811440155,0.0602204794679578,-0.005656096493145961,0.02266420028738477,0.06870572407365022,0.03263363414178774,0.028442037212977812,0.019042266207667646,-0.008627240864664341,0.051520576578674634,0.02133426996614729,0.07677336904997058,0.013148674849822583,-0.0025587637426043447,-0.007689699225669061,0.02548976693187288,0.08462009263176909,0.046264791188616976,0.03239450305577641,0.024264461195083027,0.04661464362070149,0.07484440131994252,0.03987282178353769,-0.0008813882240296042,0.0578739478411658,0.03251864879601524,0.07417113365434352,0.0429709348593531,0.03897381172379763,0.011367284333554745,0.04323615541185552,0.0782872462692733,0.02896993744475284,0.03749669532629483,0.03143854512686864,-0.024676398188936112,0.02701578096350187,0.028721812502432935,0.012091142579526752,0.006998158162539313,0.07583935458300017,0.05597676100410669,0.05391611400330909,0.033656021456084685,0.04032439514964201,-0.028947980005471323,-0.007816789061788156,0.009745831675347885,0.08172907109612548,-0.0057619886910310475,0.05835250951905924,0.0005206486089458645,0.07748263980433569,0.08201913467185798,0.033457029294086074,0.0023362043638486887,0.06547417594009206,0.044735435072543475,0.05739045570563517,0.06257233981119774,0.0541312570554279,0.0498406552823613,0.03503917241301346,0.062184603504058786,0.054361671913949736,0.027985316821912715,0.02091009024693582,0.06242947465357662,0.08976439136402581,0.03336352429572979,0.00028644726840793,0.0647845951275453,0.04905014167818672,0.007493684984677923,0.019751973770175124,0.0565629265217243,0.05086710637654394,0.011771857534850327
1,0.03762867503068108,0.038921539547338686,0.04041583295907642,0.05408647760858035,0.05646355015722439,0.008092095778463163,0.015664510886657972,0.0036280708880791976,0.04750774365078498,0.02259710983837953,0.056540460127877716,0.04171240231249077,0.06092270943801245,0.005529935962805092,0.061057477708350696,0.05004848234037411,0.015926073943184682,0.04778775384803198,0.009032931594388179,0.08147662369843664,0.0506299979893508,0.06958777665397275,-0.00744227605555689,0.06290395902575022,0.03207816197169716,0.03151279216898837,0.02111820167076742,0.08019277996420995,0.003923192150945484,0.06254268860918434,0.042167163743713695,0.03351102750737052,0.06922001922936648,0.06258798127773978,0.09052291270745166,0.05449955558885477,-0.0031916608320939135,0.0678319206867991,0.06262715172691574,-0.006018826990005069,0.06924865644146627,0.08445327717748959,0.04553828735888716,0.0937953333427293,0.02810729830889805,-0.004484986591621283,0.04889569156551735,0.0932717448820643,0.03834389532177103,0.029745609182869403,0.07023690842648883,0.03798233802850782,0.016119304660465798,-0.02838174971777429,0.04296374407574539,0.04005278484907661,0.09308184182878476,0.03359633446448221,0.025000344760795663,0.06285986051818311,0.046706427536222214,0.04780343849976809,0.027095482363479577,0.023373334638828923,0.08744210990175698,0.04539260715938787,0.040976647365346244,0.0584058451842526,0.08795252683918356,0.05156145194738286,0.05924177370567103,0.03738999371474556,0.0250706604003815,0.05778542403018426,0.07274506800585429,0.06356900653475833,0.04648817793378763,0.037332796393386915,0.025715702034881653,0.036597178902917596,0.03436233961238447,-0.05207922234480827,0.03584946692859066,0.048138010395467404,0.02543859384162978,0.04340415080295763,0.060678447953976616,0.009515653210715541,0.040903950054263595,0.019059452474200256,0.0026038799466208476,0.019077814599313937,0.015318066865609242,0.036611824856004456,-0.01554899884830456,0.006614163014838387,0.03027594473750366,0.05379479078733798,0.03427951573500889,0.06239147340173819,0.05535497129304379,0.09225135027317231,0.0607346807636896,0.016813376533369288,0.030369094297683134,0.014996086406172476,0.010116602727222517,0.04462326861692104,0.05535318619695159,-0.006346441800663995,-0.01456310800597635,0.08260486859097821,0.03344473803770158,0.006044611176670871,0.03627920276123728,0.036449170489646666,0.058330683185927684,-0.004998374662903392,-0.012938757337895512,0.016674532282074078,0.08260057717463304,0.0683270334472009,0.04452515301811507,0.08155988219271526,0.002451504674189496,0.023492598157116434,0.03057255964180183,0.038793197731606686,0.04957258899442535,0.004717290137373015,0.060036827235990305,0.024662855509843297,0.03458352937034345,-0.007517491219857557,0.06825148887619195,0.007442109654505681,-0.012151099511909694,-0.008606651599564238,0.029070676779732785,0.06167694995907702,0.009537645042310406,0.03479021139976734,0.03583983367713781,0.06065465373292099,0.028585843121027098,0.059707012005979304,0.023636032749128674,0.018274944317524286,0.02051297241344206,-0.005646623156080929,0.05477561616443933
1,0.03853250751729901,0.032185799188621876,0.006058203295260557,0.0911114171591931,0.011063245548856168,0.028902225964989512,0.03852768304875788,0.024103423914990128,0.032873038627048455,0.019594597956660482,-0.006379441036761947,0.0892955474985681,0.053377692181315745,0.062354806087342646,0.05970957323285979,-0.00643108189339197,0.03546526420005588,0.0719708267370792,0.0434846527031716,0.040025319843591714,0.05365798839261096,0.011343541994750371,0.07584908180724786,0.045713064826997496,0.06060741907669591,-0.009668908450289324,0.014139679002613603,0.03218551738711263,0.06089418840518664,0.060697099620665856,0.013742214481114068,0.043295665381535405,0.07639331565553026,0.06574807406225294,0.0024745010249621613,0.01744577565530606,0.07117325501699139,0.0029781609583944824,0.013085530912904396,0.04726910127564713,0.01636833051325746,0.06414016063548385,0.014373273178504252,0.0409098843690262,0.0015943332465143262,0.08448914016800513,0.09182996745117467,0.0918424341075593,0.013618817047806361,0.02592031948663128,0.0959473860755295,0.05600081406100297,0.04328770665339832,0.07827863267594895,0.0692123466649309,0.025916732571368728,0.01639845484510799,0.0509904406517316,-0.03177668761737481,0.028090784490159046,0.09920212442191681,-0.010041097989844164,-0.00642742338573099,0.0071630242836822205,0.006571708599615887,0.06990442302220175,-0.00596030275074641,0.06296501748299062,0.07836929302104481,0.03675486530578947,0.03159449911906083,0.014764939140060718,0.06393692922475785,-0.04135246491254977,-0.00071440657237936,0.044724607155001705,0.020475322620897855,0.053708191832360766,0.08120408315227524,0.08354702960176463,0.01899955069533217,0.037349698437244803,0.03556093789725476,0.07161724283194366,0.026059508731910486,0.025421291460804747,0.08410315668249121,0.020021804547423753,0.03980091587480478,0.04169288146982661,0.03391333170757475,-0.03254263768752786,0.01992782857628139,0.050581014307857164,0.0559827368437218,0.025007114443013234,0.02411487791070842,0.08292866482859557,0.06502719561317993,0.02377605200297063,0.019073664217267163,0.044219827205373125,0.054658855994924205,0.018645272739002357,0.02623603900381019,0.06772020317054982,0.051892757945571896,0.028842789094108652,0.0682439475594723,0.07298659190487025,0.03546438418969142,0.014632297396912856,0.08952146765708795,0.0511896625006871,0.03899237034941563,0.09002255465053155,0.05667460638127636,-0.029685380011402328,0.022065078697748083,0.04322574997228325,-0.007351910477406111,0.02397226451656158,0.07702565847737651,0.032283495982090876,0.05775074589972251,0.040753664477499056,0.055439103797385154,0.03497998582589421,0.05214501133524107,0.04632714668594989,-0.01745897541865976,0.005885740262181707,-0.0025731861020352326,0.0021141415898773344,0.007127994464095323,0.027034899731362663,0.0738927438370228,0.008300772886528335,0.008785372677482962,0.006781972187558646,0.03406345815883778,0.0481089169183373,0.031751851138492826,0.08506389429204966,-0.007554196960427126,0.0799643151046779,0.04820580540476289,0.018260814701200424,0.07856681653320546,0.07235117681028812,0.08977003066872738
1,0.0381664961592254,0.07640214970101473,0.015051785954727743,0.07358222063762279,0.06616328973698886,0.06565329215641033,0.018636227436122702,0.03776104175832449,0.021915390057105567,0.044684372730214056,0.017208667472953274,0.07756445904185054,0.02512126199542806,0.04932271385671198,-0.008584912334248768,0.01692552830467768,0.07170989469398512,0.0499606409758152,0.07477662815334869,0.009071346143837717,0.06264530067140014,-0.0002442013514614566,0.046852836499525666,0.05947704712626177,0.05935778970657003,0.012563982209044904,0.04235496977101592,0.06466444313282434,0.06700446235211326,0.03286000920422862,0.05023008417966911,0.07206450099942312,0.0423924452270893,0.013450404250724059,-0.012273127230559212,0.04390783517771889,0.08223771223179002,-0.010425181769045028,0.04248073527235553,0.04282291984800066,0.0018532129198214134,0.07621175520038738,-0.0037859286674483614,0.005300626312594127,0.013189538900276444,0.0596155420941541,0.0297307290486907,-0.005682643915377504,0.026598316780547818,0.06759775424271633,0.0259724957254613,0.05737891894264354,0.08234576320877889,0.06094193477734963,-0.009836421242318545,0.004910465678485097,0.052978043466100105,0.053834693210594135,0.03638629803327385,0.03759119212125779,0.04297055156212122,0.03178083739921423,0.09604365767379557,0.03478269071273252,0.07067093458285505,0.006183575596390677,0.04094185734235967,0.046990939111989205,0.05931012471175541,0.057003580815686156,-0.004345528757020524,0.07251807982095032,0.05514606923245843,0.05910846605050807,0.0651219530423545,0.03448976560857345,0.05594291106456985,0.02629197915948709,0.05591409809571303,0.0008985817925956652,0.055020246627416725,0.06698237623038124,0.008485362598986003,0.02488114179476216,0.0486092199449556,0.06041629340699976,0.041075121101070526,0.08342699841790091,-0.014013244656051152,0.024750242877878026,-0.030017073817983693,-0.0003100871594467827,0.057472727847057356,-0.0369159006568282,0.05246159598500594,0.009258458309849348,0.06298422253472463,0.0537660800427821,0.021891348403036026,0.01963615290942693,0.0842624883187173,0.03471321906587502,-0.010982222207644353,0.03816324962240277,0.001111598283601474,0.06690663500066807,0.02772389898148272,0.024775977955670957,-0.01726287981566449,0.0690772070218278,0.0522127514008949,0.05086650080448259,-0.004327031021572329,0.04981111648396789,0.003813482482598267,0.07141441370120188,0.013094431581427087,0.01853549592431694,0.07277131916535554,0.05276043633802552,0.06731643084125842,0.03405059465786581,0.029019655072818985,0.07172915556122915,0.04096877906512034,-0.0051894859237813715,0.07649827865814883,0.056377427837464106,0.01884914216991796,0.021773719228573723,0.059276069791805844,0.003019960106486419,0.041897445966603955,0.04676543464180832,0.06762165400521006,0.029239754850085172,0.023403903315728208,0.06770613994527883,0.04241477086173251,0.06139149288121841,0.05457045724982173,0.011140361049954254,0.03151899887104512,0.023129956878772066,0.02570440698644824,0.04294759596586624,0.05556190328324277,-0.0072060595419670345,0.03506082099042426,0.05689365504633122,0.03397025430107953
1,0.035707386743173884,0.03673620861740962,0.026648690241528487,0.0383785971941455,0.021661179504788446,0.016459413177375357,0.09709361433639595,0.012971942465440357,0.08252782647383206,0.006387670641356001,0.04773544367421054,0.08895514723600764,-0.009667983954336448,0.056060082031962506,0.04697912315718727,0.0548931158503909,-0.01291751116496772,-0.020678288727924383,0.00324114442936798,0.018304608310089447,0.06085864672361613,0.008161200043810608,0.043095814403617004,0.059381176367183305,0.022686450181054037,0.005467268295127385,-0.020272856851586515,0.016196204157288768,0.0666453493773737,0.0010126874680274761,0.047963270870436246,0.004703729453641899,-0.018598971866708724,0.04805564599931387,0.04347883204968131,0.03918453463319174,0.034880615518702224,0.0032758518525697264,0.0684271978115094,0.017400832490981025,0.05022905224452712,0.015174711052146954,0.011183009995278843,0.042439437436255494,0.0365042592387528,0.023285956992015536,-0.0014363365071188433,0.0021346013854370988,0.0636472061819415,0.05316404119156703,0.05670348463837429,0.08438051322093693,0.03476008183962817,0.08286919162466298,0.05221388262951782,0.04003632115025956,0.09630782567898113,0.032057801631443644,0.02071339261625253,0.017062529293716825,0.011814314561418553,0.05039329026092903,0.03331321784765903,0.02482023976277311,0.017601108487915434,0.06501744822336501,0.032547876089467784,0.00402210573034497,0.01972771832278146,0.0704561645905279,0.03357060263641639,0.0646193448099494,0.006535564062455375,0.01628574114171666,-0.03644814749267585,-0.001874467859303404,0.058476310026297974,0.05520368845944748,-0.004877832509065691,0.06327126984430749,0.0022383997244301845,0.028658080505050892,0.03271510113209863,0.03319881989016061,0.030390321196662413,0.04633788059644412,0.022612260517777188,0.033615622192109354,0.05981636577480903,0.051204405483046056,-0.02171957716746352,0.0389194996307045,0.06444360335835969,0.043756677261670894,0.04662576675787831,0.05053742547018901,0.032283102273722795,0.04885275162884838,0.009491173257596401,0.05176354095844442,0.06019820079807667,0.04046572543391599,0.03642629700588549,-0.0017143247861005975,0.028844736451469438,0.02258454773660523,0.039441802208786375,0.0672380450327658,0.0907433067994801,0.005617827207837732,0.06122190792404088,0.05806262993499138,0.049603102241085856,0.014526028606291586,0.06864973403901675,0.02168654505043548,0.03739941365657298,0.004498823757971136,0.06902170749484857,0.015706553432679266,0.08164025219579757,0.004932594533424539,0.08943412793318142,0.04174629926088949,0.022505399419779967,0.07140865848153742,-0.005828293088254374,0.05037519873969543,0.060417846086923827,0.041887261178111035,0.055059721081508584,0.06540374126629937,0.0866797824876845,0.01399496320602324,0.0011948603745267003,0.028158352230647273,0.06014540647120817,0.000746291475962918,0.057868595880196314,0.02021505156217718,0.03511981448300988,0.01092775157402915,0.08303672264221627,0.05861887760145107,0.001688136153435403,0.02217949817123056,0.02347160061415666,0.04373742581597984,0.05901602788916867,0.08160478063116336,0.031077411649331112
1,0.035071022935098575,0.09048407619828353,0.008872631262382153,0.04674445496187422,0.05448445235445522,0.04836161397959827,0.07107597870055025,0.043189026267174635,0.0447801916029581,0.01569346553627654,0.05128116794482834,0.02557397002590514,0.0678706106010547,0.06349701821728874,0.05554538769296899,0.02260388153289778,0.03429606624707849,0.03695902012590087,0.05709622709564362,0.05136072001217856,0.06383610664586341,0.06809215792809621,0.013358879635871165,-0.019504006003891912,0.01427201975824248,0.004261026758351119,-0.007822141867089752,0.0488990149807607,-0.00197006251622419,0.02693250684881997,0.027064390832079656,-0.004273690859128848,0.05476454101201125,0.0763700963279292,0.021719443180908012,0.02741150423265817,0.04023115545695405,0.0011356938843320938,0.05626502804855379,0.0810505580387405,0.04450837721159657,-0.029871202525887673,0.07329875341219777,-0.02459948460986209,-0.008809284494965076,-0.004251232891643468,0.018081248014532387,0.052325239481025264,0.0907490287222446,0.010197090131281835,0.018025340793392595,0.0750748875189115,0.05302726972988894,-0.008097126338669158,0.02513292718145725,0.03694144520027507,0.028999323323666688,0.07042593254197607,0.010721047970614867,0.06321804474365644,0.046611366081876604,0.046920208768030734,0.026892452668007806,0.028142842513226803,0.025230547808829842,0.01009705884024567,0.029461804855412783,-0.0074737211806976955,-0.007710634832469421,0.04828464936531468,0.08102388519254951,0.027728052901814418,0.05662674389206196,0.00767503815380665,0.07234309746894471,0.07019944484836516,0.024113877554165962,0.05893204418137561,0.0068071463777609545,0.07156005542681439,0.017509028933094303,-0.010861218134290682,0.06447555557960286,0.05994046910368346,0.08461009417572923,-0.01871545388881285,0.046288887777883383,0.07105920653247325,0.03693025770227303,0.0252434454471608,0.07592967785526597,0.023461481429251436,0.03790009828671189,0.06878146656712507,-0.01381782571923719,0.026097166520697615,0.0518548105571638,0.011848601416117398,0.04207298263854009,0.02652190275489981,0.0366724293156053,0.08368080738518058,0.06420239798746213,0.049006288103441646,0.06105495368780922,0.011024592025724318,0.004652899393533853,0.039609782695198464,0.04425744895883449,0.02079999760784129,0.017189209203327168,0.036592066299082404,0.006353792319865166,0.06323335878470021,-0.002582659713044229,0.060769753395503556,0.0019493396717562839,0.016862612640205745,0.08240997823945093,-0.010448706071760308,0.03302977178756828,0.0039027202686215956,0.08260908435974883,-0.034314075312958346,0.08363677053724895,0.0042551822094039,0.0033674059545612464,2.299375774401924e-06,0.09285496937942378,0.031236016110734094,0.07833003563711075,0.026277243767965634,0.03619072162554556,0.025176541151699587,0.03126063701441038,0.026413223714383698,0.00755198566808056,0.06044695536898371,0.022028915570527385,0.03471993333302492,0.07633011900883893,0.06737970572151653,0.042140395353064235,0.03986864195985052,0.005814109932322377,0.05104803236861741,0.00603583209828483,0.03036567770883363,0.00816527767589198,0.020687665961352013,0.04899289880504128
1,0.03840230392168423,0.013682340282735777,0.042502488004229455,0.023228720820068254,0.02443573472175376,0.013332337686751052,0.09564152581119698,0.08798554644658083,-0.0004158269301879902,0.005436809101800187,0.0201753416901652,0.03589808693615055,0.06662464540884444,0.013415357686925006,0.028992920665545867,0.009556854032418134,0.024025334385528924,0.07302834818909601,0.08789992112970132,0.04852494359980146,0.04423618901873678,0.027073679185267444,0.02986661894497138,0.04565232459882331,0.029316179700114405,0.04659175156331085,-0.012240432113245069,0.08494202335199327,0.06660614209902965,0.031891615929716385,0.03492735072464778,0.026297573715312883,0.02656648973042163,0.029296191961097336,0.02958997079139414,0.06213521819650704,0.015095103187352337,0.029217474046056072,0.011316057450107171,0.009724199098131867,0.02422045482208989,0.055834463813736745,0.02368752533742828,0.029107893122761144,0.04067960188417466,-0.0023616574421472317,0.059685113849287215,0.05992953832808998,-0.01030264488408221,0.035705622497615136,0.044691372453967794,0.01954925992462456,0.06781609849924299,0.06766419114176433,0.07325405033008409,0.04037842940730969,0.06567256781900677,0.06407527331029048,0.04719953352455009,0.009779555094766645,0.06859258017217773,0.09730790578321577,0.021129948070031664,0.02595972541971668,0.08036280426048943,0.03797225376841461,0.09476177046061214,-0.011412664092592333,0.05756511930354792,0.09720444358830788,0.04063365003616046,0.023515387955457188,-0.000542127684606819,0.02974565793890282,0.02820739618408698,0.05664492391397939,0.045842321574668145,0.015891966832200347,0.005929837584639677,0.02149343881655838,0.08930157520557461,0.02914273246827768,0.027218692448963234,0.04280407890735276,0.05367035410732792,0.04794456515627129,0.04844346613032366,0.03549819204724758,0.03857759534902754,0.0683972309182008,0.0673679021789996,0.037744496430797914,0.027890526395331298,0.07231875352521108,0.021234326268646818,0.04885978650789414,0.03114291011864048,0.0353553447134596,-0.0048715974795607575,-0.012845570621020957,0.05922996359204887,0.04463156000245635,0.07742259821505255,0.07624973217576095,-0.0039297327918838415,0.0904356373846694,0.05673032757397399,0.04192827037024871,0.01160964269755772,0.017380279909000637,0.02041257252541965,0.037957760729917855,0.05250413666498437,0.04507914591431806,0.06650483875113475,0.03677315991680564,0.056471271303386666,0.07251392027275377,0.04898517138110497,-0.004369558893259656,0.05908982421576141,0.03737432486816844,-0.010002053301471601,0.06007313406872454,0.009604372232505032,0.006441335070741072,0.02441325563567647,0.08860135353300627,-0.013285781388342036,0.049111781620872264,0.05550873701808835,0.0937538842940712,0.0327361239901055,0.048549954041716435,-0.0007179037762608392,0.025696998401394985,0.0022651676196814782,0.026144223185043898,-0.007043820440847386,0.05119421731456699,-0.04236126243927455,0.04033829910272129,0.09128993285037407,0.08556355911777706,0.02546951228973976,0.04916512767407115,0.019294309949394253,0.0400032749167365,0.04114512644886023,0.021650055531478335,0.004416732565755158
1,0.03802532514547036,0.0347258960139116,0.04939599000563435,0.03249825425706008,0.024935009072470496,0.0470628609599038,0.057091141563654704,0.054286772828687324,0.017180434916520906,0.0421068575004957,0.06730639855852985,0.017610133171376743,-0.011873258604871852,0.027929961716850478,0.054082140778275375,0.07320463576370284,0.055250388394938454,0.017287664742123197,0.03249144324071102,0.06037582716228247,-0.0037881809967056784,0.0942395327357053,0.05884759604510684,0.017704394531097418,0.06929369716452524,0.034659318852502854,0.058901922556790706,0.03859947115033349,-0.0054381665197277135,-0.04333290894344557,0.08883468443217718,0.0687230673732101,0.04174314436662551,0.07312017374751476,0.04934965135461972,0.004977816885335655,0.049792880759269964,0.03745823433435313,0.012602405734147542,0.017601045943408063,0.05761087027744299,0.07416943072637258,0.0015736298209917399,0.06971233221464228,0.03595365103958739,0.016396818712337755,0.04512136221408918,0.07895410960499935,0.04990165387554106,0.018926998153993818,0.0967551099145836,0.037394804925945116,0.019154849095557314,0.03826237123078299,0.047191503012988224,0.008827113256468021,0.025122765268340327,0.05432378266202902,0.08706454482349091,0.044880148074297084,0.048657205141028864,0.016033901422446758,0.004893735133915993,0.043837868829732334,0.03505279692745889,-0.027199139909722773,0.09381275263641048,0.040280190817898014,0.024535586562975165,0.02428455956564417,0.08150328837686573,0.06990012950018498,0.027822896345387538,0.04078837469517718,0.07353023359364141,-0.0012025685892235738,0.0009585310037265107,0.04854759926646073,-0.010859005915369896,0.021885721560090915,-0.0016855358938442713,0.039594755077713595,0.0213251922432225,0.005084788326731413,0.020534870738959835,-0.018652718989202302,0.01488682168022101,0.07631317855536504,0.032415690174832756,0.00951650219787925,0.014080234638353388,0.08438538565442213,0.0011369497439064694,0.04077281261242051,0.06251074146372781,0.08067246893909219,0.0390321630608146,0.036729925715625354,0.02174315078716745,0.032636785959301556,0.07926519154167758,0.05368644130567755,0.04160158816715543,0.016952081015130065,0.07724160153235693,-0.024801049778016455,0.07070735910747664,0.033438562721286126,0.07521754623177265,0.007878718801130266,-0.014729421325775718,0.018257873820213634,0.023793118966563304,0.060465549592844114,0.05587296215095128,0.0068703399939661555,0.018195160639938705,0.05164442045907419,0.04230710052612668,-0.003365407926443846,0.05955588622510591,0.046237681142500965,0.053059602965110766,0.017189845137516507,0.0831705449699856,0.05961768605692396,0.04034164558443111,0.041541703767843476,0.04658390629630131,0.03207986531365156,0.07708396707951275,0.03903251869493788,0.04172758530890421,0.06756582446646275,0.030974454152526535,0.04550295448169202,0.014682045422476309,0.027549535497057336,0.05863076484087504,0.05053460664439663,0.049528958118834954,-0.020265615273906426,0.010316625052134421,0.055117493409171395,0.023588418355384614,0.043484811343038415,0.06291324992826638,0.034432260221790335,0.0467697294802246,0.07355495433588877,0.006960523153384766
1,0.04097733233780681,0.04048333906946994,0.07432718815760792,0.043911663306535786,0.06516185940042615,0.04657922790358803,0.03203093160760034,0.05030079474831341,0.017834245563329586,0.06058121305849852,0.06103487657149197,-0.005201632127464349,0.08304640290759405,0.024161734240888806,0.012068674133019628,0.0405827094294615,0.07979617898775065,0.01953966093585203,0.051206805227802056,0.06487862429203524,-0.0034104463680034655,0.04293442971564116,0.04811586795652313,0.04965235330574012,0.05041699725186542,0.05892550830402489,0.0381423704207732,0.0503058104765905,0.05907902054545018,0.06175301687458424,0.0564568840216313,0.028909089541380554,0.047966791754301324,0.08282726889525263,0.022539046054097817,0.045707024233924094,-0.019836349215409235,0.03349119313658647,-0.023256044742995273,-0.012440952522852503,0.02316822718148428,0.00806604054221309,0.06736876093297353,0.049279904602959744,0.04462949647364951,0.022872650129700314,0.04685381799629289,0.04333906231851356,-0.019718027727092198,0.06458530047662421,0.010105069445271082,0.03169973098099072,0.021302706797292646,0.027042473335585376,0.02641142077015432,0.043928170366081265,0.05051444040614793,0.07330433745120976,0.01747724616514801,0.06463518965709798,0.0856974209401912,0.06174501812227036,0.0935026405775507,0.046645414137991364,0.039093830428836865,0.07966853509404317,0.0046960709012552684,0.06721068096371605,0.05432676317319926,0.07686253282463396,0.037427378639368174,0.04225671260132911,0.029439230830899246,0.0769024771895358,0.03873316407683939,0.0284128559743613,0.021017941589321288,0.06237849811906314,0.016217236057179552,0.04339871618129922,-0.0035201228593229536,0.02846746174876872,0.060151302274679894,0.04685713450781202,0.03270366155066797,0.03731003867443318,0.048026999887166424,0.04415823277842398,0.03724901472883725,0.05252943108632276,0.04115117384537987,0.058161530496218805,0.06501928636795895,0.04830955184417969,0.04332140351248724,0.04096101264431309,0.023064411870924024,0.015407677375769223,0.04473775251373942,0.021905800481107057,0.01861978836291912,0.08873878731857918,0.05640113952255363,0.03887374772994589,0.08716270084803454,-0.01619729724689175,0.06488686151975803,-0.00747650842049518,0.06724951584300765,0.02931502241695264,0.026099882872827232,0.08730761399793908,0.015336101668885369,0.05531166145979127,0.03946837755187314,0.027418716709149568,0.02210322530107203,0.061216935378344266,0.06767416769350132,0.02537018836195022,0.06444496142836026,0.035091956305127965,0.06164622696030126,0.05666028492727347,0.012313752248549269,0.030567417982806946,-0.00013451326584815876,0.00034746941307266244,0.06083459104343192,0.05385159310214724,0.039235607869113745,0.018621628396406267,0.040357461811420754,0.0007996893017500895,0.05997601827569718,0.0336187747898107,0.03355139000360304,0.0012002861592442446,0.012491845701492397,0.07392649798579373,0.012367627044537147,0.06890015007336212,0.006563084792544992,0.08573133866971273,0.06749053067182847,0.08473736826741446,0.05872886830035879,0.07051067696697987,0.04932269491655783,0.005518681807055913,0.0033699907234596774
