group,mean_r,sample_1,sample_2,sample_3,sample_4,sample_5,sample_6,sample_7,sample_8,sample_9,sample_10,sample_11,sample_12,sample_13,sample_14,sample_15,sample_16,sample_17,sample_18,sample_19,sample_20,sample_21,sample_22,sample_23,sample_24,sample_25,sample_26,sample_27,sample_28,sample_29,sample_30,sample_31,sample_32,sample_33,sample_34,sample_35,sample_36,sample_37,sample_38,sample_39,sample_40,sample_41,sample_42,sample_43,sample_44,sample_45,sample_46,sample_47,sample_48,sample_49,sample_50,sample_51,sample_52,sample_53,sample_54,sample_55,sample_56,sample_57,sample_58,sample_59,sample_60,sample_61,sample_62,sample_63,sample_64,sample_65,sample_66,sample_67,sample_68,sample_69,sample_70,sample_71,sample_72,sample_73,sample_74,sample_75,sample_76,sample_77,sample_78,sample_79,sample_80,sample_81,sample_82,sample_83,sample_84,sample_85,sample_86,sample_87,sample_88,sample_89,sample_90,sample_91,sample_92,sample_93,sample_94,sample_95,sample_96,sample_97,sample_98,sample_99,sample_100
0,0.028990923173325907,0.03401537402865931,0.02588552771483483,0.01595453392140223,0.026225633409375376,0.038016804478465595,0.025649472422009843,0.032903134760834944,0.02504649528778021,0.010907883800019915,0.027847000237188512,0.032100986695963056,0.03434350270259282,0.022630820523241474,0.0305504759435781,0.033357892774763934,0.03970156149907815,0.018556730540568278,0.03738383934540941,0.013251044111668522,0.04267153596666251,0.043365374293117834,-0.002177927300762751,0.018425180751146283,0.01558029844738029,0.03530280914916427,0.035536880920128154,0.02319906683326843,0.015363319453063922,0.045214767327300814,0.02988543415047785,0.028158084088751187,0.02725071878988855,0.003982452569394938,0.031010665580884646,0.03661502901813988,0.021704100689760357,0.01826875028890275,0.008874126785550846,0.0310656647622193,0.04016694949754106,0.030757469223100062,0.025364752861906422,0.039238991429820465,0.037056095494364345,0.027547666452851546,0.038977090093980926,0.03357860623829563,0.038710607269310776,0.033004801267694756,0.019533993803590586,0.01322386946835482,0.02478708964591726,0.011423673196265607,0.04171173172326412,0.019848286163905333,0.03420714066662387,0.034211643277716496,0.043429446806090614,0.025304516116171193,0.026859823645198646,0.02732685192561266,0.03430450953355365,0.038036299407744195,0.022033832581934996,0.021469063483122074,0.01468394911008136,0.03216654057808693,0.012800713540017227,0.03223961015500863,0.021986756301680142,0.01234798476620461,0.014801989410345334,0.039965705351140815,0.040616632665039044,0.03428622730910947,0.027909575750750135,0.043705403845092375,0.043733723532303335,0.03066660328297784,0.019306800536161586,0.03757757624057278,0.034395090281460136,0.0409721290983258,0.0346646480021511,0.012726091163961801,0.029992645413309506,0.03942863951815853,0.04491151087900132,0.012676539519495232,0.04141881388504972,0.04061588741178407,0.04727228025210663,0.03727594639799996,0.05744795374031835,0.03907210255918484,0.01886135046959389,0.03593108893701733,0.017181311096897644,0.02507860631940821,0.014634041976988551
0,0.02838925328240671,0.03519258165800434,0.023052722867475707,0.016235149891267245,0.016565985684764882,0.027125346725159344,0.02053431830398589,0.018301335564170906,0.03459314844924576,0.026745534242071763,0.01471067371871728,0.030263987569974376,0.028704781160898928,0.033822254343458584,0.015401636012359997,0.02944562606213355,0.0339913018805524,0.03313163191482139,0.0011042122513075792,0.027561824531320403,0.0305898906873603,0.030698507062025822,0.030720457480933067,0.02356008702742443,0.03110837356475779,0.024992415613340195,0.024987659639533828,0.007969734078927562,0.03164385512207187,0.03666839098497611,0.02377503836284223,0.045474823915930315,0.030589538183635925,0.01209512165663126,0.0356562249943264,0.021257339537054484,0.020064730831943253,0.04045129148372471,0.02860132949757515,0.01542606328925406,0.03875479930445018,0.02342347125188329,0.03350923049900802,0.037124897371840375,0.0344180945805195,0.036285861540421904,0.02704938943350802,0.0595937896108545,0.02528159695800165,0.03653442136112781,0.03166084099577464,0.04004066267478937,0.027846167912516297,0.03636359945603837,0.027184397758780433,0.022924736192731787,0.03022961579544019,0.02698518693379232,0.04089945590687314,0.03812811415072848,0.02504997797523131,0.02841852611792722,0.05046348849189074,0.03168532131432818,0.02325643669356029,0.01952741773867603,0.022039559671844948,0.03236718683776939,0.04066173566541424,0.03797118700824667,0.03361381353554061,0.03613025027237731,0.025819317671242275,0.027221264893579716,0.03011579506435772,0.043332379098996746,0.03648708824590591,0.01915387608285219,0.036396874109563576,0.023928522192705096,0.027041873250280478,0.028526577565483317,0.02521161736582226,0.02235448919770984,0.04625551295893353,0.007737597961903955,0.020152194662978185,0.018234579073685156,0.008500928666456752,0.02013936517259841,0.036781074879687,0.013597465862603027,0.024653108527467563,0.03414559438623405,0.017356217101145745,0.0319290033029758,0.05529726579391111,0.03680118734125614,0.023133099363835147,0.01418117653569008,0.016202125052963624
0,0.031216549074317704,0.018223750471243708,0.027077874341189818,0.038508257324358815,0.03542894431038631,0.012141569331736001,0.04850247794800716,0.048384835220497656,0.0375014552448599,0.019385466226657815,0.029029807636725826,0.013235729244144987,0.044037427615174846,0.018708918314729518,9.204657568285049e-05,0.0316529762387194,0.02886473184125608,0.03308580711845237,0.03256480794095917,0.029373975238496747,0.03297716476180165,0.02556423038272109,0.010764347384284379,0.01835156061289024,0.01576975705056863,0.026997740212034296,0.01858066513474567,0.013003798078120889,0.039434088122478346,0.02310856507973375,0.03453946425544137,0.025342698834045937,0.04583640218278819,0.016396213369979578,0.036049204529162146,0.03694677816344928,0.020337949054711868,0.03854685502329187,0.03834222000658172,0.022974394313083794,0.032319717635789474,0.018646608382393043,0.04991338499755875,0.04530522952477558,0.042557807415125416,0.024390593888089347,0.02506557000443558,0.029494984225853546,0.04546843307999539,0.0212585499368187,0.0368719209653521,0.02813277868366941,0.03609972944772733,0.030846574457184205,0.031166655870954206,0.02707446555027747,0.011927435698837273,0.05142792552306678,0.038858698054804984,0.02800102230419902,0.011755202792568736,0.04272257398337636,0.030485841048415188,0.012463949287940167,0.03133462412857423,0.04017606206425982,0.04287695651381005,0.03154965257663976,0.028400800378087704,0.04444088145945291,0.018999147880139358,0.03133188319410413,0.041812942307051085,0.041807291803067075,0.019886122788944062,0.036298753230610964,0.06369777112774538,0.034178571999846384,0.03440792278867075,0.036074056987263785,0.029144236573973307,0.04287058645422691,0.044881337227857934,0.03816660565041076,0.03453913424336959,0.045594398119158386,0.03658465785332348,0.02669927216681344,0.022216792095005263,0.02648435668964718,0.04682891788592594,0.008187563929456753,0.03642606872028516,0.03535107805075336,0.03300165966339076,0.023629754236035343,0.023982840273872645,0.043429553858606404,0.045189238884355054,0.03621758514957056,0.02703522098306297
0,0.029989729714652226,0.022622871187543712,0.04095365262569596,0.038107604855538935,0.04015714495036403,0.02255336352415749,0.024561430269795518,0.042931483759023385,0.0423580126065212,0.03366386029635497,0.029648146992339825,0.03418900180208587,0.032733270063139606,0.024566558529274498,0.02544068822575783,0.030373785865376878,0.01408146941617507,0.026437701772339645,0.03507760210023804,0.011887127533215653,0.031551049136410894,0.023963327887926142,0.023245788373210115,0.006958291044130666,0.04026076830331501,0.019899793508192452,0.02161812085513773,0.02359651658589065,0.039081149461484985,0.04141664342518481,0.023344538705522427,0.04572598327747611,0.029803347960507636,0.04251128140487931,0.03815718343530197,0.009379147307530394,0.031663469067483324,0.020886764188192953,0.024838756555892967,0.0341815592627778,0.03189004358024604,0.0190618936438442,0.032974121800238655,0.02853586055549031,0.042550229571682405,0.03224388863587948,0.025726592193413923,0.03408581776575554,0.035737995575394886,0.02211897927415208,0.04399371783887653,0.024534111074913746,0.0437078062613542,0.017776868156241438,0.022065250169606216,0.017925660945623235,0.019625181345964447,0.03525797115810013,0.04628188075080346,0.03444534889343538,0.029219049639640324,0.03293310522459015,0.01630807087397035,0.03251998656503649,0.033174303432152705,0.04827620695338056,0.039467634055966566,0.033681832649413,0.014331103065591468,0.059120094388003114,0.02635797954525364,0.006188778870786362,0.028071851187143,0.0180713758224076,0.02945741996808344,0.017430553656592393,0.01967980453341876,0.024478602746175287,0.006144285107760512,0.026207790185702,0.049246926526645016,0.030540863099758724,0.044061351974880016,0.03520483594021661,0.03325363684362396,0.019350487579872233,0.03611354886254151,0.035834126431700156,0.01575874183558526,0.01573662385012364,0.03894171960390413,0.048636254080586416,0.02956851813616008,0.021898257997214378,0.05795391305481734,0.0439205146012084,0.028420020804304183,0.02522558057910931,0.030514286189966374,0.02218083474847151,0.040524624941062716
0,0.029283954258854213,0.025252557282938376,0.016520335153561834,0.03638919781097327,0.029681729325569558,0.011592719299671001,0.04403539052945778,0.02194814797613017,0.013370859649177096,0.028760740651772282,0.036356105531952704,0.007319737504916345,0.016445588238035165,0.03677648857171479,0.03798407607241844,0.002997818196214655,0.035413059409483826,0.03873748880549673,0.021110290998823864,0.026160889661361424,0.02714618940552419,0.03924402190599498,0.02469064946930135,0.04553260911719628,0.05215645352948618,0.03356480978880194,0.029437732038390563,0.024970535189097285,0.02800122334068497,0.01683149089216582,0.03517603128858744,0.026738738055918542,0.039296512690846774,0.027664619557292235,0.04342647715497772,0.03085989502198633,0.039627386080288506,0.045880889313503384,0.027971391116865914,0.04878901167264291,0.03313004761931903,0.02992910633895532,0.028592960883771987,0.020635205849612925,0.023122866776319414,0.04635210570142999,0.04358590495927285,0.036826218103873286,0.02132980897014712,0.04073059199106774,0.03275079111850732,0.02491351836217131,0.022336606865796346,0.02530337193165091,0.03858603572018946,0.028113441314513744,0.03048460343779307,0.017295723914987862,0.02852310685015516,0.043391631122330306,0.04000433372933143,0.018498005429092503,0.03345504120189449,0.04835477072524653,0.02985714194745992,0.02139741329894112,0.025533336592998314,0.025648871015972147,0.024606760236098583,0.03168995388623281,0.03577114998954701,0.01758144255071304,0.020122367893789496,0.03817386863043357,0.02572162090581897,0.019588041772069357,0.032720791600344114,0.019437151260514523,0.003987101791054576,0.023038028408507265,0.03129655301236511,0.034275145061977486,0.03464758859686935,0.021180399591817528,0.017816741311534948,0.045061919247463306,0.02939981993705573,0.030170308636595474,0.03234560387732656,0.011368640145320387,0.022602637878443806,0.02549910191176627,0.030136450337208288,0.036185897672721755,0.027604670395776302,0.025295592170959807,0.025863807780581408,0.024575694600798247,0.03240274787557451,0.026482226871018262,0.039203150975098966
0,0.029652450256613748,0.029029727572022955,0.04134698613776518,0.042400891213226696,0.03985511575272146,0.03294811124110929,0.039577134321481425,0.02542620956057496,0.04604078984157088,0.016247486283783925,0.04128485576959077,0.034752316245512616,0.036030155668398144,0.04676476791085847,0.01669256335390354,0.015036838182268895,0.033823294383148655,0.03606650287625614,0.020054932679503923,0.032070170294674814,0.029261140549227408,0.030736172594081162,0.027743742497766496,0.0155731536261794,0.03406584082821064,0.01975946516562603,0.04465366370511796,0.018686004350698487,0.027220953243949166,0.02837085691853777,0.04416940964581827,0.026690685293517542,0.02713646006914868,0.037687739159232084,0.028187134418790033,0.04391268812759703,0.045751607496008526,0.027238838052775875,0.011450292366412457,0.023933829876059718,0.028880672646790215,0.04119109708905851,0.025254555688430158,0.03583393432632486,0.019654197645680656,0.021005833714127176,0.01882643093528214,0.01565283937793374,0.034047909706926824,0.029693789809005038,0.03035502313145657,0.033697405756884846,0.020694417147424385,0.020040846455749585,0.03669604081363337,0.050323987165074545,0.013843838714921414,0.04061869786547147,0.012453890438848696,0.038458741365181306,0.030414339745266156,0.01716458088550686,0.029258156071566663,0.027648395503653937,0.029359887682322994,0.03050453110034481,0.04423677434084592,0.030997072544764814,0.030583659670898142,0.03333113274053324,0.042972111673770984,0.03448874679351161,0.03131260683198247,0.025036825296975467,0.021894089885496328,0.036447247248402044,0.00529967143683709,0.02759227543883165,0.026119394838028297,0.024212141243823104,0.04488610246175205,0.019057929258945498,0.03952223851443035,0.02963034909914081,0.022283025214424178,0.033868141901121286,0.014516833581313168,0.03246550797923267,0.028312240263179547,0.010925048359243971,0.020377490001102443,0.025794843562801994,0.01749134557213076,0.03444878509636134,0.027923414702741435,0.03904142231074799,0.02476136752606454,0.04260255673240788,0.031139370213719472,0.024063213643360393,0.03835748162645764
0,0.03133990574151263,0.017983378782672452,0.03814362807445387,0.030265076580361667,0.015675249947464824,0.037442852452976495,0.03888755000130872,0.035380372507740246,0.01747206293112379,0.05041169374108617,0.013779058134666781,0.03077428072858939,0.03391910082522787,0.03272797812988772,0.03711652470792505,0.026494858789141342,0.017383684345486032,0.03236736987878477,0.03153728402212512,0.03105375291772309,0.03829058177091465,0.03021282649603344,0.02175411287935046,0.030572815133216125,0.040070156477733786,0.023031347385449517,0.0431809165209813,0.03093765013851793,0.03197622113690332,0.02221561713570012,0.05489326857159493,0.045269081183380015,0.06475242969683215,0.013996910591848388,0.028524518820741255,0.030190813350294124,0.027845189228879054,0.031477354723227484,0.02998313510901852,0.03526654026349336,0.04206055220014654,0.010259846066719442,0.046728328950291026,0.019339378734342078,0.022234279143352367,0.031150450798370824,0.015168963659841023,0.023857127050392973,0.03863842564256756,0.033442017452964344,0.03049185346318763,0.04353073794305919,0.03211797154505621,0.021644675918597457,0.030363821289887113,0.05036790840361842,0.036205090386077575,0.032307256820577966,0.039681810670305115,0.03434032544806998,0.039820393127523404,0.03946034518718601,0.03687879271648119,0.029799353992834465,0.04518087826809421,0.03561149961343643,0.01867767123511132,0.03666339101762774,0.020830606940125472,0.03168726537275416,0.029987429076290286,0.030435678810724752,0.02737205553307792,0.04883994376784902,0.02047138509414447,0.023961632833144276,0.02808803150988159,0.031462027511813866,0.03932847357026241,0.008496060166250766,0.030879784401291615,0.041350761975924334,0.012249471730208083,0.023505726844259816,0.024668730547676054,0.03428791453189238,0.03215315045065705,0.03583989109839539,0.041141549366613975,0.02670064254738287,0.02921058055769433,0.027094242667598568,0.019793844517421375,0.02413787852951352,0.016627733217596884,0.03564788826658792,0.03576771600907599,0.05757067768492781,0.019312969375500456,0.03990794527915829,0.025900493506992365
0,0.031115460196707113,0.03718925123678437,0.030106333149855523,0.033692322632291126,0.03551200728209372,0.0478583738058625,0.02476160600560094,0.020685269833470223,0.02265656006739032,0.03831666618239697,0.04453144409888121,0.037166120552965046,0.011873201351162876,0.018469314140498166,0.05362196941496809,0.04155765009811023,0.03446941489998318,0.02103602072669051,0.04744671065233526,0.032303735001722865,0.022196111770756234,0.03188936199509414,0.03404530167794013,0.02796236874768386,0.04531267209845412,0.029701414186684368,0.025244652947260273,0.015454715368166859,0.027213634881128823,0.0423064213804431,0.03472757999251054,0.03377184936460286,0.025704260588303142,0.014992361074556058,0.03927074999488917,0.032927966931390835,0.022599963450661648,0.03996413144760751,0.038195525157614534,0.022280190330603033,0.03002679597532295,0.04130064825222569,0.020980498164177505,0.012942112014823582,0.03338150712405171,0.03348769654076124,0.014385210350446221,0.024772056877722656,0.03280107978306126,0.01994413439023226,0.020823685403362983,0.02043986365245975,0.0292924969099337,0.032379168084388725,0.041888302996569995,0.019157629294232772,0.03726972679427913,0.012284381818222636,0.04461275994781137,0.031451050256206314,0.03140661016694092,0.03389867174950653,0.029208225045828675,0.03342046714105936,0.024941036412113104,0.02581890950313899,0.03916808378136668,0.04399757191580449,0.04636584124703315,0.04767005146022123,0.021552631594882445,0.024085023672363592,0.02550003855614763,0.03155651754168003,0.041380432299667036,0.039364584625741515,0.020023361153016964,0.02448370015022771,0.04091419448098573,0.04787752129713206,0.03099659105067905,0.025215149191835897,0.03482834598502327,0.04124636600276198,0.044052115298196054,0.030297849395345237,0.006258649237082407,0.0289679314396195,0.0288839119363427,0.024676352898915385,0.029274764228627535,0.013670084616804145,0.04904791853073169,0.04566444162142866,0.036421970393348706,0.0027553724716926804,0.036171903690217826,0.03115673533739479,0.02779724559033582,0.04981324422435375,0.029079593585409423
0,0.03081133091066524,0.03640454727996217,0.044959868345089846,0.025941672199308367,0.024640055495161524,0.017999133295404167,0.030335574803065094,0.023442016103067984,0.03795637498043099,0.030662382364668568,0.020315546365045734,0.038302657700931345,0.048948837767631634,0.0248519702627447,0.04051825379438768,0.02852869146646275,0.034931152103749724,0.04763610865642347,0.035650369944641026,0.03444623363386108,0.05150522902805118,0.02831601459399949,0.03311942139599975,0.02630158081972371,0.032645223264966654,0.04111755121594798,0.027052491565704388,0.03361992956566421,0.02203264260902904,0.030256524475389294,0.029985071547621443,0.02475521100840906,0.03602732210233008,0.04571745558024444,0.029468233925763136,0.043626218166543516,0.03555634922008871,0.024711823789490932,0.0394369049403009,0.019130598474016446,0.026503497923262186,0.037727823700031145,0.031533220987249706,0.004685254744481154,0.03549731841806314,0.03554323219158331,0.015936059943670325,0.017119484136701967,0.02691632383140124,0.024740709796306038,0.02856219343221523,0.03026752500406633,0.026849706989173105,0.032840164533832386,0.029303293804125323,0.03985557609877373,0.03528703144866402,0.038484227414483686,0.036119442102695416,0.04441571088186654,0.032969022817862695,0.022947652143343315,0.026186919639371677,0.029895665597583387,0.0330942822224414,0.022013299588235672,0.026414019699454307,0.019142730697737986,0.021093508027355157,0.018664110104369545,0.024204536960574622,0.025539839859457694,0.02765752652765434,0.01885135482072233,0.029675635383746676,0.05161428497908124,0.03607557242809245,0.01965354987721038,0.02805612621636392,0.034874624187921754,0.02716967573942449,0.03328891345161251,0.03874365680689858,0.047895805592854584,0.034611830704558706,0.02899481677160397,0.0225707842178094,0.03428274750298794,0.018356691339192766,0.05351307520797095,0.03030923505297414,0.04369909030467904,0.024170960399157632,0.04643555721522055,0.014067110566071492,0.019645705796465462,0.01856537260486419,0.035925168668258095,0.035476580970598956,0.021296171930300332,0.02444883721047161
0,0.029810813854381557,0.03260508684822126,0.05885919745660968,0.026112812721247814,0.024564411667687944,0.040680621187555346,0.045974811055190426,0.03217077342437874,0.031818312182660194,0.02878501867574961,0.04394053616445894,0.03254719713294472,0.04083706712366873,0.03690043295337038,0.022775096071801393,0.026615599613733908,0.01006016317391967,0.014775398099850935,0.012800121539835625,0.03546109214837645,0.029354441927689153,0.038624881633031495,0.03769046219509761,0.030325543795326967,0.009701362413617236,0.03998498925998765,0.04447079712749273,0.01723355456409164,0.014636480009633267,0.03709856673485879,0.02679568934107611,0.02619731583606869,0.036940692019186705,0.025626107897026802,0.032926255407509875,0.03441930092662258,0.03865285679216636,0.049022112070696955,0.015265362664185088,0.03459927009469052,0.02689423557471353,0.02556582025520371,0.024128461389494045,0.041296007967718554,0.03320282743284854,0.032255081272161285,0.025161828750044454,0.029387814775739252,0.03483391563809889,0.03168236517412588,0.0214590181190736,0.012562805666577893,0.027937047444110064,0.029417569309314832,0.025448325611588142,0.03177100653329935,0.021979097438716802,0.029367161082661384,0.028852315834440024,0.020475003398576278,0.02182012524657762,0.037514155111273664,0.020875284926898767,0.017419087987072923,0.016976650346162213,0.024982382546945747,0.0272830669478756,0.0112151445178365,0.019689872232824545,0.04632868585352195,0.03284867224799278,0.02503409104295609,0.029879596772912433,0.022604633812285335,0.02893686897363824,0.03353371757979873,0.03604076981402407,0.03689046761463602,0.035938979738859615,0.011805984290869764,0.03719238847736268,0.05750352898875037,0.026160316764272086,0.017267246319352163,0.033020345132566006,0.03724844817049319,0.022631339417642116,0.02567149313647956,0.018498666015214417,0.03023768139539963,0.042164821872015916,0.040043913562139405,0.02969415900254663,0.028777212790755395,0.026733582208553847,0.04601265597025343,0.02414892453484823,0.028053679784962097,0.027726706111156366,0.033245122587696505,0.03990341497090852
1,0.03110685059462236,-0.008046227607227313,0.013543103515690689,0.04471465817524224,0.041262761425608765,0.04376443464926796,0.03582647294611318,0.024212117762954566,0.01106320633505848,0.04210312355762415,0.0031865317936051706,0.013741299264299657,0.059389639939921315,0.03459804894964551,0.03411079265556249,0.041261711392409736,0.00894627588311362,0.03401667790456807,0.02360920904855107,0.026321888573375696,0.026491219173250383,0.04011158756770211,0.02178694640056396,0.0656273666687091,0.03670877574874749,0.027588129929848944,0.032166889118730044,0.029186768596242724,0.021502608195449996,0.04729795539861321,0.03429319121884952,0.04369702429603749,0.023349880936447152,0.03219035608390484,0.01862792505049205,0.032868803700960014,0.03681647929433657,0.027922607555160378,0.024510792709809104,0.04025523580539921,0.0363621368827008,-0.0003517476097637043,0.03396309136817702,0.045573429463652775,0.0289982783399611,0.029179965273777506,0.04815787300065455,0.02530993331810959,0.02959816091530916,0.0113738123760736,0.037305939935990684,0.03276779459592086,0.026285174089322114,0.032574048540179194,0.03455521810609641,0.037465019556685825,0.010783400512391385,0.027205461871033527,0.05039873495356405,0.030731251434345363,0.045598940365469555,0.007815043293001738,0.030380731270671656,0.024075749493884996,0.03064308691156442,0.025072287234803245,0.03230941851566886,0.029122636842504494,0.056150795848999624,0.022323673012550404,0.05542234436523833,0.045922681451947174,0.026341783387030988,0.04361063736493771,0.02900631837398663,0.054365640784638666,0.035525111218358954,0.040646524452801036,0.048916476068643355,0.012625652501392432,0.004142071800574458,0.019328795566427588,0.04511316010839126,0.023659709398169727,0.021959014012396444,0.03929156211691612,0.025307493047425852,0.04957047580724147,0.0456318307370986,0.03654441156322642,0.025131462035556412,0.03199994854548117,0.04239043383350743,0.015678437171708425,0.03638941286887131,0.048591798739732,0.012938082970224668,0.006075726865292619,0.02825332740595235,0.024142372057075714,0.03380675351405066
1,0.03260721656556671,0.042718607760375275,0.06725887530222169,0.057119627174160026,0.0445985675038112,0.050647651950921475,0.04082349445032965,0.031095348750531618,0.00884506022363167,0.022150964133698908,0.03805260982053853,0.045582735269024496,0.06972474463584202,0.030110919505176983,0.032315464852120925,0.03586815747343871,0.05769303070241906,0.05635971716969067,0.0329155519046034,0.04105714012684534,0.010302174348260383,0.027817009990532892,0.03208066082598542,0.04341309131147191,0.008123839729844491,0.035651218221208064,0.032193844842165135,0.023955355776525536,0.018445346171508902,0.038196070837122176,0.03337288320938057,0.0273381712065305,0.011031945383511151,0.034340041727768236,0.024699915924183566,0.034355018772572306,0.04157036316056291,0.05922234853412292,0.03943226472109327,0.02452746282337098,0.04969835201948081,0.004636117314401812,0.060828280680046073,0.028916418362125062,0.025113567800533865,0.03058741992180447,0.02185718479466107,0.023134512430760337,0.040655874890919715,0.057379889584166885,0.04779213076098235,0.04178669786407476,0.03221089527652821,0.022182873322570285,0.034799498450536065,0.011207703923716714,0.024737180353178012,0.05732763808875241,-0.004953829532710598,0.0069562722442931615,0.03579563667784594,0.03455638866946839,0.022459578790392662,0.003658376231136972,0.031361189239933814,0.04849176775010412,0.03879747885132405,0.03002889563161953,0.031437186847629084,0.019768394127877002,0.03562051284266281,0.021571346115151026,0.028681763417943748,0.02915322393334717,0.04928821156039426,0.023292399326191336,0.027447013220168882,0.03496567971484743,0.020462371739299757,0.03077652722622454,0.023342921836820414,0.0502609096015601,0.03603674935771704,0.04478911082021672,0.012487802945872113,0.03284693750606466,0.05389555583115442,0.025111316412825255,0.01955677485238927,0.04979343398178718,0.03372005632718819,0.009589776744622525,0.034806674124398806,0.02703569040681755,0.009913392532157582,0.04643568937966239,0.04104504099252397,0.04399606193754382,0.014114763009533259,0.00666875905274018,0.02579832221158874
1,0.0341667237180547,0.06768690693280249,0.03330601584579215,0.055697327910234344,0.041855119501509094,0.052539602988601275,0.04028580837919661,0.04285244586649107,0.008962767281091431,0.04130943435304204,0.038338949254236476,0.05842196752443295,0.04963552006580088,0.02145590300774784,0.05197985434761615,0.048661223610812196,0.05471779676715121,0.030753286763706242,0.022307804860451853,0.034158182280364144,0.033120069548452355,-0.007832263257696835,0.02612763774160375,0.012000235190114953,0.014194908595438736,0.053701826443960925,0.03143522345714479,0.03378277160790085,0.04206986990417085,0.0199015656219578,0.03984595983963974,0.027610101513523663,0.056708939375482645,0.03920579246486035,0.023874376264956025,0.001703354903324579,0.0047018773468815896,0.031898322690440094,0.032566078079154466,0.04708157858041931,0.04766969770163858,0.028089787631774277,0.049179639312827816,0.03645829061097111,0.018333336670885478,0.04058752914401742,0.011749000880895345,0.04158369481231792,0.014367573809765138,0.07599865296771367,0.04926813043665107,0.013005112582250459,0.042668604799270746,0.026989346874131313,0.049559662881369315,0.05753836290895606,0.013440903512624326,0.042499412355302565,0.04471063509597012,0.04605529372261079,0.021207435874952323,0.0323987385022809,0.018676288817932346,0.04554053722401194,0.02476576764523882,0.009247163473234545,0.01924480168301545,0.03587110508451257,0.06624606466093616,0.032854057473960877,0.023637149389888094,0.031614822999190884,0.008956227812489316,0.038716271799664206,0.007181978461317184,0.03166936068840111,0.04795089777930742,0.053758057864162524,0.025504679208392753,0.05023612316754282,0.0372809896089436,0.039273427540264944,0.03079638628211694,0.011786678864697572,0.020063144635293913,0.03087368338739532,0.06353145146759467,0.02302483775679949,0.012246109076302213,0.04316031804707385,0.022726683877801135,0.030765419178748515,0.040454541170385494,0.028766348673421108,0.037494855371353025,0.0440627824873864,0.033833990189771505,0.022382222272170953,0.040166180938671886,0.041931868961549774,0.028396110242541406
1,0.03246900890522483,0.015454121302162997,0.004030988034755732,0.020883732386704226,0.023391813778037052,0.0521980217920648,0.030603429501108278,0.03825611673770951,0.02251325791836073,0.022617362037182204,0.024580710310401037,0.017271489529876363,0.02729178667241162,0.01723098952876999,0.01859714831856111,0.022679630630000582,0.03234618867248841,0.02964163051233675,0.03659642789333719,0.019466551684264352,0.02874816918438118,0.04379885660674311,0.01495618254905448,0.028343579181847475,0.043410293046085506,0.029547409345948825,0.03146595353924828,0.05086967503232367,0.03713042673576159,0.035078798341367345,0.022459140096109335,0.03704813178178404,0.0258657082693766,0.0347005757902783,0.020239789078594306,0.03611209811489364,0.028825758647556442,0.055940760377742677,0.06447228593078701,0.02317113229205442,0.08574629312873533,0.017513758743580337,0.0252222865365841,0.010150051494493613,0.03678351391106874,0.060350212278650686,0.008088472860413788,0.02712620163139841,0.034589796969494296,0.03080203210997451,0.055232198879463984,0.03188010817102489,0.033739797449043964,0.028701100589095495,0.03646224956990351,0.028562721627756797,0.0551118158651927,0.02725560138940662,0.024593860441964183,0.04411733248564979,0.0348520827088331,0.04545008280433962,0.039817434504711154,0.02860727927525384,0.04563383997935371,0.019090097779033248,0.0639882371008996,0.05138654983926772,0.007002245777638361,0.022408370352191988,0.03636687704365806,0.04658052327875948,0.025677942857905114,0.03581556970710667,0.011567210399261233,0.034106567074586217,0.024763519444032822,0.04961771941007105,0.020428062393848583,0.060699841709515465,0.029283191078787598,0.03588576087423488,0.0475656576416373,0.03820906713860368,0.01776961450566723,0.031275873436740334,0.06813650807986227,0.03755334278371281,0.034450206721753966,0.04550383697551007,0.027033335614786696,0.02427682191101052,0.0022701743693751726,0.0306823998395968,0.020800018555528807,0.05097370967669028,0.026058274102241527,0.03836593967367557,0.013746731651959523,0.03245128381215487,0.0208835613233193
1,0.030981183347510623,0.038724767841507184,0.04554787970913019,0.04418367069955853,0.018785755633002357,0.011381176146972045,0.020100190553114024,0.043566346429155654,0.05916493210550347,0.031846792834140186,0.03589094164764628,0.026579864019834115,0.0014695333384164323,0.021178988458516144,0.0270441061467279,0.04398491151833078,0.051797355177989696,0.01725995395560306,0.02581473786912213,0.03836123458470901,0.04410094819529698,0.01432338431308439,0.024535909967993923,0.018453226732299294,0.028506400357428106,0.02082379883886261,0.02234199923432199,0.04082012025591768,0.022170321991919636,0.01864075735105991,0.04294835565635739,0.026904441019208712,0.04178222546873216,0.050489954926939626,0.01587647417225476,0.011291639784523619,0.043090249992983526,0.04110307804524505,0.0293463194375094,0.033302623996935066,0.026791774969274904,0.027122248052501227,0.0271072651515291,0.04213260541481231,0.03564134339228669,0.039699217481190145,0.07270982642167784,0.024921109329757274,0.04688559364112208,0.027906022932595996,0.011780366931375456,0.05145521773778794,0.03874866630366602,0.011248095339619842,0.018825620163654248,0.021522801731969073,0.03407866009232833,0.05119276455130884,0.042541006627110925,0.05575322632638574,0.05052147241294005,0.03382261384074255,0.010008101360229952,0.023678682726076733,0.031917761797469364,0.07308688728103577,0.008907584007835815,0.038054610264028656,0.04039242482111601,0.028101350284301087,0.023805867533861158,0.018853176032941565,0.04717288645491541,0.0043779680653928295,0.01839514256121243,0.023531059205778315,0.037991959417605276,0.03512067275030914,0.03607892963507545,0.050447758016607655,0.03061382818578165,0.029878405665990142,0.006789699856037848,0.03488727812262688,0.022198212891216408,0.012540786272143039,0.002908303424884077,0.021803017179006044,0.020385985423537836,0.04784745668019423,0.05135183456540101,0.0153392013212525,0.01791139725453928,0.007440300367630399,0.03626363425635086,0.036731065400497254,0.010857160558283011,0.033127921937032206,0.035524309372887045,0.03300113188996724,0.054851694656520567
1,0.032008407246051085,0.03869715204940987,0.019667340453361368,0.038406291804459355,0.0023810958564495326,0.01574710558015847,0.02819965844049206,0.029919946550470936,0.021590431933906556,0.031266379639282756,0.013410586068894368,0.03275295406081432,0.03721204985067363,0.04726894314580915,0.006753216767258652,0.04778939375762835,0.03258324596909599,0.03319962244334892,0.04380615380346437,0.04572009260042045,0.035817477020121065,0.041260504824209246,0.01261984259687635,0.029447101029098845,0.01490627791511654,0.03780250053241678,0.04953607982341364,0.04490060600943906,0.019069364848748036,0.03428615544883156,0.017604476922856944,0.01486506727325635,0.0363682538371285,0.008469912934546811,0.015326758327034881,0.04489223193337722,0.05019674248789344,0.035767395798765284,0.04251387775619148,0.020356776005613714,0.018607326956384666,0.02957129025898279,0.029783536988440357,0.05021732015291701,0.01744983270673969,0.012222399856435705,0.01920483071796756,0.052913922426733276,0.0388220231726039,0.04068680993963597,0.023932652090799554,0.03735132545038466,-0.0020148290362493396,0.06375142387341645,0.05948144637261728,0.052690867771522536,0.022533516842356643,0.03828082826323036,0.021027893437797533,0.02211930566508609,0.03652442603043819,0.025450191078926064,0.05344121167336417,0.020659097396775516,0.03418867485052533,0.03441708161762997,0.045601149564179475,0.003630810874130152,0.04666977893350724,0.023238333307978188,0.03421733863005754,0.06721370240032143,0.03568612248015232,0.020121671224213503,0.051177071697426885,0.04354399238556837,0.024047554357959716,0.03787849350330297,0.04984656679748074,0.02255223459507475,0.029340398839629515,0.035817062479680445,-0.005242309479425937,0.0375540599148776,0.013948502808861528,0.026333243138079415,0.03597317229200865,0.02599067550140536,0.04259201136464022,0.053603827878227074,0.028837179819343632,0.040302200871892374,0.036529946976225386,0.015448058267316458,0.040018586450634504,0.046144762061606566,0.037015024494528426,0.042740987651064,0.02140692339790566,0.027365823437142903,0.03800229503231506
1,0.03504377050702089,0.044469316570016085,0.04877633976283748,0.027172390961373385,0.02053204710764594,0.008590797073743228,0.03979828055206291,0.04260371622272106,0.008644348000120396,0.03291335125641911,0.034893624024325366,0.03418001142439608,0.02266552902566041,0.018239874615862024,0.01640533473605627,0.03901520179107951,0.01511360463696123,0.0288697189990126,0.01636114875920611,0.04643869726484075,0.04425121009951978,0.03232619135057862,0.015330113207623317,0.038367948853786187,0.0218735953087872,0.032658403078597874,0.0529117720334175,0.034164886560210474,0.05514165095741092,0.049966200319573134,0.0322557005440176,0.05924095011224323,0.05633009472724442,0.044566617114462206,0.0425473285974825,0.020993454585537866,0.026461938955477524,0.03512372085824962,0.017607228969867918,0.03096498363260808,0.034893832397115444,0.03371900805517462,0.038686513986875934,0.04357703847857394,0.02512882428498305,0.024680227543817886,0.030186998304940402,0.037533862459334696,0.04475639194583286,0.026022313583120182,0.01604358752234444,0.02407771973926249,0.052546870799992665,0.0464441732740249,0.04515045085088833,0.0334779251710471,0.03159807168468435,0.04028097794272891,0.03877928320964623,0.03365428988474581,0.023746361391556964,0.05609158806258791,0.009270643703778034,0.016540823563753037,0.028908557029191186,0.05741658442257776,0.03055881061846964,0.05341311659581787,0.03002204385450149,0.0540252632482119,0.04994488786496583,0.038299873954418404,0.03968541016931333,0.03658099186082223,0.029363551219787228,0.017941223139541856,0.0176542979723218,0.037415905442198284,0.014120008324568889,0.06312960848450182,0.059787397248586616,0.04091703983306756,0.02722767419605942,0.03349612953064334,0.04875727656042694,0.058298537562653935,0.03398299229769048,0.032654322626014455,0.036354494955644565,0.02243372143990996,0.021262982161184607,0.053550047925261426,0.0456176250292226,0.034415898483284864,0.046668333119048555,0.04275405446783238,0.02504542060842635,0.04010783423340657,0.02026225387265023,0.028184881504131083,0.05846289835388786
1,0.03224475912735319,0.031025633535792796,0.023138847444844013,0.05417867425194994,0.04196825475295729,0.028064673320096448,0.051574106010494815,0.02918533033964396,0.025431710786867012,0.037405089707526255,0.010089065275181566,0.032950111417900135,0.018011099539754206,0.03198991945432122,0.016698360094927478,0.03443631370314237,0.046278157698921504,0.03064261826100105,0.057534326838903735,0.05819073688093552,0.04768081912085583,0.02759039047779797,0.02242255389012068,0.008160188854819235,0.015941189123479735,0.03505345779620863,0.05138059039379701,0.05827660979918743,0.025486353198023566,0.026778469973727376,0.03319806410226361,0.07261230232078023,0.02062726296850257,0.06906929539036408,0.036937280844136236,0.023116013654485155,0.042430508480208254,0.0361472459846962,0.04751959310988591,0.023307451684240352,0.021494740620222406,0.020261999031981663,0.04172271485253034,0.030392606161122257,0.03902219515715616,0.014519197811386927,0.037046081402535444,0.01733332605351439,0.012185349083178497,0.034237864755595045,0.03203498361806872,0.027413878934763953,0.05379335281708129,0.04738721305055226,0.006120532298993574,0.02715674423525158,0.012964566651943205,0.02074944591824324,0.03471565776021493,0.030826504155488103,0.031267652933856555,0.01582081408989383,0.038406209566003637,0.030591256914027098,0.050246985149779405,0.06368564888708633,0.040373060746756624,0.019524302990049168,0.007997027229622821,0.012037295305646335,0.028277202415746806,0.05060300189170769,0.04947288934689359,0.027798877569335592,0.027763067101299263,0.02813043496885128,0.017149014363268242,0.032690755727519366,0.019479008444256384,0.04003876281985282,0.013753424869878735,0.05280030253917635,0.021924776302202825,0.02308387922979092,-0.01380044748490624,0.047252841946887794,0.030260596423236835,0.024081837709561654,0.03720943765615757,0.05202843947337941,0.031531642186229794,0.03579300468353307,0.02966906825603078,0.03397403527482921,0.04534573796399464,0.019195307163803334,0.0455330036931166,0.05032539915152716,0.052977526599733246,-0.005633274804369558,0.021908480587505857
1,0.03628172054685263,0.028032153306227294,0.050516592316448033,0.025441053779540854,0.03606908800447592,0.04737029571938392,0.019070694478629562,0.0384465346005546,0.02377417188358759,0.053381955569894876,0.035990098896140264,0.0591051694781701,0.02668493128127164,0.04030920137041719,0.028343809730613696,0.055442478539716324,0.012375245586449736,0.04092780388491564,0.028157583211802582,0.028447105175946015,0.03542899130718416,0.03478494074280497,0.02324228772763015,0.020960923271405835,0.017510670993670315,0.05984467275179878,0.02270268107343711,0.05778841509291092,0.028046539171203394,0.036109342445540246,0.030844286846483212,0.025167712761770954,0.012952379803509596,0.026010468003027302,0.0441947653843759,0.01982579054459592,0.023448347650558095,0.039618803227239714,0.04391467101341291,0.033538810002018575,0.03321009371326704,0.06487671840158177,0.03632747214974016,0.07076790518563383,0.02703523760692692,0.03833288967194593,0.016905960842135664,0.028652417262757388,0.05478271134284578,0.00808984945649184,0.029589591255596157,0.04868989633570091,0.023776408260396162,0.041824166116286185,0.03669655025192269,0.055299928033309645,0.01372108424160651,0.04209133302033941,-0.003264559041073943,0.04059253224162225,0.03597333707142848,0.06406842165589152,0.051691560300614406,0.046867901088947866,0.03954360248678138,0.017572696626053128,0.040157260384353057,0.05087020309275665,0.04190700035271147,0.03732082117069119,0.0490943614257669,0.05402808559236107,0.036706820590395386,0.02418990596859187,0.05361107226839558,0.04043370966846533,0.03248667590921917,0.02152959575718718,0.042584425218125756,0.06395504800988946,0.034408942913987425,0.029863540943361536,0.05316485510366843,0.029543595701953453,0.03725844619262999,0.04785480858261924,0.019691174081326222,0.02471428046693318,0.053758436897224454,0.030739257747605244,0.042904198047155534,0.02328219782373193,0.0313232850281065,0.04630091833184807,0.05237352754930381,0.02430632154282751,0.04810016380538727,0.04360832043234513,0.027198708647423207,0.026777540188898,0.03458737704050395
1,0.030331940778130406,0.03372051872286196,0.02650897232966891,0.008857483491823893,0.02460859631693702,0.03885439321009139,0.0028499012245718595,0.03260293112028814,0.04035939004627938,0.03409041875342492,0.04131670008137282,0.024540157941169205,-0.014692825157745525,0.021071601569074706,0.022089608206839986,0.01911863139825161,0.04243561130224729,0.04954784749259407,0.05411384015323038,0.026216446736261993,0.05694763317972669,0.02596982830623299,0.006553877904286277,0.02261444066523311,0.017756986366736824,0.03094948186648169,0.028179630844730963,0.047190155270460846,0.03299978218001978,0.04321757461595916,0.059042464771468274,0.03219133071091874,0.06603579369467694,0.026439288016397337,0.046605779032702785,0.04047164057383014,0.034754490246045426,0.0010130018364812518,0.040072042063338795,0.06666639965978735,0.03537219235449252,0.02699018568065264,0.008271627043986998,0.04870475429038283,0.02327448027463226,0.020365375074393878,0.024649990519384185,0.046931004226955,0.05695468106396895,0.026371914499122878,0.018855685363140633,0.012654085133382901,0.015740346404973588,0.03200951665374775,0.04888535639569162,0.02009920027875907,0.034521167350275245,0.02741747409411626,0.05110366130227599,0.05627734894317802,0.042186018729159946,0.04479728281140795,0.02621037429324846,0.004874373952019052,0.01580135784242542,0.03842536569016839,0.044322490961691816,0.03883985793085288,0.03006308217678805,0.03834757085749867,0.02206641172917733,0.008438328073899597,0.019661560430855103,0.03049057613123657,0.0345852009864069,0.035981787497949246,0.038706595980286376,0.005774033926864257,0.039330351887280235,0.05146508936834317,-0.006791931741401198,0.0404605417711193,0.03883979211231894,0.014592788969128339,-0.005450521733483177,0.021260028974197175,0.0236545579994996,0.010225864910082118,0.01265731757955153,0.038061404224064406,0.03595905645441007,0.016933585483614625,0.017287849374934293,0.025535709968775622,0.013967465391689464,0.02126492701714406,0.04470684949422976,0.04647113134889378,0.04584067742474103,0.041550491746646316,0.036466886093052306
2,0.03533659048909957,0.05670179398974788,0.049704364747465604,0.039343156444407175,0.020078915241573472,0.05455548300174473,0.014315656819954628,0.05266965433707252,0.026430514948809092,0.030074723737250553,0.05924512078840276,0.043933110161298645,0.035903546505561136,-0.01573440111626174,0.033474096785334216,0.039828992229334614,0.068906077529438,0.03943454358707828,0.039004296418214235,0.033354121178052455,0.021271724142640922,0.030388327978895336,0.03207682572872413,0.017958042493456915,0.033306883787229104,0.010938214023165117,0.05204935045001914,0.011270712309776804,0.06732149398524304,0.021469933589571187,0.029946836885170195,0.04857854025752125,0.03508415774941665,0.048339842303411845,0.021742128898815254,0.029993488860232093,0.06767427156098217,0.04330776326487951,0.05780801004983953,0.056106611486877234,0.056635639016113376,0.054923112608360344,0.06122150540047744,0.005409218698666066,0.048359739350055775,0.04935385578333368,0.07096382336354343,0.03528117388465227,0.02781586583086637,0.014281249721879663,-0.006680725941145382,0.09231689107687657,0.03554446002275033,0.05466130940309695,0.028964994554156437,0.040072637837500494,0.001989853279542042,0.01591266622112725,0.02197263632852972,0.04122689277883079,0.011010337775296912,0.023105209823373322,0.05931869787036529,0.024028765763929528,0.023097962387630504,0.05660398115377248,0.016383329437580803,0.02469986458319947,0.05121900255108812,0.05479677185148306,0.019792313713327403,0.03419413785004616,0.02127690576302311,0.030006856051480783,0.02568272192670818,0.06219432917646157,-0.005575554736556798,0.02633097886574063,0.04968014748934035,0.052093002060353825,0.026156379006281524,0.012716788023057063,0.03397047334579765,0.006295755174199176,0.0010385072595121142,0.042644646311851275,0.05014282272849237,0.020463092959236828,0.0493225035572276,0.05628814272351036,0.03514108860179025,0.03434912438720295,0.040382487359880856,0.011562207142141168,0.04296855783098934,0.03845774831038697,0.01713837674576314,0.030011802685075167,0.038145927455856855,0.06988875173970066,0.008550377844800356
2,0.035267265843073804,0.04468766546414344,0.05361177575637758,0.029744453085578545,0.019795825191835176,0.07414403154778873,0.025087293171679848,0.06845953545909574,0.014365795020841118,0.04710695849098219,0.03248726858757349,0.06845833705967895,0.025666509159142648,0.0005271937699991916,0.03011881031346872,0.031548030305791404,0.018213432563227425,0.06694929577097197,0.001622882224424048,0.017741722788263727,0.032746028466240244,0.012445860948560945,0.022795316293442596,0.08478779443715675,0.025758112583921945,0.06586079368897237,0.02366830281997553,0.00943385620234364,0.05216312095040551,0.008731770631797094,0.0501598413110613,0.04749436610751306,0.04739872590216079,0.05071867467951728,0.01995894934818341,0.02930827562108203,0.06195966699103885,0.03371120267266491,0.03296267085992093,0.023955980322361063,0.019679676961963082,0.057600044224210306,0.06289429186481366,0.05111240635265803,0.03131440942238234,0.021125870881033865,0.02544894421003195,0.06187844118304763,0.04334489398183077,0.024905870302243175,0.03527953900364121,0.052481104151773525,0.05056994362572153,0.051458048239455705,0.025535661267347944,0.025883727262089373,0.022438150608070025,0.006201739579664748,0.03225768069642619,0.01736592937600708,-0.011893217154791011,0.03738032598297237,0.05020460485548977,0.009410558498512848,0.021314462805754525,0.008053025608576285,0.006958540257343635,0.059108777494633884,0.06222635271495292,0.06304624141286286,0.05779568601105527,0.08031281918100242,4.660788664751642e-05,0.0377642867848028,0.003035288163562369,0.027286714018938958,0.013310724058275228,0.055019265687421284,0.08441829033428434,0.013326856776112124,0.026632941184224032,0.04720259568475897,0.022287872005703924,0.009682324447289531,0.022783118160110888,0.07119800521828565,0.028313829828137477,0.005713999126604231,0.033103132785228126,0.04719053725724195,0.05317067272520509,0.002922262639137835,-0.028459471899252728,0.03907381127749583,0.08950375406385636,0.03997498916698289,0.03584553098951149,0.06586136130424601,0.05686013803848147,0.030257942595769863,0.024348526566354237
2,0.038109321988642704,0.02004607694963336,0.04600278041727658,0.04291005528573459,0.05234460890602942,0.06305474908713267,0.042109786443330605,0.048427700078065405,0.07059792066885026,0.02578294151832977,0.029661667774633405,0.043523851764238765,0.057447668863817886,0.041145359923700164,0.006388744000889887,0.027851612296336616,0.038615783454418656,0.04487348237086362,0.08845997230475881,0.03956554429296612,0.06498481385347249,0.051647176354453136,0.027277956006826393,0.024512470146858804,0.023050837989540877,0.0498230624652548,0.05010764714234428,0.04537996245144078,0.03259980662975677,0.042498904494492035,0.02402481254149755,0.07037123057152461,0.02447571597317589,0.017767997374033347,0.026396635639278014,0.025237882225501548,0.03442765644894686,0.06067124171913026,0.001181964740498892,0.01879243248863675,0.01844697299948979,0.05219500470032237,0.05435470260882057,0.043645446241382765,0.04662509886218826,0.04535678633413828,0.04117562004501433,0.06614968269733855,0.03080871311895665,0.039915275658378005,0.04720173649966257,0.02379478123454279,0.016898665027286444,0.04029149127454495,0.06415631829381335,0.016327832694698556,0.049592828542770105,0.06122316727738611,0.006791478741732793,0.01589402239957165,0.04386966593370262,0.02704886602148758,0.030403038171487165,0.012919574242984538,0.05543462078827577,0.020832372367690588,0.05720931152593683,0.0030394368076571213,0.012654130860518087,0.05970189827460482,0.04726800216929335,0.043200222648313066,0.01036970652075431,0.03391666123213792,0.060849706930849984,0.047752517608580604,0.03324551287824456,0.05644077534786772,0.024343769491657938,0.047164991677493634,0.011140521431451621,0.07144270979667805,0.045964372747388293,0.028387551983256237,0.027961931002911295,0.01873170425671385,0.019404522482118748,0.08406294515767657,-0.010945129772639534,0.03765124010904172,0.0137319190323715,0.03894761549333264,0.03890507344706813,0.018022196772411646,0.060127682468251405,0.037389740376611684,0.03409665287811641,0.042848462519213884,0.04412934714314278,0.04813381509059498,0.048246404039310464
2,0.034218627817176966,0.0034699821025660424,0.019805622358835297,-0.003510270398373573,0.027507621998006535,0.034038223083122265,0.030839037590828587,0.031625663100133976,0.022028744245689676,0.006260055786270792,0.038500609127218366,0.006390131557718712,0.023281845940704947,0.0025647625560255294,0.014295473833290818,0.03543837535659553,0.07616650808977884,0.014352451527829008,0.02642113317910837,0.04968902197119052,0.04593899656188061,0.059562409556702896,0.02125567486787025,0.030705871457617575,0.04530882334277564,0.05651381962902885,0.00876798975955725,0.021404544493578655,0.058857144329485814,0.01205999279808763,0.025780791630520765,0.05083889055847304,0.008388750250428994,0.09300287588102224,0.009338259200933834,0.0035352174204410086,0.03690406945300401,0.04222854214837875,0.0501253305448971,0.0163861508815058,0.03489554824495561,0.03549322379162533,0.057490213066369464,0.02300758453058107,0.0657722002885054,0.01289904654532564,0.07151587137739579,0.03079067273518253,0.07018322911873154,0.042989166371624705,0.05505090051380386,0.05239968483860463,0.03103507122413046,0.013431741630769756,0.009011213226314471,0.019936369077533152,0.05515671542425045,0.0824571152439591,0.00486917702050985,0.016101778577509763,0.059348632930649944,0.040054791135917846,0.04612755712345639,0.046055521161687304,0.04421652368078628,0.023762037514984763,0.04763676404957845,0.028834822218330614,0.03678437768776866,0.03306702631839762,0.055466709747275696,0.01782851348131495,0.023383305856346195,0.06288072538415576,0.07002362383478909,0.011453477905120194,0.014104728702146685,0.035261116083352265,0.07048775475495198,-0.0011999670536947532,0.023906812041018514,0.05162475707037744,0.08241986807031867,0.059248726777947076,0.02711705662163677,-0.008281974603309636,0.007523422662942911,0.035480046242059436,0.016962230239264936,0.05012653412167996,0.043402146551103915,0.036869218858272025,0.003366119737613603,0.04943288939092403,0.0357977056803894,0.05171198776878963,0.07175204201264387,-0.008922714189591174,0.00041993309276434215,0.05033082794101413,0.03544144249210692
2,0.032314257031116816,0.03983551384234935,0.034937557165259044,0.06849810622699831,0.03353712540183964,0.02108995674022942,0.02476353916753389,0.034808829413133215,0.019832398794540722,0.049626389190848365,0.05925059325709835,-0.006276154187708452,0.058142789391678745,-0.02363451793533343,0.023054018370623,0.028237501441463763,0.024320695407363792,0.057821014400927365,0.013584160971771661,0.04097176829746384,-0.010920339872285446,0.03627160312520522,0.04279335684149052,0.024920532344952576,0.06810285005246101,0.016842957974351737,0.023299558039114723,0.05884861467170595,0.04545457459511632,0.02442214246095159,0.029875842567108585,0.03747735195398479,0.025566546619483613,0.026067386457360477,0.017276944295098358,0.02837342700893649,0.01388741668036108,0.039358222888099904,0.017666545986259784,0.036086721057088794,0.0492906901172082,0.032453801032095976,0.03698004695190925,0.028513909672847462,0.0027044018674144965,0.03973550504382913,0.03246191978529772,0.0399264457254963,0.04791092479701288,0.047700623254572146,0.010364818547464533,0.06444184781985901,0.05538691859405337,0.057924872061833325,0.041328660274763646,0.0389460603950758,0.058897563603868996,0.01483306563859435,0.03275138071367529,0.03213133885437385,0.008882656521167386,-0.0033659543731425837,0.04001207272797813,0.043644683632383066,0.03187407822019227,0.01679035327409535,0.050559875885920584,0.025594598297802806,0.03790808080251098,0.040556943619726504,0.03046652275637423,0.04021846593695985,0.06723587334853506,0.012410883717815301,0.04351110142431168,0.041139743492077135,0.04536012632848502,0.02107810481054689,0.037110603805581774,0.04957574670692076,0.03126907430448047,0.0526549430250334,0.04520263131612111,0.029156112293132926,0.02803578767855516,0.042147855229665625,0.0017453351658391902,-0.006586194006057415,0.01656312629984206,0.007167599861390636,0.014170703671934081,0.05210417498420046,0.030718334688369972,0.015272870196964054,0.05999257838555124,0.03261005096756915,0.05290005092093379,0.032832063206107855,0.03602784175162345,0.013761506118761854,-0.0056436397407523126
2,0.032012483075426784,0.009605523576323261,0.006197005310372941,0.013303363679739267,0.02514225410028962,0.017344353483501787,0.031327771700828184,0.009903903035576894,0.04307423880296838,0.019504672122642536,0.027220434699511277,0.04176468666303586,0.017277492316270102,0.04395071593567926,0.019978455773385077,0.04629178413307088,0.023392634040908473,0.037608954163919205,0.060503312332327495,0.03679380176980278,0.04828639071711731,0.03933385467360788,0.022484803886882933,0.05807049566104256,-0.01654179398179896,0.022519477923435303,0.02349541755701018,0.026925047783349587,0.060063537593881396,0.014414647647650637,0.026262727189677926,0.054212894104005586,0.039832838470471844,0.015315772105364153,0.0432916194628649,0.02997673468253539,0.030422772152744748,0.03163681427129616,0.04087857184259265,0.0466995909252718,0.027240594115083797,0.04200637291316051,0.02667534264009219,0.03632323278427228,0.06381762028715826,0.02738876884863383,0.013095630082544486,0.001091466187997707,0.02540398730206067,0.02096107149510941,0.043138707578406446,0.06577698848736123,0.042512095725324,0.03828253339414588,0.011524871704764454,0.04965938950346637,0.056563416060864596,0.0381676758385954,0.03989424055517913,0.02355263115491242,0.029332413729661146,0.022915907173449664,0.04936560748306999,0.019394062015094166,0.030846156981236255,0.06183618299819937,0.06207211878287143,0.018679776723119986,0.014943456481806994,0.004039916999073252,0.03639034596412509,0.08211670742129881,0.03649568555596589,0.006979341394971191,0.02555679186598131,0.04975412580949869,0.026992697451499,0.020266847119476662,0.04287203732046316,0.026577279410546183,0.029332270402851635,0.0453265161735485,0.03429646874919348,0.04357685763242618,0.03003870897250477,0.04469690022286175,-0.008886531518739804,0.050162279069247404,0.028624633282436352,0.05644440591700958,0.030006947021920083,0.060563068220274845,0.006842381934317861,0.02640950182569395,0.016595705550065124,0.04258398593927711,0.03307800658202975,0.004399398872015483,0.01304654404823534,0.027839071414471957,0.03799951958133819
2,0.03778521131621582,0.0550221319499931,0.03433461249871421,0.03765329648526402,0.042853846363594655,0.015571476381052267,0.04423454011284169,0.02749891994416699,0.03091657899602895,0.0373160967779541,0.032738510546368504,0.035559741053041355,0.026517726927050976,0.07570379158737951,0.06376746405941676,0.055888642828056355,0.025393284545503356,0.05660504396251477,0.05422824843507712,0.07952235807142174,-0.009070900491110104,0.03086753586062286,0.022307822369329475,0.04748781149785231,0.08994267418733033,0.05034439751999352,0.03440012401914785,0.007050953533211137,0.023874787678305212,0.05382561626479784,0.033618153027556476,0.023713424864512875,0.028809929601933362,0.04621279189360077,0.05130512641586329,0.007395288498623111,0.041514492718117295,0.03901676244632818,0.031795710216765784,0.04342116839165844,0.039866612279316066,0.05432110233052183,0.04781087676101908,0.053778697172594196,0.053826727351650255,0.0204780073117454,0.012920397358943656,0.052836227915309036,0.02239874174055812,0.027904143231723338,0.021554196899934458,0.02484371745477005,0.03927022283687257,0.04041890561619617,0.06937672295930264,0.0206128367145613,0.04913606084716139,0.026875202420934663,0.05571374523673208,0.039686447179084,0.08067674409198825,0.013816116014111555,0.04078619476070221,0.017290349487273537,0.035314048755349915,0.060364844161474106,0.005142431568040305,0.05135693179187931,0.039540549355223206,0.032287180520501224,0.05117650040548924,0.004484646419426749,0.040504874339765955,0.021281053103384545,0.025894326892867164,0.05413519417193714,0.05092371117934761,0.030170728599300388,0.0329043306422249,0.06293748368161432,0.05448824374966266,0.0653669623124057,0.02901728333405467,0.03253839908429937,0.044839906136805635,0.03955065604606036,0.009607434290755092,0.036423705343673576,0.015655317785291244,0.024566135868615405,0.035586639385518794,0.06475105308012896,0.03719486752889793,0.01106639918732413,0.02585298599567972,0.03325412387480344,0.017353220472050155,0.019103364616294534,0.003762541498601883,0.05754948904914031,0.06721458938080725
2,0.03555119872294826,0.04072258981908806,0.0421435928379123,0.035474532976519646,0.03802427949925217,0.031123259649440446,0.017910959127136836,0.028345455986634974,0.005426120217283226,0.011728697823710731,0.06454623428000451,0.036368642824964416,0.009550496790268079,0.01872650578969363,0.043475160539345165,0.027588023930878988,0.05844801531109298,0.020906547757618826,0.04370343049415798,0.03482614413045703,0.04231259527336427,0.01781836228883151,0.057401240585050535,0.04419891026813821,0.04603999672690136,0.046588722951076175,0.0490430675920456,0.027322649770402052,0.061146201521096094,0.06962446274437778,0.007190698288377061,0.035751281828284354,0.008691479616898989,0.026689243768202583,0.019567241008442312,0.06453191023071658,0.055106525355128014,0.04562932867626055,0.04352837018038249,-0.0070545563992828395,0.04361844069205589,0.050920322703675566,0.02357744432922155,0.0480987274236635,0.049265427105655304,0.046322024506555474,0.04920503900257754,0.019468516610485112,0.05016657421473246,0.041920000747580524,0.04357574008862243,0.003896511496346171,0.04866784435131351,0.008996832085420656,0.04014135636327262,0.026181076383316893,0.04278252030295856,0.039649321829545794,0.04535357226462872,0.016199514439192132,0.07664052150484531,0.03793014471312735,0.0569881340920084,0.004939648444961926,0.051672520951940706,0.023215866593414347,0.0399466321922379,-0.01595707683918121,0.06447910565163527,0.03857004792594358,0.05219724893115407,0.023642539383234594,0.053127999589105385,0.07580555632317418,0.02195488558198676,0.04369870970181469,0.05524024505522211,0.03628154150277524,0.03482866282391307,0.0213002501546992,0.016794103553343726,0.04615645729222902,0.038419358675661736,0.047983361582789825,0.05750165343895792,0.0690244756325448,0.016814999027772073,0.027179331627899886,0.019072805174235655,0.0008755637055293322,0.003958069714449664,0.025495926896863016,0.03387447305186032,0.04823487314358789,0.0232661241591426,0.028068546945044192,0.02236180626505507,0.02178838596522084,0.055256236484080304,0.0279894300470287,0.020327476632542522
2,0.035862915823510304,0.053896443050003365,0.04358809537438746,0.03530551013845348,0.02874413290420319,0.0008208130346285675,0.01664687250023114,0.0035895281159669667,0.028070063838671173,0.03530814832426124,0.01425754995161014,0.03633837113752126,0.010872184344280462,0.01564978055957946,0.0429907953489213,0.03779970100337606,0.044953099029451465,-0.0012211695473403755,0.02666154951033996,0.025794270428854245,0.06722490003110873,0.05669769515011701,0.010667486826423128,0.030052547880784916,0.023440668428338973,0.05781962116275362,0.04666110877318222,0.07767733735203469,0.004864071394664618,0.049474715968227875,0.08298457229453705,0.03858441048004118,0.005229690546217126,0.009856442237025205,0.04564783296065207,0.019430201668177306,0.024322421225608043,-0.01515075932676705,0.050592157152827506,0.014000737959342133,0.029291548273788028,0.011935434330689658,0.04540243849486768,0.04360476490569518,0.03781247316183785,0.030181062368491926,0.04671883633584284,0.01402165516261249,0.029770615110486967,0.054826115229667696,0.02616391349213283,0.016642529674573508,0.03539268604297324,0.03876956184609372,0.04426913204333931,0.04577334517607334,0.05312883786658981,0.05604624669336031,0.04553412154355869,0.06487877167270602,0.07086278767510693,0.04006378803846691,0.04083988613382834,0.05333117056548167,0.023534485090042606,0.04130691160168732,0.06706297557002538,0.02886214654116246,0.050954341055754575,0.06937556323087427,0.007431648752100822,0.07644638031327007,0.01898871601257594,0.02031644779997294,0.009669579464973627,0.05662902359383764,0.0307418449020773,0.023389206141149338,0.04981107251693583,0.07342895028413363,0.05457059206376665,0.016167771306687912,0.040945062621677485,0.029944255628664797,0.053301890155102935,0.0448121179004698,0.022309366822607174,0.012161776901612107,0.050887686172602864,0.02386629673082708,0.049725340502675644,0.07238126118541556,-0.008611111771594404,0.023432589537146185,0.044481902256751776,0.0411815161390249,0.020439043472653483,0.049034477510410325,0.053737703342005734,0.046565301844759925,0.02160212810622674
2,0.034322345388800704,0.06350276960039511,0.038223032147361155,0.018868119521352096,0.04996024826199518,0.03242920650195834,0.0654854766229186,0.02812045437159421,0.044684403559610224,0.04937452541319181,0.04662515715987646,0.02535645078716857,0.059303084642246054,0.02064735351960218,0.03825080498561858,0.057215649531229054,-0.017517851800404646,0.04294902296504693,0.0006073071180272491,0.035384934411532676,0.04666891879795271,0.05032271865976474,0.011953961604219271,0.0939608556182955,0.02808655172912565,0.08125576273723445,0.022428982934168996,0.025070310477477768,0.0013559352320347273,0.04494569258550834,0.01537991665517336,0.012878299213897996,0.025050734169544696,0.009456493314771386,0.03196856758498099,0.03922377031134947,0.030259407494090458,0.03056302338996574,0.04187636228527139,0.03755011099766944,0.026724893801773356,0.03777723150427176,0.03457203684924436,0.030407194389111606,0.05704607130639018,0.005112258666731564,0.05372550473080831,0.018002978829743513,0.056047252982573945,0.05373448761656003,0.04100271116411564,0.01766049209764882,0.007798084244830309,0.022222784189933436,0.06964589333001944,0.006311890294761112,0.0525991863910409,0.014393469008909848,0.08578943818201645,0.017755817140899684,0.07918994311272062,0.03281960067745554,0.027211614874239738,0.05535257293190095,0.0031334602509231688,0.017870392995073668,0.02728096369725963,0.037681517105523754,0.0003477959668375871,0.04863318433894004,0.04297371864815387,0.034704554645978894,0.04242867198479459,0.03454862018865093,0.03182603012454207,0.05429994988758818,0.0688282684121484,0.041018688334002816,0.04644027759677667,0.06572721345852714,0.02622858445259157,0.025161075257116493,0.0023805490141624724,0.022382340303304556,0.05019016274622951,0.03084106987542943,0.0448626711646397,0.028308799526027866,0.054800978490770466,0.014811440983522613,0.05928065834567407,0.07035226689027946,0.04008327154452313,0.019233679452728667,0.018263691629771484,0.012066566592106448,-0.0009699103775006046,0.001097570044342279,0.013259431566819472,0.0016042984122536033,0.017622101899038706
3,0.03849164733908451,0.01777726255641445,0.00521086593850241,0.04893714388816625,0.04958001864344234,0.041393389533370274,0.023593576830954976,0.06366546075956682,0.0843204280416996,0.03965264266135762,0.04319525745674553,0.042770418532058846,0.039042473436289894,0.03692727129072119,0.04245929327513965,-0.012160643913146113,0.0503036890544061,0.05376163278822736,0.039642161964336974,0.014209596132591696,0.01945685703179337,-0.01193645531601744,0.07395721162659785,0.05559268871413224,0.014976001618726958,0.028472571784586544,0.05117736763245022,0.04088279155343255,0.039106059210070536,0.03905870382956005,0.045868678803466796,0.07024047007742615,0.022539524135025683,0.01639394849905762,0.03375634961769112,0.07391450871056991,-0.0009363509861981464,0.08346421926894712,0.011003611834004248,0.05219365503502726,0.04053859352668578,0.042511051744640975,0.023606190224866888,0.06626658379600903,0.05711501064735984,0.025041290727169187,0.04890497721537852,0.018348521089833217,0.03780255779531808,0.04123934822966896,0.032412420017039506,0.0361652144354334,0.017432316187133208,0.04460795778353113,0.035337211052010806,0.034264153785101385,0.06837403297070921,0.009355087104668376,0.055586504752253726,-0.0041629241573127584,0.044351705952757337,0.0590571463639343,0.04074668774938421,0.06713859001340373,0.0628690675523958,0.054195474438355346,0.030003683805987336,0.03870966375381749,0.07577223748149106,0.027198560204631614,0.059192937608530484,0.06022098497128997,-0.006960630461045142,0.03161954120772981,-0.01426547671852818,0.05388361727165865,0.026432710268978747,0.026661920187644052,0.03240226808065789,0.06197673862320767,0.02697548739386004,0.09461907641831835,0.02967526581476637,0.03172852552489802,0.03713514920501265,0.029346960034142857,0.07790912617858395,0.005067248209753926,0.021434378081149598,0.031778867789500335,0.05978986325925939,0.0022190224646750564,0.05471441663329109,0.0679214026171443,0.015385069342663711,0.03209964959570651,0.042290643499926325,0.014480723766025019,0.06243167021682123,0.002809358293710311,0.06393495073426471
3,0.03581301907982955,-0.00858787361819019,0.030215451570635245,0.057748259988346956,-0.002634240508252478,0.0035162594809148226,0.005998636287338523,0.07182541615596767,0.0068876972900026034,0.017838615767731953,-0.015133063124143739,0.010506805955825566,0.03404337152409057,0.004104006779071488,0.024808222535037235,0.013684156823032666,0.032851087596883974,0.06891300483854881,0.08464434769820631,0.009262311265802247,0.039966060082124916,0.04872311258818851,0.034385393040861,0.09182581531798684,0.05631376588599901,0.03160361704059475,0.04900570777803618,0.026212487724729915,0.038596309215332136,0.00992680523506841,0.06340943177767581,0.08315731295079286,0.08018073304712242,0.01535381694272062,0.026965455481296335,0.04628631408642534,0.03906161880268497,0.019058822014445177,0.030011500515986514,0.036262801886207514,0.04343477767053745,0.022024121460462724,0.08661957309586861,0.048128776338088534,0.03338460840048607,0.03050389266252142,0.015641917947007065,0.03994913055018164,0.023012383024272276,-0.028127355973262193,0.024554876102057848,0.040661298852382365,-0.0044595120601505014,0.009032938855993666,0.0673617133226573,0.04099398058286308,0.04339577771435107,0.058139027217863425,0.04429890317881024,0.03239287598702708,0.07010333674270941,0.005427267581243123,0.04304263186577749,0.02989170182895485,0.018227940446534398,0.07182125996839414,0.03749371880799274,0.0025480766876172928,0.072430222312581,0.03891851509563326,0.046881151808467886,0.06291834381263961,0.03733263680361598,-0.021456723440461428,0.058826767298949395,0.05188420325154353,0.02975659850571254,0.015526576859995849,0.0571018029947268,0.087938893903566,0.04522774970480276,0.04286944469956152,0.02801294534414196,0.04162940631291905,0.09970843636298254,0.03383499988221715,0.03010983785189651,0.05539913769584334,0.011856357342362074,0.008665714627561816,0.05198806723466572,0.05113693307547622,0.03206230481181422,0.03865559896956014,0.02676474941768299,-0.0047156168340678345,0.08340844055978786,0.057770140488209304,0.016546439478269333,-0.007120329907316793,0.0331331670772424
3,0.03575829495638601,0.05614562565791663,0.01987967559577501,-0.0005502614480731444,0.06301656198208853,0.011698825254902134,0.03170494781437748,0.07676446505035793,0.01264589301359774,0.05339796492532062,0.04917541976199102,0.06604009297461677,0.051258930068411,0.06857324399693901,-0.01688721809402962,0.026901960280708057,0.03557121593024786,0.05643272827332496,0.06238057704461661,0.04660211127449827,0.044764548034434824,0.054961447486593706,0.0037899315300306893,-0.023402964666461676,0.0126659791102,0.06657311219701131,0.045715050008482444,0.03403879323989588,0.061806392432273205,0.022792793436502336,0.0075337256320187306,0.07647099380176772,0.019036333168670587,0.07446051616848752,0.03751831160060629,0.06656789960274043,0.03270707467648173,0.03335845519218976,0.024205912129018917,0.029517303140247243,0.025461004044942066,0.043070157425395224,0.0029396029130890344,0.007369867470651825,0.09159905534421937,-0.016263170143086265,0.053569650895286605,0.01962880080471857,0.021987126195746585,-0.00715845199507615,0.012889163970783078,0.041284626086472154,0.09700821688931363,0.08032834815562213,0.011731444172285655,0.0047106402913964646,0.038615315794877675,0.005818478902863987,-0.006227374526379392,0.04435669172437274,0.029663516684388533,0.08019769283680542,0.00030929017153344396,0.05391894451177616,0.04866513746732255,0.023866765472080068,0.04109129931616812,0.029822817406207985,0.04787705684732949,0.0414239697775593,0.01621024077857561,0.046609351373771146,0.05553113487726889,0.06463856134419786,0.02561382066195371,0.06637769751826231,0.058437214738501886,0.06017587584619545,0.06907047767347982,0.07675420900295943,0.02361100789635301,0.05162833898333404,0.04192508439876394,0.044996875791748714,0.04126427623955625,0.0015857750959729008,0.03631293132055587,0.03794939997837516,-0.016569430867630415,-0.00978206477006293,0.056002666606566935,0.048715963023072746,0.048022288561778925,0.03425481393286123,-0.025261517151576728,0.0172747078383469,0.027275000144064407,0.006329761485338349,0.038982828065112066,0.0280443126675552,0.03845784039590368
3,0.042353226617375034,0.06187864664345194,0.058482817479495325,0.05047089919160392,0.03776257037590687,0.022976056512724656,0.07908196241259115,0.028510943499128444,0.012335049440741704,0.06558610343519487,0.045657681879439735,0.05415617403953164,0.04298016004661646,0.05670667641511807,0.014554147625447243,0.05795145440360601,0.015895267561540995,0.04701164801503377,0.04176671546631489,0.026167310505502674,0.03067720445894181,0.07746908679198494,0.04503062637234409,0.036049929062595715,0.05970209179764824,0.058624856789564764,0.009539159709835394,0.04378249758557208,0.02401708086434593,0.07399348359980437,0.0559255521385403,-0.011153749647288325,0.054204947716460755,0.06423594918326596,0.04336576473481981,0.013146524423024379,0.07977656755480016,0.05370494324885831,0.03820983942122272,0.07391974763898433,0.07258110643575061,0.04930334371942716,0.02734831091833837,0.02146261355841706,0.07656934365988304,0.0615352092807452,0.020713053033678784,-0.010784858887560901,0.04365760058074736,0.00097780295373006,0.06646518466235822,0.02480900399567923,0.05898917795885201,0.014652998760528151,0.01343266287832786,0.02948176217930558,0.029278101834597083,0.024571744715711785,0.0364681842961074,0.05203972763984985,-0.012708320246982117,0.08662475927265947,0.033937592754080696,0.05539600459303959,0.049030727956311464,0.04426560924235111,0.054207599818361554,0.059211224447192574,0.03847985336089344,0.030212793213499577,0.06899727916364382,0.08486576905460928,0.06462511971579328,0.049668942898067704,0.0009775827707310322,0.0310283506514405,0.03573160569421098,0.020395338460078946,0.06595295917209597,0.02217352957970497,0.01622726578121939,0.05241261726195897,-0.025871305080067748,0.058557228745371434,0.08407583829849627,0.04385649102276721,0.04763517949652198,0.05512363928830802,-0.010948772294566804,0.07519959068177429,0.06279732026371553,0.055474310555620736,0.011452222230881961,0.02173410139361064,0.047661522051326316,0.06436165889474135,0.07693396781229617,0.046323479726741994,0.025735680723076013,0.04651363995118598,0.039286200791947765
3,0.03965728445091721,0.0689477055617107,0.023870172160957017,-0.004267540422811147,0.045598702725756134,0.006592981352187499,0.05589847755119375,0.09153939667684387,0.011382742534750561,0.04008740629568182,0.05124088622231363,0.020885122193097648,0.09867473509769412,0.05459172958107879,0.03540739877952998,0.03307031822507296,0.047009400122264226,0.034928146689440456,0.021597155764215743,0.03967003517131372,0.052177434793671075,0.05695789104272031,0.04828556711664462,0.002795819035483864,0.023949751449713598,0.04700932431188948,0.028762132857326747,0.02682008923387482,0.04790332813972704,0.023014223811180692,0.02554153515953405,0.026551775801825335,0.061142862824412315,0.025614607477470085,0.027863343002840872,0.050313193885226884,0.05313233423593963,0.06127868983140881,-0.013059851953962483,0.0533414701414011,0.05316094049363674,0.06186918148547409,0.020359130032059754,0.08082548681332816,0.06503028809906918,-0.009342226665442294,0.03654991146858637,0.04712127568667431,0.03810822611293542,-0.00207291317298898,0.042219112238739816,0.023936426168112625,0.07096976508801135,0.0003424378393776101,0.033283919721334904,0.02316023594003694,0.05017780706761699,0.059378380348944215,0.03185534190412633,0.017546289765427242,0.025981688350341134,0.07152213706280974,0.07290426997935551,0.0331250397910587,-0.0075118468740534156,0.06630214831003164,0.01809775852824188,0.032149614454636044,0.05996363652480108,0.06008031214950224,0.05365247153030453,0.04998059085030965,0.0488325630938447,0.02415789716058185,0.06560099077544258,0.022796217708858722,0.024556661596185435,0.02737143618720276,0.009830631041670302,0.05466022659378894,0.024541052641005666,0.017899430143686938,0.04362192885076066,0.07803472943260711,0.02820007284735527,0.046311434663294584,0.035757128143827845,0.053487829054723296,0.06766215130390248,0.053037831378234424,0.03796325769347454,0.03264070564723424,0.04843907112061751,0.055573167843439,0.027274510005540455,0.07354253966967504,-0.0015572085968408103,0.08946120846326544,0.019027955415906343,0.03645010361577308,0.03370559002364282
3,0.03968733435449622,0.0634910280026836,0.05325191144197346,0.044419764878124296,0.07315387909737511,0.04875338509063519,0.048459037215280255,0.05256456620682521,0.04584958811860454,0.030308148665594184,0.02050241433530481,0.03671187167940571,0.0355257337907408,0.04567448503566035,0.09489688931705895,0.07148923639877389,0.01616516773546611,0.031354318465859336,0.09124615667972646,0.02320580557670376,-0.012259177901314644,0.030537781180160945,0.0038435264824193127,0.05042470251696787,0.03897155885988456,0.010135958821859858,0.06955303521780529,0.05729617172929076,0.011621484318040887,0.040044870337955354,0.048518181608316564,0.04619747985066184,0.07263666654724431,0.055823778146972286,0.05037229781066564,0.04243771566860689,0.051762282119873736,0.042900380037592147,0.0707548619446582,0.03967928366814614,0.05570750415923465,0.004102498303990662,0.024128119631629343,0.056870508678761894,0.024397427020112907,0.03734563010994216,-0.04679039912453704,0.003633206930044139,0.04038226599137564,-0.012964061149156658,0.026042177636070418,0.05386554020177585,0.08566809152115767,0.026598950270094443,0.0357345647023167,0.05706483249337145,0.02544840451837383,0.04304531421988918,0.023311512798088817,0.0725694933229071,-0.012371137913755055,0.05779672784712139,0.029232737224370683,0.014828549267495592,0.04007973386118785,0.03905385309523638,0.0871971017818008,0.037607686302870834,0.010038972697960263,0.039136073626848046,0.019243430166721105,0.028923430162394667,0.009257072626750896,0.06541445895556626,0.026694497602519594,0.02049788769070399,0.03180777868226099,0.06868340788942479,0.048046034982953185,0.02436482004936292,0.0381423328051209,0.047810142371387976,-0.002702782000790091,0.035222595746831974,-0.008334504342493665,0.05182989910300375,0.03862471028321373,0.04575091220492146,0.019313832608802563,0.02470295800586992,0.005304850349331362,0.07405783958214439,0.01168417471654663,0.07470982203096305,0.017716215696746137,0.04700015183160988,0.07411266141774692,0.09969438192238751,0.07788579886434488,0.08098813611702572,0.04524838060206514
3,0.03280292004852722,0.047557795130916534,0.03336040888833529,-0.009158457724157715,0.04333827023958832,0.05124123068431513,0.0864402953464206,0.013886523588060716,-0.012185729343873263,0.0355273010908074,0.01721325949452563,-0.01104681681251328,0.07549052145318647,0.04662092518882824,-0.009860247027726012,0.02690869131163453,0.03760328545898435,0.049793677217467844,0.027411594256059747,-0.022856162803442034,-0.005015800363486617,0.058906351588214154,0.04525672778773218,-0.017273100563002658,0.06036266751949425,0.04396392078471575,0.06414758139370685,0.053568554335156934,0.05488467106502655,0.04764563697059419,0.04223773120257773,-0.012992878622460576,0.06304698973721468,0.0661182908728292,0.036769753353899245,0.03292766145159216,0.04760048710387402,0.006873592274796003,0.01975736689254665,0.03767015763878654,0.06515351724541497,-0.006084396669377726,0.05975266973636086,0.04800060063517629,0.02061148301342594,0.045218835444666025,0.06245776324525248,-0.0014254442725203237,0.06707749229019161,0.015678875622593225,0.06484984936991108,0.02638050641699454,0.034068810788122884,0.07232058398382091,0.025418251520753814,0.07230119863406712,0.042081180513970445,0.027081727562424163,0.016384535741290247,0.027882079574390338,0.019133894219312435,0.036290368107777894,0.03369271785041118,0.03892446108404245,0.08388353736938466,0.06614813691792573,0.014832284106735368,0.014881654375057715,0.07586478087237153,0.019482075951465387,0.013638073305699046,0.0009543931039688175,0.06014640390626952,0.04833761589560226,0.011249434040622109,0.060978020143488465,0.032650643811272126,0.05231921939133996,0.04273332085358861,0.026656459966946936,0.0231119733155615,0.01843430038692901,0.036980193830519155,0.04061808485960002,0.03150721829646008,-0.023868672864780803,0.024233938092943157,0.022267981050902268,0.00761503085825619,0.05319806640570732,-0.017209113750698134,0.008754383142489532,0.03412365074818825,0.03253318465207115,0.020789201367689806,0.0009099199117659773,0.00620851001956569,0.06228524603537513,0.0178387550849111,0.030561091042982592,0.037648718634845826
3,0.03691262026760004,0.0819126991233369,0.05836876405842378,0.023726417281744835,0.021387689203028762,0.09808127664739565,0.01072597658688871,0.046063100508567566,0.0687462333976564,0.06023402189866443,0.0790930001988304,0.002511916200882612,0.004625921079484806,0.04645492283928869,0.025235238495455982,0.03751860435511466,0.05031519025176409,0.061728925220960344,0.08798683138795323,0.02038549329186983,0.05313030559339244,0.01279833443992687,0.02224994131823418,0.011583644682826032,0.07302842653087746,0.015374166061316814,0.0556359124301167,0.05029239049442229,-0.0013191819918260753,0.023160022041121386,0.05535989079311786,0.032684855478510175,0.05902200211739522,0.011184029530860607,0.02016075597098709,0.0790401507666044,0.020308922792676057,0.024588783555420476,0.07711749632437796,0.06788261465255277,0.02742639948163624,0.06514859472278446,0.045026277546672704,0.04698778308010265,0.03522206350041632,0.051273821614590945,0.05977546681625365,0.04057930399922331,-0.0031420178582272154,0.0657484762593567,0.03457348483181091,0.025678887120262825,0.050855848871953824,0.05055102164409225,-0.025944334773260073,0.04304773415834837,-0.008626544687893839,0.002596796688724007,0.040838718944746666,0.05120819924971967,0.05891946299791133,-0.029652462476366652,0.04984247072002667,-0.04188044263458426,0.04738344685516958,0.015081748818441699,0.050784255198332906,0.03118009112432591,0.056872430953125885,0.022478692752252626,0.031564596559608346,0.06670504371136632,0.026204383686373456,0.024078771452030134,0.03756552737501729,0.055401518920217656,0.04291478480523451,-0.004072216821540728,0.033606898078602246,0.07465944198976769,0.03182112445727734,0.01699174158849736,0.04652434772173231,0.06943439661628861,0.06722065817072426,0.020085846651740333,0.04336986114509711,0.009794214494403347,0.01010496546690753,0.03854459002081686,0.052471487503760274,0.03021025965088492,0.02413205628277062,0.04710260367793902,0.0026037267993412536,0.03584112329767264,0.05394938863360124,0.035137802520772206,0.003916272229964886,0.04029660287536986,0.014858846067592146
3,0.0345825812515516,0.012764890444562416,0.08808673174948983,0.039986242217652325,0.07979525124031352,0.02810101271860086,0.040615178160738986,0.008888429073183064,0.02381052615813651,0.034117386720107716,0.03473868936287836,0.04423476700667556,0.017825520043222676,0.01640285237566313,0.06771740071439647,0.03718163672073946,0.05013663436276352,0.016322437528274135,0.06260031898201604,-0.005830836201201291,0.06197011248056851,0.01897002831801779,-0.004393550098233133,0.06728355357021673,0.0732747931788516,-0.03504460796876883,0.05185519090584915,0.02128762001033522,0.02272276797463869,0.044298650385424826,0.026850284178711964,0.031172399035539682,-0.01908768324568691,0.0437937870463749,0.09424751738869641,0.03452217436923461,0.04895317765456479,0.06494374693540861,0.05170146426928139,0.03542135551190955,0.03336991679226044,0.005185969562437678,0.03896727978934381,0.04493035666758962,0.04181830709872673,0.06641303253931698,0.04282486913172469,0.018597647463626833,0.02610256542396777,0.019789222276916384,0.024745545042318663,0.0382588114206548,0.0015783271898045861,0.03556995920702367,0.07257291495116727,0.026324253973467153,0.07260005231064989,0.02904649304924777,0.016676633579870852,0.03523284877146221,0.04725871580740749,0.02066164325788347,0.029007469197462686,-0.007828156752975435,-0.005197027314512236,0.05191449229581699,0.015248793576049743,0.04495820156081151,0.0438096047877245,-0.009316139510912966,0.029164959020401227,0.027020751407969022,0.035838822867737076,0.02411778591391461,0.06150900778257113,0.001562666077373022,0.047423269792314295,0.016399084049808138,0.060687909666000364,0.06905982731141745,0.03630445937120424,0.0517797497968378,0.012878110060765044,0.011527916150431961,0.04293626120330147,0.04965991533395463,0.0018027517520927405,0.031603955527774875,0.007162372359929687,0.024661901611980255,0.05233489009505441,0.05849256103947358,0.07243639033915206,0.009277902869620571,0.06913818497169288,0.08112296695217894,0.0017924969394570792,0.07410890100897288,-0.002885741707636398,0.031046450156770197,0.014931191007162038
3,0.03877596220521244,0.06729107967668538,0.04993258472472323,0.06130227406675433,0.0194352567284207,0.042926384014637844,0.005746955243470596,0.008050044000121812,0.032045307436601306,0.06547802284173952,-0.008700441850721594,0.02991196470642237,0.03999693490439434,-0.0035202440690012826,0.03526903831560464,0.052860592688768346,0.006877182421530837,0.04326558465107976,-0.0022900059422649166,-0.008793038724831066,0.09333488372869403,0.04223712972471987,0.06103420699412979,0.04858064994732485,0.04833282273997649,0.002527353825344636,0.059177154997665835,0.06133767353609292,0.022842430593953193,0.011263115851205537,0.03241840871051648,0.04996310313695011,0.03834192782562513,0.0654742484845804,0.053451057635238546,0.06101939061041767,0.010055360270345644,0.03069475716550868,0.005186906936172735,0.022211536990191273,0.048592988898493526,0.08369733321239793,0.011966840230777594,0.0572977562617485,0.05389446871972441,0.07381490780923211,0.053399753933965025,0.04683174983560791,0.02814854898512686,0.0413212955126457,0.04943251485549981,0.05214171916670812,0.05214308425296695,0.07481770810813747,0.03544706478669073,0.035852205660614665,0.02240705398668398,0.026437641566296213,0.02534992760637768,0.06763071362814041,0.021083731020975122,0.032489357990584423,0.023836595267292003,0.04399115313569833,0.04468178656376895,-0.004408802564579636,0.04451595427669097,0.06443940923629536,0.03583217234789204,0.048676670100193234,0.03477861277735551,0.07982001144847722,0.032922114899162906,0.01988741837419169,0.025475546167136844,0.03609541180422346,0.031022969008645547,0.05865269134797198,0.08468387717350569,0.005193767698484127,0.06566564309235326,0.03366307236112592,0.07620381293043343,0.0360707476568421,0.0913834309657992,0.03688261556332911,0.054755078451904145,0.035718925096450596,0.0025538661158777537,-0.0018572588675249344,0.04548803535748114,-0.010695092210138965,0.03850548876745636,0.038526229592459334,0.054655559487572745,0.019325536633131,0.03626376255070666,0.0614687813803674,0.0348490077851657,0.05544600746691677,0.01185764971294409
4,0.035144460833024,0.008603017493905865,0.03230958335882791,0.04476024161739907,-0.006246369317533668,0.07350434472035505,0.034172688413254236,0.03848765495900338,0.03807231464871299,0.09539035043238422,0.013084706979501627,0.06985103492595768,0.06031606823452407,0.04047614125372307,0.016693217779552846,0.020117725506935514,0.025612251179355866,0.04857907554335896,0.007381502883343896,0.023082092855841757,0.04211739573411135,0.06800024348163289,0.04357625441296917,0.02813742692022558,0.036599539350273935,0.02536129030915049,0.05209890089844245,0.0240130695942925,0.04715722982693439,0.027209405252536158,-0.0028800638550943516,-0.0021327017647572027,0.00435556565927657,0.06272659845173303,0.052195921828732075,0.03739181810687762,0.02407030197256248,-0.012729893212514984,0.015258170903875653,0.038358078402388876,-0.012893362227853596,0.019287017836981425,0.04657533503455429,0.0007233115236265145,0.024855351519739645,0.06817118443168506,0.026083872651512283,-0.005873915961926372,0.03942235309550603,0.06302317512580616,0.06307902804858478,0.01164878098997811,0.06748394271105985,0.022674241619545125,0.020408180349039042,0.02611827297782576,0.06959461185504265,0.05824149302945693,0.015062984313285618,0.040645605747672495,0.027418457893773732,0.03634960784757603,0.06771541578152504,0.07926498326413996,0.0414313382735528,0.03744890294932369,0.049312737517705034,0.03577907918703993,-0.00047877648429000413,0.007001288498160424,0.06776573709732889,-0.0075400153989965135,0.06446744705267798,0.051474893717500476,0.07880558112389335,0.07328989873921991,0.04227495045575505,0.02937932455650782,0.010297259465721381,0.024135046171509533,0.04942959841925267,0.047435338146737435,-0.03955793776146404,0.04791247629047103,0.007686982094413208,0.0760717832685678,0.0671210010196604,0.04246823433294472,0.05509261602620402,-0.006655959514333842,0.047746880508790564,0.06191167754004223,0.017469016772405834,0.05520610339946179,-0.018854347580926994,-0.013512786390345519,0.07506080075598386,0.015994000998348388,0.04895915775690167,0.025233400634837297,0.07717122846164776
4,0.03835069889285959,0.04810491035872376,0.04746849789468915,0.041141332271580684,-0.003818613768468357,0.04583662109821078,0.040622437135662076,0.002636874292067319,0.017282073888381835,0.02304908635850059,0.08318157223882901,0.04625608431321382,0.02407445753389334,0.033326870096277446,0.01965342211575681,0.04962403149688194,0.056986618613314236,0.0903748112936601,0.06442008552444486,0.05391188856506592,0.055046754765767314,0.02499530959207584,0.03553440786180672,0.020625949923035937,0.038149866991873255,0.03349281427668663,0.05699507432136291,0.08544165185044167,-0.017546643438348213,0.019059961679162695,0.039494548073512305,0.0257132218705162,0.059970042013332045,0.08475622836684363,0.04248151752086554,0.0170647651799142,0.053983122492003745,0.044458222659431314,-0.02181053987062391,0.009008241479687724,0.046379748272049805,0.026416750738386015,0.011551066619104561,0.019896201960750714,0.048868407139021235,-0.022073264870222715,0.011277926899630482,0.08049520426665441,0.06645478296547927,0.022647800538032,0.015089281373386165,0.03283944323956811,0.05868595661263787,-0.011862165772068618,0.024217473862898457,0.05419573313818845,-0.014922538294647292,-0.03416703441132244,0.08380499695973603,0.03287485484276346,0.0838878356776668,0.0959514261758278,0.05139395590617585,0.04268223796042541,0.039059942757651414,0.015746436487055784,0.003678889861291036,0.0793305870099994,0.03516969244204716,0.00979086374351381,0.0523774570257269,0.032952235545772826,0.04278672626906135,0.02804814738687835,0.0031740714142296303,0.06469764167245182,0.038787709105149414,0.012753517300400925,0.02097115321162052,0.039220917007637066,0.03741488584331376,0.06518326295460296,0.056807854962784364,0.0792160649498665,0.04400437458073664,0.04480502029892751,0.04690281880603448,0.06888997179310621,-0.02118262882508712,-0.006016387300194305,0.041006812688191945,0.0692669614565424,0.03400927753238243,0.06684253491836871,0.060271155690986636,0.08822279320815374,0.03442056384893784,0.042374533434928516,0.04757370303830034,0.0168447509965705,0.08203191543786237
4,0.035025409668346684,0.02643445189280344,-0.027783555456170166,0.06692965656648396,0.0030512285498765987,0.011393231215527,0.034106694356604086,-0.009286785058057336,0.035003341184632344,0.05394579775592843,0.005442743016480102,0.08242206318645909,0.039358611028434375,0.042376863920715324,0.08447688422966973,0.04249635878084103,0.08292180165617097,0.004539731667195623,0.05984545240139902,0.06403815677358594,0.029945875998926858,0.06529825484277939,0.023560929407888724,0.013334487767489418,0.02357388602864501,0.0062357087359382335,-0.010742499869735585,0.07538288340038121,0.027889943524066263,0.010167264012542074,0.02959432566825304,0.0522067203300823,-0.0037112929600929753,0.07259019068703695,-0.017175917059048945,0.017739538822152384,0.015049808756211598,0.06226590341637548,0.09166074215046657,0.08097028733568673,0.06243869202805423,0.06014067876839526,0.04010085198998712,0.0334272988157164,0.08280666757800834,0.06708476055259845,-0.004469792735994821,0.0006495312563679495,-0.012576916208154508,0.04302709245617361,0.09189504178613817,0.07525307752699506,0.07259476040081708,0.029387110088483243,0.03776667703378419,0.00733974813787551,0.03944657152980403,0.05080526125180919,0.012669996904351943,0.04320467297351331,0.030057762365427333,-0.016668492564961966,0.004081761050180363,0.05883813462137026,-0.01521055891811457,0.017548189150949422,0.03511449071434766,0.022212681996274432,0.020072256250443447,0.049951532422127715,0.004276645507311341,0.07791259810597438,0.06355948891839419,0.016856998354021723,0.02339698926547248,0.003816567779265728,0.04850078494685865,-0.0005303755409191077,0.010773576224841548,0.009816813153848459,0.02198203120148154,0.055563027141002364,0.07124536164961476,0.07057186290323764,-0.008073841066141237,0.05238724038519335,0.029950408534319878,0.014701414735689831,-0.02665057744695782,0.06994201775220929,0.05034874446600209,0.03642090350341854,0.060742575704374184,0.06536804211887255,0.006960011147113691,0.03276714194917647,0.059085819028168444,0.028386627455458002,0.049291768323979586,0.0792579073665775,0.017373085379415617
4,0.039302537762139655,0.09144425700173615,0.007427595316827247,0.027331756192118077,0.0386892963936159,0.03126869740703754,0.039313331328809514,0.03395022331651996,0.06762525193535229,0.024631295340548816,0.041547642310274906,0.04760104630503095,0.04550806407765029,0.055750867142388,0.075293724793702,0.0957125448013056,0.06714884778779538,0.05836667355304451,0.00923160872897454,0.0861554425910594,0.044265067916961054,0.03096068046576387,0.0707505044468079,0.06262334082638221,-0.05572165813134256,0.030096369934378066,-0.012565240880510503,0.039924171686363835,0.023540375597929302,0.06065050127812115,0.01324341020830538,0.07557944504137802,0.08208371285552402,0.020907170023919574,0.029086010854171666,0.06082078722025504,0.08991253798387788,0.010482986198237308,0.019997006012465138,0.0471036178830658,0.05481694003718458,0.055264917517722216,0.032890783769282034,0.0039788910077588405,0.006464304708848477,-0.015552103147226742,0.04439768682663464,0.05699894964250827,0.04000180543255103,0.012037846918001992,0.06484784662511656,0.01892209925411753,0.04864254889271438,0.019093429925854593,0.0068730345137736695,0.01203949312717079,0.06488617248444783,0.04835066415802814,0.05152697801765771,0.009538656751271107,0.03882090990381779,0.036297094665855574,0.02241680637315051,0.007365788547777308,0.0448990114590164,0.010823115012870806,-0.012283304877501969,0.02587223892542543,0.039299240953250124,0.044032759209309956,0.03632024798402104,0.020145866427922356,0.03483935775243634,0.01747782741111501,0.041995316138782074,0.021800908421488078,0.09396914134108586,0.05198463964158201,0.044616825380530536,0.09901715966131255,0.040985460947039615,0.028309300293581474,0.04460833217953339,0.024850057623961565,0.04261476209753958,0.041471286080282194,0.03574207097494199,0.0248511493843802,0.09873862448878074,0.07028832427170317,0.029478802783024192,0.08136272189108248,0.05856883451976937,0.032054864099544486,-0.02223692972224775,0.020524475155510192,0.058504531570796686,0.06567724872614297,0.013109981958391467,0.06310573374330636,0.03417328260439108
4,0.038701844365344865,0.05301589459576326,0.030377312505467963,0.04308795999465875,0.00789923997105841,0.057161978801587146,0.08068663690413505,0.031081262526835796,0.048627057568006914,0.006247230035099381,0.04291137007814614,0.05559992100315048,0.047428212753247656,0.06878486185514729,-0.009080169996538753,0.02209098303865585,0.043604450834237675,0.09196459073045074,0.026889828592481266,-0.011779394157605115,0.013753367133768356,0.07860410307252988,0.07036858264369647,0.06790135737118905,0.054817636437998786,0.08050266897311005,0.02700896528352254,0.013563870291223693,0.048438115508861554,0.09343003690896934,0.026678329362166554,0.09017846072831481,0.0355695847543233,0.02624559317755808,0.056997973915807854,0.023009101551415327,0.01677902813839314,-0.045637556787420756,0.03689823453202156,0.07129568518824932,0.0372637922747053,0.005412259820660216,0.03189776971159308,0.03513520625055826,0.028515135178247032,0.06017256966235428,0.029134075503974798,0.049203627313122306,0.06871992220414212,0.0599219962128609,0.047898943125844154,0.039622528837854006,0.013851818492319236,0.020880274654214777,0.007624704688456427,0.04060023619513481,0.043675187313718895,0.04046982079878263,0.019580355714404037,0.07416782642935174,0.0405838720802913,0.07256823213123488,0.05337296704951279,0.08385451040447178,0.033811047847702544,-0.0026723184973696454,0.022700916264766984,0.027730383190550725,0.04312742175532328,0.08172452934866634,0.03471082489923225,0.022958451112118423,-0.013412857569628768,0.07611330222023541,0.039904893185549746,0.014639171274287918,0.005859851797801463,0.06564320234099859,-0.006666482012146445,-0.0010242296904746581,0.03741978092091606,0.03424286133422107,0.027557684472756958,0.011536915104799851,0.04277353659157708,0.008900944119528627,0.052544391096945295,0.03182289216759285,0.019820991889247196,0.025390340381226208,0.05709750508905379,0.03367342880360874,-0.007651961675344245,0.0882115404397994,0.0038276938539838906,0.06795800536123159,0.06473570650052646,0.05360951771460022,0.0822349840315295,0.06929378220899356,-0.007094209207416012
4,0.04001555551188842,0.014815940063851472,-0.022602465628593214,0.0657996864545655,0.045875701775571376,0.047072936725057635,0.04244770952485838,0.07808915589080703,-0.0042158287675738496,0.052994524033627935,0.08773109948912731,0.032665676576323674,0.05871836825290483,0.059531806596063816,0.04631468327976325,-0.02380358288247377,0.03923189078071141,-0.0062404344099531925,0.009575754185771508,0.09379539481854515,-0.019566647032333746,0.050701914935395616,0.06643472547766865,0.08055013895812482,0.09623249521839719,-0.005180873596242266,-0.0031877560256627774,0.055915743308446536,0.004296857406069603,0.031420231284428606,0.035644197872133736,0.04444785664717776,0.04117724365489997,0.025497772996174433,0.036264480412096685,0.07475172370307666,0.011563880770716635,0.05491145524808529,-0.010472137963012142,0.05221031705721256,0.022599861682036662,0.04192591999833601,0.0716984067924673,-0.04257928841754711,0.06623573667466329,0.07139808626014549,0.04172170153435585,0.05195121502490923,0.04616217106506845,0.0947770962563739,0.038118071604014495,0.010085888928845228,0.0438290251495764,0.05725545517397508,0.07737415238810509,0.03314248226456096,0.04660212287874929,0.020380096343714165,0.030099514295432013,0.05682315476319885,0.034211171593456095,0.04862045834624018,0.0666090532892391,0.0045215219503704565,0.05191119974605238,0.05924757497648664,0.03631754488555887,0.03709200332284451,0.01897600312238355,0.029117506641522423,0.004072433376246562,0.02918321167533043,0.09565168943401396,0.02348895366589128,0.001138009564469633,0.0615514800808897,0.048891899257818325,0.048250996831380705,0.019778074353105947,0.06528494399995327,0.046753505342117106,0.024828932266735784,0.016332457811459027,0.0030556662369635723,0.059124557840163114,0.034207481241682894,0.028751405888409624,0.05609357627303851,0.02271289909356284,0.0433935580597966,0.01155333219883218,0.03289295382948708,0.02295438735061932,0.05553714093963455,0.043875416161008096,0.04714330884739662,0.0913452483706451,0.057917236752979856,0.04627068562338632,0.07866240676121883,0.0732211564336601
4,0.03703698077906575,0.018008793200818385,0.09388647407083014,0.03841365457133815,0.013978572148270706,0.004281167677458467,0.06750489534861952,0.049109359051742456,0.01279420120518138,0.0975908993054024,0.0722305949070359,0.024434754272754856,0.048557331096307124,0.0798577649424599,0.046564869524237246,0.021266500226363658,0.046926969217064345,0.02162589257877744,0.02508714527905285,0.035513860297896105,0.009941248500731713,0.020491220776871766,0.06994941227659277,0.030170759008319017,0.04440393491270195,0.050022838237972725,0.043777985534341944,0.03673041733683475,0.016893765375055436,0.035015615936836386,0.01070051606489967,0.009457689766690439,0.04514264171271244,0.038776250131279555,0.021445276008615538,0.04881166385437158,0.03888202803366434,0.029094059673083254,0.0016138116897305085,0.0068702403173082904,0.012791939339259931,0.05602943445621813,0.056716360703128396,0.04551155922450021,0.0477395797246434,0.056829304450559004,0.011766674058056321,0.061076062349638076,0.08953635898406477,0.07339237765944276,0.03950688536360915,0.04808515802082432,0.0597373602338504,0.018130002385067425,0.07306781172529694,0.02926090670144115,0.028425400018014312,0.04081540448203692,0.0264601070672623,0.07595872911036608,0.004964333048610638,0.054676879156809674,0.009531139251987727,0.0615593946327199,0.017802322359295963,0.0724135371279365,0.035691063636384635,0.0617437066950862,-0.008475530938932385,-0.002843232297166237,0.05253083171614325,0.04439750622404585,0.02014449145341269,0.07129532475267517,0.0888663637945876,0.0033954206307376875,-0.01417514287217634,0.07926889986869645,0.03592044136871717,0.05353365430456067,0.05639393188631082,0.054280722498629426,0.03395473170531777,0.01033715248576992,-0.02514994289302363,0.007079497319281126,0.0443295731606056,0.030261838939844646,-0.004664604850469059,0.003150919438982852,0.04718896353622756,0.06864026075505558,0.05210755412355446,0.009572169720947904,0.08042915319941951,0.016870217512440132,0.03599095665137461,-0.06389352682029206,0.056303505034930514,0.05018137153748434,0.02142973892254476
4,0.03566954238139301,0.02493313262011703,0.026368486599500224,0.01929644171033244,-0.0016244681845228245,0.02102884337185121,0.04781520395815569,0.0143855025452501,0.09001239500127314,0.01572699986029468,0.010107123648278062,0.02662232930561005,0.004770952871824684,0.02080313693195949,0.0076680663326478965,0.05288533786701561,0.0035465385649092254,0.028336691069363686,0.08462568534973747,0.025530871055684225,0.046381048195584855,0.035638317394785755,0.07003506430469902,0.01854309283640025,0.05335195945217214,0.04657001967737623,0.03775549541947587,0.08144148148079518,0.09371061943526227,0.08115162072626501,0.025960781562162968,0.023482276775218972,0.02383351916712245,-0.021415042818469857,0.045175097185602774,0.012777740674495514,0.018954621879733884,0.06705332820789664,0.07975031346379632,-0.011527447486700329,0.0007056366552783203,0.006124795767925302,0.03484424495279813,0.04192635881515436,0.036389790195760593,0.01866234930953571,0.01534681906648529,0.03653880985812556,0.03456705518352725,0.06557693625258323,0.02092329301905115,0.07983154020635347,0.011820551095722616,0.037993983715239994,0.05302444243089587,0.013418410913598643,0.07637884402777981,0.04548115864733507,0.03336036434929197,0.0727908594054571,0.028479383668361835,0.029817146396912353,0.0472928013042893,0.053798317819898155,0.07557906053321578,0.08801026856365546,0.015758539385756314,0.047069622500155506,0.022045737794973257,0.028686285520273795,-0.0027455196280554983,0.049519003794760943,0.008316749668978614,-0.0025485463266276195,0.04980692967347559,0.03878856967542643,0.01800952931726085,-0.018918654738049413,0.02055296981955875,0.07461884763119382,0.033362768024233186,0.09416370658122009,0.02887891130020985,0.08385973525714818,0.017350523826302904,0.05018391442503653,0.04645250676743866,0.04132184024457688,-0.02009898522415767,0.022543327396612824,0.09078095636050132,0.05565131012338482,-0.015251078188575795,0.08301467979923888,0.03542260121428982,0.02290296159496541,0.025493179088505603,0.022227836935130994,-0.015815657376576003,0.06951373234900142,0.03588900338454201
4,0.03169482990534715,0.017499844988322865,0.005062938011412062,-0.0038580767902176433,0.028684975797731115,0.07486842624827456,0.009698597466783795,0.012333637529128607,0.03686255916289874,0.002371091481200946,0.028364492375787375,0.002730718398597773,0.06710957820577354,0.021901982317884806,0.02674358249005824,0.027394698023639072,0.04124808933577415,0.08580235905440575,0.03764074488888408,0.08325837242262812,0.04960541439437574,0.058539843093446696,0.018330663485654233,0.00019605685720473082,-0.010098843736174173,0.02405043331647405,-0.030287750551296365,0.0017080238614220616,0.05238446291054434,0.04000332680229673,0.03698162961496457,0.025971847705257473,0.01900629773045386,0.07549626447834515,-0.030748016063038404,0.005158265501942247,0.030812664013082674,0.06995938029574571,0.02779689719777653,0.05706828356831489,0.0008124227425939864,0.012605715489847295,0.059512260717726084,0.004482503571425926,0.01025795846851403,0.06246695369757546,0.03332884375991983,0.06195486811367399,0.004678163511464807,0.01757239906415642,-0.0054270961936817505,0.05879961140785468,0.002010668665536487,0.03331892971175311,0.01450319978784818,0.006564415331726872,0.03237302339189119,0.08185060960688395,0.0718941042302588,0.028009913873892574,0.025179511971534167,0.03671456043854226,0.04116509763915013,0.004050343757889492,0.005133513945894709,0.04310068897622198,-0.010892551660947866,-0.0400769665451682,0.06577941721264215,0.05723039980547653,0.027999542096422934,0.030729454474840955,0.01746030541279025,0.04976344093599033,0.07383119027973795,0.03109364969407717,0.023441083022337005,0.0358858811472752,0.06788124136710676,0.003931735410231299,-0.030176554399522153,0.05997198804900621,-0.017257667780614064,0.0740511061128936,-0.012794230873691533,0.052893067086443986,0.025622931231738463,0.0961435422166047,0.05316134322097358,0.04830344477783057,0.07433728098316222,0.05406270324156144,0.0410414893543644,-0.006343170724532006,0.06027841257426891,0.03355049295368041,0.05671833867652468,0.04603107636551648,0.08070589565307867,0.04475620777797047,0.025800529818788533
4,0.04048828671885531,0.048283002543331566,0.06240482952044344,0.021182995599014383,0.050827206584322056,-0.014071319926589013,0.04663105346502934,0.06824288907052653,0.039213892194254495,0.007773385848393877,0.06134553375126091,0.037874928521277676,0.03945296693257549,0.07563293938771606,0.058993937978540814,0.09298029724692511,0.03773718447571114,-0.009804652840999906,0.014780132830117025,0.013809893318239539,0.08801481236334488,0.07684326097390368,0.060180476978461975,0.01564388893669798,0.013773206878777595,0.06368542502246295,0.05516995041564792,0.01714714927881142,0.00492611194287057,0.05662125067216003,0.0741385684624614,0.06145019158735692,0.013185312186929872,0.0805851037558629,0.07204007880081308,0.033996820002303085,0.06378275551221696,0.016762800382891893,0.09457393066581421,0.033565442213574104,-0.03309367821658859,0.032778240532686825,0.01082451839918384,0.08725227994636242,0.009758666520045072,0.011399995529538434,0.06209749648813917,0.019305676417220637,0.04531526921295429,0.060342366854963345,0.046782302136343976,0.020725675514538695,0.048538488128088385,0.036275038125905046,0.0579858271923295,0.06678695181952321,0.073880293749233,0.010061696082270928,0.004929286135397892,0.013766791991203231,0.027260387174420222,0.058304428064876186,0.01576800109139242,0.045872136050196737,0.05185556863303141,0.033096326393832066,0.07647594604644001,0.0034482886864628318,-0.009746810161921873,0.06850817194415705,0.03245102642397126,0.05692081822632297,0.05757628099103239,0.08320001157372356,-0.0013325290589088837,0.020248194217677762,0.07052067321934306,0.04779396491677754,0.027011143149713757,0.08534952934701512,-0.00015496452552454104,0.07492258395849369,0.03720134825993312,0.027956496170721747,0.04783745703296214,0.06827925225177237,0.023467021246865997,0.015297754205804672,0.01961784414108708,0.034949359489700356,0.014546956427607262,0.005761557436009319,0.01958809279661785,0.024283494126793384,0.06506800658258732,0.060672326122397584,0.04253581184005774,0.03339471477458573,-0.020575850606557394,0.08277938770748225,0.08572764942378398
