group,mean_r,sample_1,sample_2,sample_3,sample_4,sample_5,sample_6,sample_7,sample_8,sample_9,sample_10,sample_11,sample_12,sample_13,sample_14,sample_15,sample_16,sample_17,sample_18,sample_19,sample_20,sample_21,sample_22,sample_23,sample_24,sample_25,sample_26,sample_27,sample_28,sample_29,sample_30,sample_31,sample_32,sample_33,sample_34,sample_35,sample_36,sample_37,sample_38,sample_39,sample_40,sample_41,sample_42,sample_43,sample_44,sample_45,sample_46,sample_47,sample_48,sample_49,sample_50,sample_51,sample_52,sample_53,sample_54,sample_55,sample_56,sample_57,sample_58,sample_59,sample_60,sample_61,sample_62,sample_63,sample_64,sample_65,sample_66,sample_67,sample_68,sample_69,sample_70,sample_71,sample_72,sample_73,sample_74,sample_75,sample_76,sample_77,sample_78,sample_79,sample_80,sample_81,sample_82,sample_83,sample_84,sample_85,sample_86,sample_87,sample_88,sample_89,sample_90,sample_91,sample_92,sample_93,sample_94,sample_95,sample_96,sample_97,sample_98,sample_99,sample_100
0,0.0309203439199734,0.025274968331788352,0.032776595130154275,0.027561459032963826,0.0345708625346776,0.02200880278739143,0.038536126154571686,0.024311342143645387,0.017589866188112143,0.04069907703895874,0.03129748679138165,0.026799929649281316,0.03114600698489314,0.017013605869951872,0.033060486164819186,0.046951603524969215,0.03457112339066515,0.028305325441023755,0.04563938165384737,0.03643561520954794,0.02153190540964832,0.04539703199538831,0.028401332518114768,0.03779430431247607,0.03248172991160777,0.03598149799690502,0.03235474709574733,0.03264945785207343,0.021118122844479035,0.040773500924053796,0.021169734563087742,0.03183931484406453,0.021198505701016834,0.031075313303218444,0.043284901677678345,0.027593082938659315,0.01937331040853303,0.028102753995747597,0.04775795466335556,0.016878385537228143,0.0342668250705193,0.01602657831636599,0.015427758512690747,0.026876219532552488,0.0169697065184505,0.02465158627606183,0.029894804254469137,0.006850987391890537,0.05259096436669005,0.013680911993126137,0.04865416013586156,0.03099475852475004,0.039901515017745845,0.03814039023444958,0.04161259239409541,0.035662462686842436,0.05189551779428175,0.04404210048757909,0.02884354028400076,0.02497664400271193,0.023112436766503933,0.02087445384810392,0.031117098776448547,0.027080796080415616,0.02784510632331011,0.03475104162625555,0.023724693569838154,0.029433699685045292,0.013975215427019516,0.03203018517779275,0.027690332676699295,0.03272383427797499,0.043656547638266485,0.037058484734157036,0.03288229734623816,0.03857557706138985,0.02431778923838071,0.026133899248225036,0.046507030739200525,0.03540201257277137,0.047272834289767446,0.042387760469757695,0.020124654968687667,0.030552913867109538,0.03415918333497099,0.025958521584837718,0.03420448414796661,0.03621442132309403,0.034694771026669395,0.03419355691428777,0.020127178775184294,0.028813268908079455,0.024522606904613768,0.026662630372634152,0.016825172901300332,0.03358675969264812,0.042166128518078896,0.04274742808382636,0.01949321923397556,0.03920463765487242,0.015963149900078306
0,0.030730123863308326,0.03324378020597971,0.028555479726227434,0.02153223839883661,0.032773177348436475,0.009231241387266286,0.023919665195573384,0.02764365833304314,0.03438471113587254,0.0363476345950287,0.03192662656742302,0.0386126967751251,0.03881959397402585,0.03884509378537649,0.01654432736055423,0.04475238398681001,0.019793283504786974,0.046092921380167,0.03073842654906563,0.03821453371843216,0.030076845303815755,0.02686833369697442,0.04120670272000402,0.04709289709725842,0.03519436881077582,0.013742869597997913,0.03150770436967899,0.027891026990888263,0.03135103930139141,0.02450615255233674,0.033278524811229004,0.033413331625070986,0.01976364025530699,0.03506910295997492,0.021553388161196372,0.03763620431485518,0.016441464398378,0.01568758647228625,0.04019357185769891,0.023088415983475646,0.03926347121959806,0.03713945545985096,0.00915266914989861,0.03559292996471831,0.01653486747449219,0.009531853559467496,0.019726430431702434,0.01937282725955896,0.038861267640440025,0.02926810237325601,0.019701684188786553,0.03735177763564083,0.029975295948889615,0.03852219734978298,0.018129410271717886,0.030929315296814818,0.04451236280685085,0.042836669148577484,0.044997342158123024,0.02555236501389655,0.05237246864773659,0.031182117661289425,0.02347758222905444,0.02924404975203374,0.034935707145527725,0.022353505821222808,0.035694005951755564,0.02950334664233213,0.03644535558021085,0.026546564208021026,0.0365133688653998,0.033889015568089896,0.033806863016454546,0.026430785453882336,0.02329378261357143,0.029740427783481897,0.03593445257715697,0.032213992319328255,0.0380945321670481,0.03802244113214546,0.023119418412245345,0.029788133722562025,0.03374417694935906,0.039516133799968295,0.02958670313232137,0.013071009254344956,0.030207522923254883,0.04049764145150621,0.0385080593735823,0.03219013340441242,0.042913561253441174,0.019275999509408517,0.027747916898451533,0.04330213114073518,0.02239349393887278,0.038293647778745554,0.038924435300263356,0.021315924177200973,0.03230288908985706,0.027827712592168714,0.034304437531699705
0,0.03059901263511393,0.0335510360284703,0.028871798561957623,0.03104638944499372,0.03578498488290459,0.0327155074938463,0.01853537871121179,0.04114334054844518,0.017841532780629686,0.016709302118259405,0.032372708163908095,0.019753494675013014,0.03419894404814495,0.03886534531635508,0.021735499527775377,0.022789241820057093,0.019273907906123555,0.04304456921351055,0.03357343003579735,0.031047997718315706,0.04939675459663398,0.036413113046733524,0.0295539552610089,0.020124488569065208,0.02197736033653303,0.042351827189867915,0.04196998275443936,0.03321379704508468,0.05666513464937153,0.025131453297772492,0.032431644862957354,0.04363093770632793,0.01860338272564733,0.029816420882441786,0.03847930513175478,0.03321394566286939,0.042264486860882126,0.031485710328503204,0.024881294925833682,0.02996294622664092,0.02525346066936797,0.0273134955033197,0.01900155928289883,0.02657452517241952,0.027441735737341884,0.025918346276270134,0.03238106344764125,0.05457957117782347,0.035614536629601415,0.03435702417893174,0.008375576895227756,0.04484568318968027,0.01518763800398574,0.037449379191467756,0.02319990789579182,0.0331876258103437,0.04119423933515283,0.03978542391188625,0.030446356647845542,0.03726695692934497,0.03951112502920083,0.012735724001405564,0.029098453025878043,0.019157968495912468,0.043290092271528066,0.037302119100437583,0.014167105953594574,0.03522933591537111,0.021053923108567237,0.021831766829347437,0.03880913082850013,0.032890606359160406,0.031999924564946804,0.023941455343981507,0.029831927569208334,0.02488347218329094,0.032368746547024076,0.029941717303403108,0.043576979917899966,0.0021741234320542327,0.024094626038042022,0.028585513281020172,0.04601267823099281,0.021705794438165303,0.039230454257649774,0.013020103530842788,0.03264944733628716,0.03028841742074521,0.0339816161530411,0.01918740164026649,0.03277176192338986,0.042597985480180206,0.022443422014155914,0.028428245949004914,0.031429706964601775,0.027855032895198938,0.04518991948643672,0.03054163149905782,0.030035950545536184,0.025251598379946685,0.03700780132368717
0,0.030090786793931058,0.035306219811403965,0.004412353410079131,0.019949861671407068,0.041700879833941586,0.023892353026880385,0.021896402093630696,0.031959007240077004,0.018423564422634986,0.0326297313851739,0.028032249791229792,0.02781501228505976,0.030019086751255086,0.03749204899055573,0.035747935551401676,0.022197924617379558,0.034861325599118004,0.038201207939724154,0.020007880440080852,0.019800776485577154,0.04105927724569132,0.02229949523510997,0.03027994626588161,0.020369938994050145,0.03570429814364956,0.046183808215473826,0.039130427183734134,0.03129877585986513,0.023570325209513254,0.03941914719505028,0.03949947195285002,0.028922476591348244,0.012119335471679236,0.02630073248624444,0.03218602687267981,0.039579836427608296,0.016966593292742013,0.03333113320608812,0.03067201527936481,0.023229291611324837,0.01825162114271675,0.028449625313953064,0.025853080629515045,0.03777726232480782,0.019168297229904332,0.03537127927156006,0.0376467605567867,0.03503615610821049,0.029630535947265342,0.012961265212525705,0.042904774642739577,0.019530342481120136,0.036692897857913936,0.038303361204359156,0.042155791621405495,0.01254190860581976,0.024825975255211245,0.043057758024714315,0.026137003221068055,0.033399049893788495,0.017251179283076817,0.028277908694482778,0.041240476591220473,0.020812899313377094,0.045559475589433567,0.03850072525297036,0.032702622810576655,0.03025741753470726,0.03221798510229122,0.029688888163506375,0.04514384690727403,0.02863817603063679,0.03411378533234356,0.034338935504552,0.02672849443166085,0.042201361578830664,0.02982182442271801,0.02407978192379358,0.024383924679206727,0.02359392895862297,0.03181749246362457,0.03717540040296964,0.009409051254266155,0.03545203740354837,0.029630593228260615,0.049779800982243536,0.04777670258621395,0.037214975501969415,0.029770530343086864,0.02957063458520885,0.027945234237860658,0.03650724838059554,0.03294086517167167,0.012855215655447175,0.031009619119825995,0.02455289370912016,0.037359138391467296,0.025481463000642555,0.013123529793871023,0.03947763333968639,0.024512061104298866
0,0.0318729214553577,0.04510593021661279,0.04685517679147345,0.03338734538994196,0.03237268121647792,0.02205264171854442,0.03454556706362403,0.037756039678457747,0.027319512770335043,0.021623219278413763,0.02967492356128343,0.030303304782231172,0.03475262625712652,0.028369595750422756,0.021979534784136518,0.036654478306683655,0.03012980627287882,0.03182833593842551,0.04037665302420022,0.03626429354937777,0.02488387405420857,0.025811749078778264,0.025462414068241693,0.04196742843121535,0.01668280786323467,0.028391327764760926,0.03524999264967479,0.036878101576919016,0.04611236138878875,0.03230028185581485,0.039448239284594365,0.03855703388717596,0.03126867133623919,0.028006740650485792,0.021729516918780483,0.021348539328748476,0.016241851703504638,0.02293301925019458,0.015444019893789657,0.05101540434814674,0.034092673696236954,0.030226750985525862,0.04736865668675791,0.04379674409296218,0.024097421945661737,0.026209180334396693,0.041317285014934216,0.042813521096585934,0.03352814282148343,0.030123955323327577,0.026326197345276598,0.033019170589436195,0.0071351912822597355,0.045722864572682986,0.026153655231097677,0.05110206839518857,0.020339519598666454,0.026349301820567814,0.04663526686385985,0.04460865575151238,0.049962526322138864,0.033388719904935894,0.028057102907945282,0.03428729594216241,0.027135694454868516,0.03335440124378357,0.027417361549567823,0.060565288462687675,0.033989312835841654,0.039517815523397115,0.02437912596121209,0.03813622810341853,0.035570172382832166,0.02467579543911742,0.035717177519781686,0.04568632291903936,0.0241874502421959,0.019674563594538785,0.04491925669927842,0.03336823271780968,0.02716771172233028,0.03304055356552767,0.022348539244354974,0.03723183538581983,0.02685263374721236,0.01454722043585825,0.026029294371557238,0.035040434363758574,0.03546997938431937,0.025811706149497758,0.021785937399073245,0.014465916962864792,0.025545578343506382,0.04046899163213741,0.03861170105210075,0.02067229735206689,0.03569809477041937,0.03443079772027559,0.03052704314283429,0.001757352117911528,0.04374741681342577
0,0.031204118725826645,0.033897092573455266,0.055618808072642176,0.016923789862529445,0.021301845457924795,0.031379433006802314,0.026439063197231244,0.030090283671822482,0.02755860434286562,0.019060467244527646,0.01447682054015347,0.03277954837793694,0.047424065587253914,0.03782332037187901,0.03433491077025975,0.042475739333854165,0.031339847965963626,0.02819210206752723,0.039554984053820144,0.037993944690481105,0.03705426221057928,0.013516130624332968,0.039420358982954505,0.027568132438147087,0.036144867200507295,0.04374856880724172,0.04040357537634259,0.03813350124255447,0.029517094124861545,0.02917593314777062,0.019351355632662458,0.042344714328497485,0.02553078522157198,0.052647755373840685,0.03983862285610092,0.04029747865351077,0.04109493077673049,0.028260283283285195,0.042202812356144426,0.024820164842174475,0.02685176218121764,0.02345704324808428,0.047352364968560864,0.025293182178324655,0.016696462650708573,0.04375348419117733,0.03872579164842681,0.01804741767477386,0.02613191648292629,0.011971803073029492,0.020247459847615445,0.03422107541010242,0.022031505781236423,0.013131382642445687,0.02749984274284776,0.021426301780485556,0.02407869747970571,0.01745646944211207,0.026323924664191506,0.03562751576398697,0.013611735798261339,0.04082968072236934,0.025404899711336408,0.03743157021382461,0.03374567237083158,0.02413267922572504,0.03005412440996989,0.048928906985495145,0.023092462815965074,0.05050530945410825,0.042245527197717625,0.031113470950374193,0.03892340560231662,0.02456039589648977,0.036261796375457886,0.016213968060585164,0.034843243493776266,0.0378396351478736,0.024094350077333383,0.026253944077288403,0.030984104649100352,0.03444904928808035,0.033643427811259265,0.03396288826904232,0.04910000874289026,0.026040222531598028,0.02717981484271912,0.034816066667062065,0.014168677517543964,0.034257298709402445,0.04047043704871735,0.03285394537157867,0.03427024942006505,0.030286833038854374,0.020873467347172825,0.020621135963525702,0.04106496069362567,0.01938044517581023,0.04070197093599385,0.030683617180538237,0.03045507027028418
0,0.0314143695908951,0.04113694828009393,0.02829743541340123,0.026054496277930612,0.014511414728298639,0.03357605164334112,0.041491454842303786,0.03324191862781052,0.03708173293442005,0.030546297872565298,0.03301040258073098,0.023612195166710558,0.024558428340276876,0.05482732846401507,0.016120937177892578,0.01757328540165642,0.026151257671299465,0.025850335356981443,0.03363971460492404,0.03713691340688596,0.03122450757254462,0.03419623883557732,0.024468026621898984,0.01313316938446936,0.05459124304384594,0.03945040467106794,0.02077433512260655,0.02791100817168487,0.042611397548492844,0.03143694020703051,0.027550811302909026,0.03352302482130707,0.026002062435283496,0.04479431482295278,0.0550074865900627,0.04940049892331432,0.013303596585843746,0.02206466040787538,0.024069117567644127,0.035057658747954565,0.03151028713043683,0.03907631297994758,0.028766309039354593,0.024447171701999896,0.024151992766475703,0.03482793746847206,0.04725348254450262,0.03750819701408456,0.03325104999591265,0.04311158883722058,0.042657154111728046,0.026910968543395957,0.03044782290568587,0.012629357201045448,0.018998385075309335,0.02462377009003346,0.009860029886271285,0.027224439685398283,0.035017341204168,0.023626297040316956,0.045854365868463455,0.015323080297460262,0.03816043851074768,0.014198309981973821,0.044383273771923054,0.00597190636103289,0.038275590238211046,0.04493652057608642,0.024895365109025534,0.023785964406171173,0.028633414573718076,0.0232399629436061,0.04292271077205228,0.027494293466429225,0.0319363431470256,0.02391975326565147,0.026810918268277646,0.035843740041920855,0.025162582876721573,0.038269462970788704,0.03550187513360183,0.04110088277314468,0.040412187588599754,0.017902395911806368,0.032775059223712,0.0489850117887161,0.04550235170711799,0.039349593544835706,0.036389483307577776,0.03040257210557073,0.04093010537566295,0.031573241292700414,0.03017331249770269,0.029651012191162965,0.04205432498058126,0.03701932400937166,0.020142818931997097,0.025160243338801173,0.04260966382517872,0.01987022392021138,0.029024330796506025
0,0.030222863519156495,0.00632556255754518,0.029869092122768417,0.02210935975106105,0.04299702636369484,0.032661577589630744,0.030286500243218842,0.025913825002035512,0.04497618929953841,0.017053640107950956,0.03417312058911823,0.029043240479178473,0.030605129370934712,0.017679929851805914,0.04118311204596001,0.02420197631175283,0.037494360523970545,0.04068314398003568,0.018803691751344297,0.03500474368548258,0.01793648744261426,0.02313284203414296,0.023011542930059137,0.04259006377919732,0.030448193543782046,0.024611452886209657,0.033267788410267146,0.02054821592973344,0.03680335615353893,0.02605912077596974,0.019114563221044892,0.014565945193227093,0.040488785336923586,0.03796726071111412,0.02065909746681826,0.03251722785377354,0.010291514836631922,0.042643755994580215,0.0332553151160915,0.04374074487515289,0.044083250250875575,0.03421330902970421,0.03085135966303841,0.03110413204980087,0.0397860060099882,0.037096317187841836,0.033210475595492985,0.037422935296192894,0.026357007890030773,0.04061189081769965,0.052701032162563506,0.05096521749140903,0.029607859217163995,0.023957372134768267,0.027791970754776553,0.024148397469804746,0.0256847313917738,0.03844042882091246,0.03383375287416153,0.03936991440049213,0.004624600050385012,0.035323621047952336,0.025719765700334952,0.027119752217816994,0.030806233278993667,0.015888988510566866,0.037447425769327324,0.022454767611936145,0.037996090237947956,0.014736835608158106,0.032156097520961095,0.03517606528103694,0.023552186425800682,0.017702629387299693,0.029615904396372173,0.024091668172767637,0.035400474214250764,0.007641251229618642,0.01720982374787213,0.03911081797785104,0.013059410668003247,0.009570454487439085,0.04388620473910422,0.0016110354089586137,0.04085995853607009,0.04315034322315797,0.04728178655215052,0.03262883379871277,0.04497875910600186,0.015981725053252772,0.04004327412429437,0.04055995121015126,0.05823664314520538,0.040775668460425685,0.03131996830349514,0.0374758917693037,0.022800568940767856,0.03604481004136286,0.01305077956115221,0.0357356252439712,0.02350380452902739
0,0.03033424907074302,0.03903120839713382,0.02506880169654766,0.03190316197336538,0.02988327202987743,0.019609191322917094,0.023829391133558663,0.02268624538887027,0.03504497441419675,0.03338566589256118,0.03019285660545384,0.050809855123800415,0.02113576167775183,0.03331695864354547,0.03441156618009224,0.036858250896327,0.014047427098067906,0.026952163830044423,0.013548557114597255,0.03847471007511487,0.02843818766610306,0.041071781749322134,0.02624198722247159,0.03922384188406255,0.03681989937315065,0.044119902308982495,0.027572269125712184,0.013452001693347919,0.028233828897746685,0.036161176619237956,0.03718364399301385,0.03975133924876785,0.02783883665350886,0.022869199389368367,0.005469009914468994,0.036603827081492624,0.05418174818191347,0.034985359004035266,0.03868685929829054,0.04422960009139174,0.027168706586361373,0.027167103445489525,0.04428214297655171,0.02556523568626954,0.02852044038590898,0.024618978257142515,0.03542905604698582,0.036536917703603976,0.034558894548313866,0.041009276050305354,0.016641825838706742,0.034995245230278256,0.034844859480767376,0.007375093825095529,0.029426310583979945,0.012380399896168633,0.042301937232097755,0.04234178612884509,0.007551015562749452,0.02499305317497484,0.02637046965616459,0.03129280647827082,0.022328889937198615,0.026360548538608638,0.02033519272662747,0.016852154119535098,0.025445288676830297,0.029002049448298282,0.025672272145947046,0.03002838575352607,0.038806384716487195,0.038716520981157666,0.049736294483073165,0.04142038271265249,0.042862397487192644,0.029347802722166094,0.016640151404876218,0.029773196195151966,0.03101211571366739,0.02848778001102378,0.02784430057433876,0.02043790695675112,0.030934625871308206,0.035438438666370795,0.03417977236777332,0.020538656685610432,0.019152758302913034,0.024061992490785084,0.03883866239528146,0.03422169752928397,0.014882242656921557,0.024651159982763536,0.03547876128339896,0.025799566535607745,0.011152170535323983,0.038122886069774854,0.04158541724616438,0.044236081730911835,0.02214808606622718,0.04069991981827742,0.047496121869250264
0,0.028359206572855067,0.023998460765119384,0.035323586858907255,0.01255036383315062,0.0397744923620542,0.023083079172926953,0.036187943444913294,0.010258948178235843,0.04233487191468963,0.019792572863559767,0.0350682590437552,0.03191917507705828,0.023061022114920077,0.03043013992847552,0.03464853647763925,0.02849600280439762,0.026606712339292498,0.009615873981992859,0.04783749924695167,0.03866386567574329,0.023986067995198725,0.022248277466013225,0.024416301195666693,0.019989705993989783,0.02995386604564272,0.03855148455297412,0.01820168741273553,0.015440726405381576,0.029049405964328222,0.012871835098385825,0.03912843367409939,0.039730900994274815,0.009776899938299447,0.01722871740551472,0.04130057409418714,0.025913097850300108,0.04039161837511699,0.032407986353612105,0.04347718628883084,0.016007342365525715,0.021689009749127828,0.03249505680322138,0.031001551951595416,0.047000291062621,0.03640049451518858,0.03361887958415566,0.033311378699882446,0.036435086454652085,0.017594326218937358,0.019148229372142715,0.026765658207995195,0.022628968860255085,0.029388521256379228,0.0401159687103081,0.03243666645697025,0.03997646923972484,0.02165575539476673,0.019371535178926234,0.044108648780998974,0.009163566846153211,0.03749348591372651,0.01640384575027158,0.04091296800861531,0.03936696184237971,0.024153254922943453,0.03703098060570387,0.03385570093534819,0.030772530770237033,0.025070682288407697,0.02448172968971401,0.021104483879113255,0.035762134351124894,0.041299779805732816,0.013606908859528605,0.038804193121162,0.0146796958701824,0.02956338171443335,0.02094550596906843,0.03764776104038101,0.03444981076260871,0.03494330842175092,0.011127044785517692,0.024183596914365096,0.03172616980141457,0.02589293011978225,0.02020582536129099,0.031128104467298263,0.03800421369473306,0.029108547401931122,0.023042765543211455,0.04720264940975919,0.02885177177686746,0.03173282312865927,0.024093305721194915,0.02090128757598025,0.014002188313907739,0.025510926866134417,0.009623842055386314,0.03640783511848383,0.02009818233598099,0.02669795747331072
0,0.029924436072280146,0.018074588444965754,0.0337130998371292,0.032296331033150515,0.036282115085730364,0.04797888513848755,0.01517776911114265,0.03136905606640586,0.030486980646080797,0.02625120578287935,0.02380939542586355,0.023689138445578604,0.020846850957687173,0.034754770503440696,0.02736597923053694,0.030626248691985436,0.028915000634327996,0.044946767923031046,0.02324602135413274,0.042190302162271355,0.025798622352684028,0.0178292011557631,0.03200061060352948,0.03442177393122693,0.04038631267837782,0.05079403635987571,0.029979130292281445,0.021562218383043535,0.030614112213429797,0.0190223082557717,0.02245665888735101,0.013225706629082155,0.03913437120264,0.026807012408273174,0.02092715141199819,0.0439596470271145,0.019153294911427362,0.02608173339069655,0.02860767899635891,0.01336870430857405,0.03374952579502706,0.03579192677093507,0.0386069761634915,0.02757561836563945,0.027917436523450485,0.0194567389888836,0.033102407462030276,0.026405135767590033,0.03597929059607524,0.01653674316137408,0.026796193870496463,0.030394699639229646,0.011990510855188489,0.043119989643037454,0.02980822988768343,0.021321745925527547,0.03962978920291868,0.032703362010486174,0.01714974096971382,0.025337028442648866,0.02796424282072098,0.04582393684402378,0.03548313131258702,0.028286942484414036,0.02861463079662082,0.03999097370096129,0.035022240137833074,0.04663761765556475,0.037116026640808514,0.03752888133364316,0.016729750388993766,0.0252137133906541,0.034853466581102145,0.029918060078106573,0.030981601217942408,0.029825982008307238,0.030398301325554548,0.02307229832670656,0.03459873298119098,0.03544279963591389,0.03512607161744491,0.03445793610997233,0.029138777538625885,0.027794208228250877,0.016089193144905804,0.015327736138783762,0.039206532153602425,0.0430239572509837,0.02348881422968115,0.02588092549939871,0.03573761843485883,0.02654429404613145,0.03210390624623841,0.027786059168416557,0.03731749876291954,0.02451168176535047,0.03518485512107163,0.02628791075126435,0.046149960014136036,0.02227192621157523,0.033986533216998904
0,0.03103300221407606,0.022279130526136684,0.033846593633006745,0.03253309424685238,0.02267666257842396,0.019288410519401212,0.0273875278802708,0.03590040025868512,0.03636594403528056,0.02141163549779667,0.051000913136927326,0.040034689867353465,0.04578781013255773,0.028516279404433027,0.01811465662675659,0.03912511682663947,0.031050446146851034,0.020613502752520337,0.029722085607345683,0.03606965362258297,0.02324850830344853,0.02951161020744021,0.04370025067930221,0.01598614322064551,0.024286137584807677,0.029407008033625053,0.03305228297915675,0.03019694775561837,0.017783908487346435,0.03392977958115308,0.030625326903908397,0.022138197264344007,0.018115317601470105,0.043366768621955556,0.013597466842526523,0.022649815221866095,0.020028413564916758,0.02459924594388807,0.03949587559813588,0.027597601914706227,0.03468722731782215,0.025795838996306705,0.03165600321900305,0.03616744713124291,0.04035781775238835,0.04491868812383644,0.02341551828940604,0.024813654120198897,0.050537430786164655,0.02216501444290825,0.046557215540660946,0.04312784730813448,0.0283842286396585,0.04565849314647241,0.02577770054597371,0.024010911483100698,0.02743814777306502,0.02669344682446371,0.039410473388811935,0.023004910311762633,0.01457497344848369,0.02862954584257337,0.040996030167881795,0.028225929682570358,0.05515218816075505,0.019621775925703522,0.030933650759794668,0.030156201864692398,0.030836454372456773,0.016678738548324835,0.02772900147427332,0.054239075356430036,0.030868757735806034,0.036710615705922905,0.03406604655819746,0.017884464204332436,0.03935027658541889,0.03481749783726005,0.025541126829430286,0.05587924029484416,0.03633097716376967,0.026949537917633454,0.03143678697148102,0.0242132458171295,0.04445872023722267,0.040421794465099144,0.029617976039064797,0.01060218520671985,0.04150952047343512,0.03579531457434925,0.02491427917966678,0.049803361631755985,0.022568652092205214,0.02747354991148364,0.035042881373490306,0.017924786278756207,0.028722849574739313,0.03767677956315918,0.029977588102354923,0.025756146789444292,0.029592521938028762
0,0.029497136038683938,0.042605210293318665,0.024238173542408592,0.04412462389585283,0.036042947252107126,0.03320064770315384,0.01754689194838914,0.04369351711638211,0.02868395939364401,0.02261229628946157,0.029490015123962134,0.007440345948938214,0.027352516400149105,0.01774244188797354,0.017394433788632084,0.03385816251589111,0.03111645184348183,0.043712015843247035,0.03375340289051748,0.015328474766314094,0.02194641747459238,0.015628751821936415,0.01061673384009455,0.03536531396996075,0.03822418488139591,0.030696582115860536,0.043255797310543215,0.03453459130789567,0.045481840949173305,0.028058106200884763,0.0352264824068742,0.054704142556103216,0.02037428812475872,0.045109018416823334,0.022006781076408348,0.02500447716845257,0.019672608492061257,0.041182825143021476,0.026217441705385255,0.030100967621481456,0.024241581776885804,0.029351137550562546,0.028297147005829533,0.035500546456783334,0.02747613736867683,0.03426413853116346,0.03847018478816068,0.028314141964701296,0.0264501461777627,0.04211766849295675,0.022809343616081754,0.03450988994425973,0.02280223351129787,0.05578420377595775,0.04318326043512527,0.04008054748527414,0.030140408881585645,0.030829328109558914,0.03402432125970801,0.03128682503088285,0.03232785556359444,0.02195748020376093,0.012430501458186187,0.021413682933304104,0.027137955817324744,0.03931619727248184,0.027178330063795553,0.012418805174239007,0.02763892614673596,0.023270510313948167,0.026295808898185703,0.03863720278324563,0.03149802414416235,0.02940899889116478,0.032063759949477834,0.022706779751101556,0.03005196343682513,0.0310921245776176,0.029073140855348057,0.030230422332774207,0.024216440945862432,0.022702713442100075,0.013106859634281553,0.0252311695318106,0.05250838890443278,0.01231922573828162,0.018220286286812944,0.018406496409591615,0.02367464975026562,0.018166586794167983,0.043663609209705835,0.023489909352150305,0.026426700170862252,0.033500236334710394,0.02835149647870046,0.03910984723449591,0.03112623387477886,0.012780594390654074,0.03938076943108798,0.027515896727951735,0.03638994946766837
0,0.029779698454347848,0.011981246240125448,0.05042372275514511,0.030528407349482985,0.03468632288384804,0.019955833604126796,0.02877043379630449,0.023790594974695396,0.025395247482780076,0.019994414895551947,0.027624952466518124,0.017088610795293734,0.02310259507151063,0.03964222104822038,0.03467048717343953,0.021202415566833284,0.02021757135741622,0.021393022923219145,0.040208045978024784,0.022652159798944693,0.01978022015047831,0.02025970590568652,0.02509679622562353,0.019645065551563975,0.014520738064380775,0.03152563440350127,0.03420443646189457,0.038274690173500096,0.04350316854910637,0.02606273035282646,0.029433970330506286,0.03328062477423214,0.03281952580575827,0.020905704714597753,0.034303089491344946,0.04670405348648915,0.03579550247380919,0.002431812784286568,0.019625376284229508,0.04076231089371368,0.02906972181825538,0.019532626555299276,0.018245422127258642,0.04686661228757183,0.02372472256927151,0.05173722300908337,0.05200020968543581,0.0014664261985005873,0.031803189430337504,-0.0070856735838309565,0.022296188717110466,0.020748373205982065,0.018624389611174408,0.038922128147355864,0.054612584270093245,0.01788803903279305,0.04053320805857201,0.05832238536793137,0.031685921992783576,0.0398701341987683,0.033606407865245144,0.02116594873477414,0.03644007760738557,0.025837341401629174,0.05061113449813971,0.027761502531373338,0.03509345900494839,0.03401697813081888,0.03259369754218471,0.03593647513712377,0.029945470116149932,0.03686809618045309,0.04753472019089107,0.0315042748786893,0.02383939029758715,0.020907344005336236,0.03740162632638637,0.02876223351281244,0.040089244161826965,0.02514455063800901,0.025735873915779316,0.03726010441954148,0.009766172366514773,0.040846687695264124,0.035954856070280886,0.03266619307296067,0.01610421083347524,0.031097843383625885,0.02910671826972181,0.034009833175828695,0.02808216849644347,0.03597674683489205,0.02119761884218633,0.023284065034711816,0.04079470547346445,0.0192827871642139,0.03373290222287703,0.02080912704006325,0.039931779108079136,0.039912385651734536,0.0342297978626038
0,0.029606020020872984,0.01768180922543859,0.031415482533156784,0.048332241382407506,0.019485231419219737,0.029076973035133204,0.026595836030626735,0.029983213850684424,0.031140592855235665,0.023008193063314118,0.027323290321393308,0.03258063127452382,0.026359041760884924,0.020429168248930513,0.01608456446253235,0.020423919625257927,0.02562966052233042,0.009609740957613442,0.02471302357369582,0.04589636268045235,0.029338558440422245,0.04187343590087822,0.03992826838935706,0.046188662592239665,0.030672988151633603,0.03603047084331317,0.025844965596637494,0.025232692994471253,0.028211023639781525,0.02804495923021059,0.04677697936413716,0.04238044093328232,0.029759663240795552,0.05338212249024332,0.03221076205217026,0.029629158757814782,0.04588496971545943,0.02325127049617678,0.030882944322543168,0.019532603543649007,0.027921448575887804,0.026504267739394783,0.023677800358254415,0.01812195739430674,0.023874112074165246,0.03805046942741611,0.03573163401067587,0.034174091385769705,0.0100926944904918,0.03645228225676041,0.018708561933232146,0.04554332298010176,0.022702360257373457,0.02426353703485217,0.032956133675117544,0.047864177536049005,0.010877738811647934,0.023398810432908056,0.027786155181660853,0.029882057450105404,0.03995854100259339,0.038829909657004696,0.02336880565895984,0.023604517770521683,0.03949250795650351,0.030905645345942083,0.022589448766651945,0.03543626978511634,0.03025140346245475,0.02914132473781137,0.04241671799343237,0.021771224867911353,0.023797876301226747,0.032563755308641404,0.03221635293637596,0.02307525962957379,0.018474341828949484,0.03738095681402835,0.056235355033614334,0.03862737978747344,-0.0012840848416045547,0.023988412309800942,0.050052743952102054,0.018551069725672113,0.03329135839379564,0.03025965125867731,0.024520671945716034,0.017915345178635217,0.027048855204249964,0.026212653992106597,0.021366306275289702,0.01748796417838793,0.048582809740412444,0.03191408169694335,0.01854551526158949,0.02242062056789156,0.02561863746482461,0.0299943039145121,0.04127088331124963,0.03609247225056453,0.027204605137475146
0,0.030293910414385877,0.015426213985257337,0.043931037679093614,0.026509252398746568,0.021698847718062034,0.01641241351695933,0.040154725747141816,0.01941895225860319,0.017054377143109326,0.02737968045786643,0.022196295098281475,0.029412442312294944,0.034021918273381364,0.034530599261765854,0.034862525044508486,0.049937330669529295,0.02540772796777048,0.01617736215746745,0.04543501312218384,0.015413120911105397,0.03016691811026848,0.0032529385005375146,0.03675252043539019,0.03605633551033608,0.034385635990801175,0.02225628700861297,0.019140071135270664,0.026606293842876143,0.04119257315282226,0.021182583087479896,0.023833251350992662,0.013182533519834592,0.045786556995121144,0.041239391668794985,0.038812182291285975,0.0374889213324426,0.030878320354121094,0.042203854617475396,0.023456329459255437,0.030996986310047443,0.014117951362994558,0.02023149311500668,0.046107620942412414,0.04013438220031706,0.03625388887479866,0.028508564981506092,0.030897155710266844,0.04395278035652558,0.04033895399670369,0.020033291862992374,0.04650079340619205,0.03817490357985712,0.030068155244169944,0.04343937566607558,0.031692735973356666,0.024502936344287393,0.02425696957478114,0.03600490273693584,0.04090501462609082,0.03956157620206038,0.03584497078870597,0.04087726909361503,0.024890503926993365,0.016868159243730755,0.03051187676478225,0.028805312780415395,0.04465230137174368,0.03646261379173983,0.03199573922756463,0.04548220381508894,0.03269420278026085,0.028421375709739124,0.028435635120843506,0.0388282957797991,0.03914601332675793,0.031185532379880036,0.03154644160560382,0.022589701040808312,0.03170361866897113,0.03175859182307932,0.028803555469371394,0.02353925719407267,0.04180993397971055,0.04819322716107024,0.025215495212789044,0.017483962656173677,0.021911015691746062,0.0131654874269298,0.021968926896827955,0.04972469480234249,0.027325721064179045,0.029022811065823082,0.02332405793511155,0.019464601310190774,0.024366733935245216,0.01715363927027447,0.028995632298193148,0.024054436845677037,0.029014793130537533,0.03628705044990719,0.0159318814480656
0,0.03142478083655367,0.005952192577560824,0.03513345917146812,0.043971095362952684,0.012124424794172514,0.03042971116282914,0.03792815416215711,0.02772865700432408,0.04651872221596964,0.03384052103387213,0.02989052493481981,0.0198817171316662,0.03520783024248014,0.020618939459320595,0.030031990032577997,0.03712386827903377,0.030866739335314995,0.017460321958405252,0.03652397466350419,0.017571694491687842,0.02230441327920027,0.031931445338847765,0.03755108889011248,0.03752472224379983,0.03230983531551588,0.03264606871763266,0.02751438223366858,0.023447178237869164,0.027803741698400178,0.027944155858913036,0.029891328253083917,0.022540320265170416,0.027525403689418772,0.04136815142415376,0.01934112473450518,0.03253605769884134,0.037184555331523775,0.04469576330842458,0.03321645933621938,0.038151500386853915,0.030349805751773422,0.024097949757445558,0.04761786277456535,0.03108008088934322,0.045294958707064126,0.042890877363878664,0.040824163232996376,0.0356810979624974,0.022823743257767117,0.034350250162006615,0.02811454197205128,0.02987928254152567,0.015197658651523225,0.034851958090798926,0.02858773968775578,0.03364229381563441,0.03324881818056606,0.032715918487779896,0.031070808604582324,0.033182368312675126,0.03432983138555811,0.02827068787465948,0.03631379410570019,0.03295556271947185,0.01458331072546643,0.03071837154838773,0.027437099864610796,0.03550769371004685,0.03887324804977692,0.022967857624155288,0.026345859013950965,0.013821085647670112,0.02942455484295367,0.031380024026468806,0.03388726102825073,0.026794153311631777,0.04321997802806076,0.03717435224209968,0.03609980924662824,0.013981894115561135,0.037840799375989595,0.03999191661547784,0.05138810821927452,0.023355887819862527,0.05130607981825343,0.030329978193043512,0.028210502475058394,0.02863406998930175,0.02630250554494074,0.05017870871699228,0.032028776607325574,0.007408804028841587,0.024901498351232502,0.03646792107372139,0.033094507709254886,0.030479409916153888,0.03505503062393315,0.03521328203345729,0.04143273228147234,0.02222941243604508,0.05080731025412341
0,0.030922919126437395,0.03676323655951458,0.035738216480216974,0.03370930754458239,0.018950726683037388,0.020543962731191648,0.03580574492255434,0.028280683048250158,0.030957127050735875,0.017974389859288807,0.020728942586285312,0.03573718268675586,0.0301145340894417,0.03088578625232301,0.020063351179486447,0.04030372421053044,0.025944730967065795,0.03837223015541083,0.05148053238225836,0.02676723039417486,0.038339033551590615,0.019457724170460215,0.020963511238829526,0.041181105052644884,0.02742446502675875,0.027528967845828388,0.031574103046233,0.034285203583797275,0.05130923363666729,0.040178978822201616,0.021612635039565592,0.02326696900476599,0.017731916841294815,0.020103452572434274,0.04421411930135358,0.030127713186968542,0.03764604426488955,0.02013143141773224,0.039198671323102265,0.006557328171237813,0.041643936554018025,0.03241805202104338,0.041715646644551865,0.04691686047540215,0.02459316064076629,0.042084145068561535,0.019447113501070652,0.01580808685468195,0.03755448199705114,0.04257215989337479,0.035701398151479866,0.02014663931513204,0.05166121721842784,0.025511274766855635,0.030008608058140998,0.047289427147043275,0.025999791558119507,0.030494891127299757,0.02403068442124517,0.0423344975111968,0.03272596292275014,0.02982805102988333,0.013905207861324473,0.0378343339510543,0.025770520169565617,0.04116677217264969,0.038579081931949845,0.04264657908634692,0.012514856624943897,0.047916995236546744,0.031247636335501615,0.029645677933515854,0.04051073509988231,0.0025593210769566874,0.03158899982917416,0.02798455542454193,0.018583831409802864,0.0314131154610835,0.030907957806399114,0.022923984850857095,0.04620781135484317,0.024947024537587282,0.027232755725490585,0.025397355243772412,0.023867382076611512,0.04131394499753094,0.0360965667189727,0.0211391927968489,0.03888908822503284,0.04500937416111306,0.02541817205364079,0.03698793883680714,0.030058308687899337,0.03433334152629386,0.030655179481887458,0.015430590069783328,0.029276914080666273,0.02749024422192999,0.034627131761329165,0.02474070715221903,0.03303239291182589
0,0.029152474895674563,0.026901515010672453,0.029006228820092565,0.04828898763362663,0.03075602706862828,0.04886618824801833,0.025799426313801957,0.04310834133460696,0.022150523960362663,0.03128720957094184,0.02984728439255231,0.026238659801524393,0.019605794036798026,0.027217410510938084,0.033740375937118094,0.033898102401969304,0.03811499870483322,0.039619562918838266,0.03388302200731538,0.028915391410696392,0.03802822777314747,0.03255080491789639,0.030577729430294277,0.0331270679856122,0.027932042816039955,0.03404977283093552,0.0276946713699976,0.0109237406499544,0.024537410157634054,0.010591262157869142,0.03400306812724369,0.01547200962642307,0.029879689926063616,0.02340305888542283,0.018970890055440358,0.041434839581350275,0.022874395666129806,0.020890242147705133,0.025437668240205498,0.027963307658804434,0.01687884586184794,0.03505584564365091,0.03698286493091622,0.039497144770255774,0.022842976482064604,0.03658600801570734,0.02944719685105523,0.012279445970120206,0.02585707636132939,0.024105673435959808,0.030316175092930445,0.04213291509271154,0.03910584774324086,0.014452344056074725,0.018761345385461606,0.02799757973325223,0.027351943315140827,0.030196232105981356,0.029786580082185227,0.009282617890885306,0.04156430029920112,0.005144796608201826,0.03147534328092278,0.02005256681346359,0.013352999078189844,0.02968510491695232,0.02718656704504768,0.025794101119399344,0.03855027477822847,0.052929805258833174,0.03490626009542552,0.01456681556142428,0.03149412777471203,0.030774013349295883,0.03555593788180443,0.043229440527570884,0.028979739565177156,0.05475220598173516,0.037728839125432574,0.021011199159301275,0.010781738371205066,0.042204362082395794,0.01690585696232183,0.029625915758406667,0.03365391877528012,0.0422464120098662,0.016695686756269826,0.03141915109260981,0.03547427465679599,0.0432391565828165,0.03863914216960587,0.03156722666521244,0.03258947614895451,0.01358809885121096,0.012369281363687656,0.0156903712050668,0.03666606804609627,0.03879165901897988,0.03529509993993013,0.02601744987546889,0.01654909610667929
0,0.02880790723112614,0.02938762956969409,0.035570984569419095,0.037658314879590385,0.022444896948951264,0.031165903179145884,0.02384306028547171,0.028122513099566548,0.028369678436563992,0.03300589562330916,0.030757521647393603,0.03622208470288206,0.017162312533249027,0.023230620194056306,0.030835855940153367,0.026867695636781076,0.03911263994329461,0.036993460032493826,0.024462728212312917,0.013412985517995243,0.021368077769932606,0.03979985805983969,0.020552523093433563,0.021845992889513548,0.02709895533107157,0.035238324869223965,0.03600109958059312,0.04422153073192015,0.009316125013515933,0.02731087766509626,0.033434648631310036,0.03021496729829164,0.022132635449413032,0.031541019121375385,0.021877604400373965,0.018595262984552094,0.04101569808040968,0.03631382885533398,0.026673793457270455,0.03274004292368451,0.01750606428822534,0.022504458185719136,0.01711390214530737,0.022590119685244058,0.03399340714922101,0.03605108567645622,0.04145124159923977,0.037722169357670844,0.02264915994838364,0.035602771980580775,0.04136635271186021,0.03916916575868262,0.04534466036662096,0.030770215772051655,0.01645855537283623,0.023632989855395782,0.039159044514636185,0.031156875557242253,0.01729378781968153,0.015172175373286953,0.033431175349215206,0.03447142720714704,0.03651223862509222,0.00454251155862067,0.03132020600229179,0.00828776573287163,0.024480951648158465,0.03921948931678516,0.05133450971872094,0.026931281891131316,0.019250859382530426,0.030245373953031195,0.03573316584990544,0.03397833591832897,0.03204757283104436,0.03129038312397618,0.03369813790387639,0.037012830987589423,0.03874565483406617,0.032669450730047574,0.01694584307107576,0.03097440004610069,0.02062696857844329,0.02883150425441836,0.020225958598160614,0.023888457728991563,0.019073584670613486,0.01879072793446241,0.02834233422543419,0.04210129782795419,0.032698111556340295,0.033435193341494515,0.0350519247942829,0.039789633571044765,0.008977880986382584,0.020160200647715235,0.03304228344899649,0.02949270098212422,0.0220079435526379,0.03791277313166674,0.010589827323021439
0,0.029474127509786216,0.008506540639196331,0.023497583283122403,0.031882287092477646,0.03535961265366946,0.03371533885840438,0.017186095189735243,0.02711945506651582,0.03698591042849754,0.017831038838867184,0.040373145670970834,0.021611353250277437,0.03793309292396432,0.03353395024403884,0.039945438470354894,0.04606415860328682,0.03066913462541412,0.03489092900845569,0.021625771817769437,0.022283327711151223,0.029910418162590303,0.0387769613428822,0.027496030201179262,0.02795743162197297,0.023772636516938412,0.018244561092240763,0.035451140541268834,0.02347232073781718,0.007969276673824632,0.018282548301496664,0.02650291248095047,0.02223966278316287,0.0287253802680653,0.018277067700911597,0.03138123612811791,0.04441888486946789,0.022229537633264004,0.022053981469936312,0.01294129169620515,0.012627738913355648,0.036861014947000365,0.020202121177012256,0.04910662362589939,0.023538326961196746,0.0586174101749867,0.0220054791234854,0.015484540456382095,0.03020069392054075,0.05201216696375777,0.02254594736208588,0.03341326842619304,0.037374922832075094,0.024648144496036455,0.022173681805256033,0.027851774807971106,0.029117106418247954,0.040427964446155935,0.029437632307467206,0.02803630706786898,0.046517483099080076,0.03283742209488017,0.027272159230341073,0.03804649810081007,0.023511567357545594,0.034439246996033616,0.03168306131914555,0.035830888523289015,0.035617005456624926,0.015315226833535728,0.028216074894443346,0.03982589780857041,0.030478855087770363,0.018680511362074,0.049975048806282465,0.03178990343147915,0.03122243103150962,0.036505671122771144,0.012854094168389844,0.0310524666963957,0.02435466947409741,0.03906038151137603,0.022562566524427605,0.034271136466951256,0.032709723162381764,0.025359889439583488,0.04207025884812568,0.013216342802641081,0.037625061975147825,0.022020465284601186,0.025318174121749523,0.040606051199822635,0.03528708360503045,0.038612264410586974,0.042607661531341434,0.05166656166895711,0.003606859724835959,0.01947214860552452,0.022141047015240764,0.03212856790246624,0.02700682252552038,0.027237188925803624
0,0.029908419666669,0.03269467170325765,0.02340936653784648,0.022162433382614984,0.030949367466727225,0.014974829966949094,0.031009789128475886,0.038877492668028424,0.03346322888481136,0.04090064221520227,0.030305580673220547,0.046404233167260944,0.013489685562767969,0.007507524857003258,0.02608099450300544,0.030184249806273638,0.033009817334844004,0.03531149244753429,0.010450590698443105,0.03932878454767773,0.038028595800775465,0.019526667512473582,0.03810598151438139,0.03262614974157317,0.023333037682216326,0.027486593332700524,0.0274217862455991,0.03958995406545601,0.015518515684844537,0.03203310368200952,0.019469909832175877,0.027186692352543233,0.05605825860128977,0.03413341837388212,0.028160764959096234,0.031383836006452406,0.014038416627293281,0.04509641305232186,0.030591333002820974,0.026271871353493327,0.04109614301647872,0.038304980107648254,0.036807744228839,0.011744768914709092,0.04212030465968679,0.01839017923329772,0.036102498989590955,0.022147082352837417,0.026962582983629826,0.027225859358759222,0.021467821569258465,0.03518420756201956,0.0448539640635089,0.01677609860255208,0.025732884440837864,0.024506818858258093,0.023402511083838402,0.034553918848567,0.014760336774742044,0.03617640562219933,0.01974077002454043,0.010003270415534945,0.03653120277957774,0.018623551599406388,0.02171040855284346,0.04103308439717749,0.025947356348079938,0.024373677661783368,0.04153263418072452,0.01936965679498999,0.033952643250038675,0.04014228103458406,0.025015752626947427,0.02774141915269499,0.008840453465144667,0.02347997497684439,0.04349624567346153,0.04269045615903637,0.02056133835337963,0.02936226240910814,0.03688782863479233,0.024074362107912955,0.029761163577689907,0.03309111314547218,0.029785194040120127,0.04135985146246655,0.01883156461908677,0.03840040262840856,0.0236766276261943,0.05241182257169059,0.04938926252629677,0.03060171624508349,0.04123925257133959,0.035594618564885834,0.031236177986189856,0.03092824418463447,0.03230262063958833,0.034074704857390295,0.041492190912178956,0.018836215245593747,0.03782540641738444
0,0.02854179296425121,0.016181117799009354,0.0196441177661152,0.016860562435599996,0.04090431753555417,0.019184534788808084,0.024369464771510117,0.010450953484384184,0.031106925187906125,0.028255162379610756,0.019609827638249283,0.010059023630146713,0.022000192556365525,0.029332208731511166,0.03972719607819583,0.036521265687228896,0.018360181736425986,0.024621483313543753,0.01362036462327098,0.03962669502915674,0.02165283649340001,0.04355042153582076,0.029412270186586185,0.015866330052873055,0.019995125810500877,0.03053501977547362,0.025089082845507576,0.03813688334167599,0.03451292405907493,0.02258098768526224,0.036379195900334435,0.038913822614078594,0.04174583825562771,0.021690873401525555,0.05457672660952294,0.02927389363099365,0.042955249903007836,0.040097149178259565,0.03063878019042428,0.02956077450914022,0.013873986078385858,0.0417836864075273,0.005367505026222203,0.026437070170223752,0.044266196372342206,0.021276446985679653,0.03753552087284599,0.0342859228316671,0.010878732352610731,0.020135514242630867,0.04442367208902772,0.019438472648171327,0.03724490447733779,0.04221585180809205,0.01741744158062404,0.045483938558356786,0.032920372484134555,0.01503383209483368,0.025275076652084866,0.02135142888763783,0.031133408677900272,0.03323055393808693,0.038644613386324425,0.024214956190044955,0.027701478938841166,0.03617024201808958,0.02346656737771681,0.03964651002052971,0.03645253363988354,0.03854310504907225,0.028724442606285518,0.04906196894656813,0.0200446915900206,0.020859002494913598,0.01798750063622217,0.017349955113469654,0.020687426897016727,0.03943255520647393,0.036310877234032146,0.03346846640416936,0.025223942619506178,0.02732723690205087,0.024611948936092747,0.03236917380657596,0.03485428566512701,0.033757688303967616,0.04482658142151983,0.029445129667717285,0.016268087976854247,0.008060928205042887,0.02576635960097253,0.03936956527471816,0.017844315351245546,0.03399943876901719,0.02559967142968734,0.013627427479585272,0.037130383267002895,0.020482067425659754,0.01795471451815714,0.03501384376890693,0.03327029589793332
0,0.03077210361431797,0.03188106099809651,0.03554909561058513,0.028645943289454873,0.009111372317996178,0.04039499641255446,0.029547443976505543,0.02995429152327745,0.04265895645652237,0.04151829387296283,0.021214423262315558,0.03525262760113822,0.037982368011026536,0.03393157908992452,0.035121505328988806,0.026240373416154837,0.025105015420786535,0.0347021106659503,0.03705527197366534,0.01785809152243412,0.024744487232393468,0.037324054260990634,0.013853505983733402,0.02141354947628949,0.02593793816135309,0.0416982001403223,0.036134456843193996,0.03686651440768845,0.029699220244528503,0.010022021207508718,0.026744912956994542,0.02661048918726605,0.02948334623414661,0.0479874053313268,0.037712098464821334,0.023262650640843072,0.032873084996678015,0.04243937261541216,0.02004913220177136,0.035472291201231194,0.0184853815808775,0.025262530010499357,0.03911402555856868,0.024640621367608924,0.04578607772079269,0.047232404725394514,0.03350423295190597,0.0381557475306097,0.026689777131083926,0.03515143290584589,0.028960408424469973,0.024963447731454466,0.04924444353586767,0.02966685688931357,0.011311221622027762,0.03182644517520357,0.018892703856304077,0.03223123276007117,0.037575196530213566,0.03130774500223547,0.04340436231864913,0.030393028115367954,0.03868715273209001,0.030335238165962265,0.039840242434173626,0.03469717223030472,0.02023524544230222,0.02411444900689347,0.03993442254882218,0.013921625241872217,0.038441631956964456,0.013607282558401414,0.026504595653659334,0.02537499328910677,0.02383167772633039,0.01896584933679249,0.0463874156088695,0.04705627442172729,0.039975970504553655,0.023123015833129226,0.01981666993496599,0.03699187940361502,0.01029882679059202,0.02353879548713905,0.03956082987592013,0.04018539228157861,0.038239791443741705,0.0442296356865694,0.020782488225572774,0.027019779630078917,0.02241947610528885,0.03722578131510503,0.04776839612668765,0.015814608133464594,0.04427167108096123,0.029374393551764983,0.00972108400701344,0.04636059532573444,0.03639129976855411,0.027250178238493943,0.017061658343801578
0,0.029698012152152238,0.02576786404984547,0.0456729294795669,0.021620779709141696,0.019875409693065928,0.0192428378185186,0.03834906096258246,0.022843784625621748,0.02555756742631977,0.004858601934581944,0.03480718475221819,0.029200579708306102,0.023657156441210553,0.03572154629010712,0.04627070084818296,0.019710811266804632,0.02442290976678916,0.0321172338314844,0.026446708366690472,0.02490667277349154,0.03805086379012215,0.0407772352415336,0.03354986129854705,0.03395951479822269,0.029635871868466068,0.02422534464298161,0.030237836591151857,0.04387283242039321,0.0360271931119806,0.030851543996090313,0.04020100491267887,0.0171449524838842,0.01169792130648186,0.03335892355714198,0.03211993071855153,0.037124508905491266,0.03337231634682786,0.046119130463370406,0.0325644547372269,0.020027020020093003,0.04965257333632339,0.03506596807924525,0.031052314212938966,0.04833857628885681,0.030287487174666734,0.026366141215515768,0.042257201131520115,0.037299512649232355,0.022831527637697094,0.023549174568942104,0.015794302716212728,0.010065557341834175,0.022045613753069567,0.006469303267032017,0.02146793128565781,0.041543884842995316,0.03320696168719861,0.02734625821432697,0.022191756609150418,0.006759098204588868,0.026705319551394963,0.03325163003884971,0.023467262403444097,0.03518272049776045,0.026380040723600322,0.022896224291241135,0.040247192606387296,0.016797547430984026,0.035820018994912516,0.03457877582836408,0.023834172982690218,0.04433716341445536,0.021632709607038413,0.04006548966777305,0.030141674241017255,0.015494616308844756,0.038723763457411936,0.047125515038283015,0.038247785865405184,0.022227008749166634,0.03899629706941983,0.012262430660591222,0.02308547878208517,0.03470852912789024,0.0229172484836676,0.03379223244891694,0.040130024727830504,0.03782088687760105,0.03409303178007006,0.028223499485765156,0.035358148531952675,0.034902334391836334,0.027781922276935288,0.03441978722248471,0.02547088795969143,0.025027657558820308,0.04319624667696122,0.031129748761689433,0.013374318186109485,0.035167165244470604,0.021226962088638605
1,0.039807216481292595,0.026609403826575933,0.05527120386173632,0.06592786253312166,0.016367337135550254,0.06458740415512929,0.09744624062753138,-0.004501964880683981,0.09161461137726419,0.03089021827181778,0.027528878364549925,0.012758337831698476,0.06434896269023982,0.06017104925595519,0.0035180208030537036,0.052144545134427414,0.03636503631276504,0.017258145391936763,0.007234906782904109,0.07830702884284155,0.051629514131312476,0.0723276500660898,0.007214726678365077,0.057198859212716294,0.06455736386917549,0.04526198910322599,0.09822028602224153,0.023821099320939586,0.03287676347349756,0.07442243632872042,0.05680626939963936,0.033551896205427714,0.024968069562802918,0.03596083944443568,-0.023070741234547602,0.04050471006288388,0.0436642321851197,0.006963096485338487,0.07733071882237696,0.0821446027046994,0.05554272042799051,0.01935490914368912,0.054038291981171716,0.07143528632504366,0.034083825679608035,0.0423752740658734,0.01663280267412501,0.02316270118171594,0.03451864972175145,0.03840150439923313,0.04517558460982941,0.016072233863247857,0.0773319164539441,0.06961641807516865,0.049548639036616625,0.0034325680083504145,0.010451894341316562,0.07781194107467584,0.003073762479039052,0.034567929656192584,-0.010894134421389423,0.09878786090119074,0.012069363759921178,0.054679554157124874,0.042139083715930274,0.06851611681458965,0.036229072653993805,0.02378607764481164,0.04832025860406347,0.05388086595819859,-0.029470521473313062,-0.01171598114998066,-0.013441998772333263,0.0854582608861189,0.06571691724729785,0.06892395260764118,0.024423297245095305,0.011740577246234653,0.05754100573300103,0.04357888633936102,0.06504013114280704,0.0662804268343998,0.036271738320792946,-0.009681081267734308,0.024224216437684867,0.03517680539221907,0.06075819020067623,0.04832284767461372,0.09441119891642752,0.04758056226305594,-0.0073846277916291905,0.05930438540419805,0.07589209839894091,-0.005275684029403115,0.0309313040786605,0.010672618012663171,0.057049423711659344,0.03355554191807078,0.055298350407417096,-0.01984700379545464,0.005041226840177382
1,0.040510734043908286,0.07117724977753852,0.08277970076578678,0.0525153593869592,0.05342947537567529,0.0636581584831729,0.01101217147284671,0.04579391439530389,0.08468721286049877,-0.01205700083556089,0.010299742412090009,-0.010468751404123122,-0.007524585132988475,0.0221827594752481,0.034056734270380785,0.0041979001144354655,0.041857230760503204,-0.005242728418797263,0.037514283548901385,0.02882532505024615,-0.008147447873081082,0.045985134252852236,-0.01904321450216445,0.07348039860606043,0.03938422028647382,0.013978836846016862,0.05680919374222729,0.016630157517841946,0.09159694059122796,0.059497719366794585,0.03770236748184721,0.043808447871749596,0.019722720075343415,0.09500194669886924,0.000712575290057603,0.07550373021838315,0.02143502044123923,0.07649375853166412,0.054973943242277196,0.08164077434975234,0.05759237611135587,0.047234208279245994,0.023224131461883016,0.04110374877449377,0.0001726474099933567,0.0211696075391702,0.010363810661944601,0.02908099431676831,0.028923432045840053,0.03025396065372756,0.0350802566964841,0.03383971914790844,0.09007822927840228,0.026556989977292562,0.010111369993456468,0.0725422944572568,0.05645674515013259,0.0437409095567066,0.011058227475619024,0.04815427585094831,0.040282711649545784,0.041774065168744746,0.0783347691381836,0.04628345816699115,0.050397858831610964,0.04302433355810551,0.08213245021353513,0.011047504035662258,0.08389992376703989,0.026002825371672377,0.078299963316626,0.0797336014140331,0.03423186346738727,0.048652069968381915,0.05177021496168902,0.04662101754289129,0.03864373720113956,0.020966959256704058,-0.004455533331976416,0.01215980870020051,0.05885611902755279,0.030752340384067038,0.04379929320964665,0.09312364142678355,0.036461216899043046,0.05290977266107212,0.05445167793353539,-0.003532533364494529,0.0206817412360915,0.06980246168772773,0.04010921028389256,0.05963479565598573,0.08808777364049236,0.058911473363107855,0.007963316072318628,0.08413594467177797,-0.020112965026422902,0.08305792940625968,-0.020964539078655045,0.06672021310630719,0.03382160856439222
1,0.03853915485063182,0.05101974337417599,0.0012554347691791645,0.04323127634412277,0.037252534438864476,-0.040033948190870465,0.04594427915156972,0.09008304587965671,-0.028370110378134326,0.018731174382011846,0.05123874660120178,0.005497378053382129,0.03966933118984353,0.02915456090109916,0.06865309914861466,0.059919346431401496,0.010447958783541447,0.05650558081722558,0.013402105329134162,0.07677200053086028,0.04213041029975168,0.04098855110991526,0.033910833264152,0.02138981550258878,0.04438777054153514,-9.785283859523042e-05,0.0020965485639759945,0.01889996156094945,0.06988248173555235,0.013953490863512316,0.028008059564346377,-0.003288444354661288,0.02016296225705408,0.07009427107010463,0.05508213110164806,0.02342712264238984,0.0027353674535737227,0.006151960890649483,0.04767321442770048,0.08703515758824544,0.06918304945972802,0.0720767295037251,0.054218219842103885,0.09678402716670148,0.0509747915627531,0.05669503571157955,0.028516722831328313,0.06389486407801943,0.029896872140023165,0.011854996269650024,0.01962534700170443,-0.02015182932613984,0.023582094165923766,0.05674887293187053,0.03549773467599444,0.048053359505691534,0.042352960124384914,0.07601030368794003,0.053757585630985205,0.006694725870455179,0.029520936164978882,0.08091283332285915,0.04692397027697451,0.06669252172528008,0.04722258080536433,0.023218913558421362,0.013324378926599201,0.0021709576565161273,0.03181896803321101,-0.010716494705974813,0.06727287013659454,0.00901938314846831,0.03309952255966513,0.07656146918351711,0.04102788542844355,0.03581935885013462,0.05848700712098624,-0.004108742787286387,0.029969625110134176,0.07219902231494281,0.03731306860528202,0.08923655518691537,0.030586364974280005,0.03301445948691357,0.06890166228037292,0.027307091831318058,0.046422498709498564,0.023349235291202905,0.027450270110018733,0.03307807448560321,0.08002567880656075,0.057348807166407334,0.07182976622153635,0.020338264350733017,0.04365280785332828,0.0453607298571645,-0.013683502710406789,0.058945851415827935,0.04412414811432366,0.08226417879472046,0.06534869376606042
1,0.03664439071939151,0.014151285695541124,0.07238959429775993,0.02182016325146144,0.01256728418162354,0.07419240040315245,0.012767662487383508,0.05035266322254957,0.018714404847222532,0.08836012017661413,0.015024989695235105,-0.014839598133114834,0.034078223453785875,0.08556413405584155,0.05071138538047096,0.05014091113357221,0.0038535777375409766,0.014490384155011013,0.0639746640977599,0.06864482523771617,0.06121855927873587,0.04891571711448796,0.026527983012477677,-0.0022099491667399856,0.04352022502369543,0.07740099213766655,0.04473052521432263,0.06125133509327768,-0.01134549074748932,0.06876222533072218,0.045754522351427934,0.015877677995501657,0.08845195643217027,0.00533935484914623,0.036348920989759066,0.021680718814839826,-0.010418038393009477,0.04916864782600301,0.01771348076959717,0.041088443388318664,0.030368727205071368,0.0052115394052464695,0.07067808404318629,0.01461817879176355,0.028752391961170735,0.004009543818893603,-4.629149331167315e-05,0.036439576295184614,0.053536075944833054,0.02386232823223152,0.057663623544748535,-0.006498763225418577,0.05674058235361598,0.04245460704323523,0.005457508105304168,0.01942654901369929,0.07843833483112632,0.007410318805658976,0.044694500403513075,0.06610789688755689,0.020057925336277697,0.03825376197388872,0.02263813526227079,0.07530130152573625,0.03755419563580624,0.05295174548533773,0.04456533470658277,0.05863129921850381,0.06731137226408715,0.0740803736693961,0.022257177662345213,-0.00759374224066145,0.06569171755008016,0.0719153682525672,0.01233723343813339,0.06843330693497682,0.03817010779189983,-0.014678788463442012,0.058747572931083694,0.07368246305914018,0.03202819007011233,0.04238902903497805,0.015295393715458919,0.0030438344415624208,-0.02023369367122485,0.03474836960361515,0.029475331086334242,0.02338914455951024,0.023613012869444637,0.06979225749686421,0.06164345408386085,0.0807160108948981,0.054167028549883145,0.03627318535184474,-0.024198499620294196,0.02046892285496174,0.06582983053929861,0.014366172250124199,0.07356681547576413,0.056645178954672575,-0.014949953255876038
1,0.036876886392728306,0.0030941052532958147,0.052252293827865635,0.06598478539086022,0.07386070705406836,0.01503311471480795,0.08350833509336891,0.04212268234253336,0.07655736169504397,0.06228736423270941,0.058842563234699705,-0.04088330043441848,0.03219637029645952,0.04956068054260475,0.04099415181551895,0.004122193371013522,0.040026922207232,0.054495837140369006,0.09726197625962447,0.047522242096597694,0.02515725529615296,0.07778372654858816,0.04044812746058139,0.05983439224229508,0.023851733687947012,0.009168723261071082,0.01730165964274269,0.044015124855513565,0.026414504713295713,0.08788785912904723,0.06280029420881038,0.05166600082168981,0.058697524573009294,0.058403503770136034,0.030606614865217957,-0.00021523182928075146,-0.010769580819851167,0.037857483528036515,0.02591361967825649,0.03675838510277059,0.03515653039860475,0.04323107175961154,0.036883268205748485,0.026536307341281838,0.030196483972992967,-0.008655083386575592,0.03232087328993539,0.03189190172388019,0.07140201399402377,0.04531512917221674,0.011497079344128764,0.07857535410343565,0.05671165545115465,0.03009421886708788,0.02814128744032208,0.04168733391535116,0.03410745448171051,0.02709156919570549,0.05994451085974428,0.04573201633622581,0.060199373985403995,-0.0008450228053541661,0.04301089668977991,-0.019486617565132515,0.04992987413108553,0.061732086145974224,0.04052331428676861,0.029298274925517176,0.0005283328515950231,0.002384399310124491,0.08786172056445865,0.0020059261595287564,0.031208573242921075,0.05154576991185106,0.04208294319570853,0.02267295033866931,0.01417252929757595,-0.012437164052364995,0.07190577988707056,0.040336450941669155,0.00262861025048252,0.01804028104643951,0.03132679072509437,0.023530033658003716,0.08078525591522796,0.06292122272263184,0.047037732409861484,-0.007859763810806504,0.03462456648761313,0.022260393750247402,0.005077899191247105,0.050776184547118866,0.022186634063859834,-0.005598450213296191,0.0073539678350829155,0.06537135590198158,0.09960519463009168,0.030819822353708164,0.044720548696986356,0.04211774481578672,0.011049139515746983
1,0.0330955231006662,0.023107986928060324,0.01912542323943525,0.04698788728556006,0.06139213782001725,0.018660140113383128,0.04288290963107551,0.02011745126076293,0.0760865321793183,0.008986151040052837,0.006446063824148786,0.04214411110512304,0.037768616935093334,0.042193492446530666,-0.01630179039652034,0.008393189159932632,0.057393783152283086,-0.011292071567143847,-0.0006517811373965496,0.03296841159659823,0.07991690337447331,0.08019039791068402,0.02701650814463364,0.03971232927635508,0.04611914501696616,0.0512481891673196,0.04235078548860727,0.07049179859857124,0.015897056777590273,0.029239129136524857,0.02327025898234026,0.03734205715052711,0.03492987956997176,0.02872962270945497,0.0892143241161352,0.08443359224264078,0.09885851198723447,0.04001630736758661,0.06423221137343152,0.009847080628185262,-0.009679315579569761,0.038671201914572885,0.030644507237557156,0.051521685912044805,-0.01889000132296692,-0.002782998485434493,0.04580393403554238,0.06123222912193227,0.06344140993740924,0.0052690380148286906,-0.015109654239342359,0.027842468389517393,0.015451186233689053,0.04905485555197368,0.021587659390952762,0.0559478104292074,0.024373155387330585,0.07227329730573823,-0.0030454220222382936,0.04250300405863236,0.022548899359796266,0.05893439795546798,0.07798279986027801,-0.017255192936111476,0.054663071123853005,0.013113300499818459,0.0836143305591061,0.04274511968371651,0.010501961401762305,0.02405276636303386,0.05066028435089734,0.03142171413668639,0.07788977731194548,0.006841299150213531,0.011090723366309608,0.03340491581538729,0.01772170029925937,-0.015675047243374478,0.005248546801316242,0.03078778860351345,0.040301735738323234,-0.010700552857616757,0.03964777667818529,0.0686795908437767,0.0713514312937101,0.0704563624808745,-0.0067182882256323,0.06669016343763505,0.00625606131032385,0.06075726757578849,0.020861286572562726,0.007881253684114839,-0.025308351222575833,-0.017326675354057415,0.002188965583786312,0.009531620640075414,0.06847873031586238,0.0678259292563563,0.05822184117918293,0.07371918817241707,-0.04911096840627285
1,0.03915363160452334,0.010365331224004078,0.03940157600118665,-0.017682080651570772,0.06842123435691837,0.06338054609748534,0.043126345378523286,0.06109716053593427,0.022563500247709565,-0.017075757376053692,0.05405227552825446,0.00878439334666644,0.03535398782298496,0.055203492353028336,0.05682474561655181,-0.015498795132160466,0.04865756165520299,0.03285752565548164,0.033306886895349684,0.04176646601251877,0.08962473294243917,0.0045866487964109914,0.006182869722736732,0.004496794020478617,0.003019141784179717,-0.002962659420593941,0.028683359735946407,0.07692050689085575,0.045743366903418584,0.09406734417126364,0.03716863364422297,0.00957953948603791,0.0026153482402452993,0.07781182843282546,-0.02256013120169601,0.0593946501223049,0.027801254570502178,0.09248614866966345,0.04500970390493867,0.06969828082637934,0.08665261644307631,0.09218455405410415,0.057926869905183295,0.043261311621063135,0.031062299840972307,0.013652532135146247,-0.013372112551269362,0.008703739819524034,0.0802948746436545,0.05136644299969642,0.04071860148748378,0.04153135718628681,-0.002702885033343032,0.05160859265853213,0.012878629276727196,-0.0083216847447974,0.04920144920639157,0.08381366623755032,0.05115802032269247,0.019517571003364955,0.06134920720012611,-0.005340908828469562,0.057172747438219304,0.025904363071983377,0.04410685094885571,0.0603756526637623,0.03710773617398952,0.009643614390132366,-0.0012581730823556098,0.025068144673324,0.035159694895328324,0.04398566210750063,0.0899279783697684,0.03718103868784339,0.03863019520372647,0.09465200475388857,0.006747885682823078,0.06984160162634695,0.0055008590305789945,0.0527695153765297,0.0119038725196536,0.06411155675523375,0.05649090406091495,0.08819134245773261,0.056723507975919074,0.08293206774536,0.05408327065415918,0.004163882782709988,0.08590556124656312,0.08951374789718095,0.02729099921937384,0.04245869981747073,0.033050505584601556,0.04532363127103081,0.015163472763839912,0.03028463259111528,0.07342626969657783,0.030169293393143788,0.02772688597333331,0.009551177784781841,0.03296200355512052
1,0.03939384262777841,0.04145724549492972,0.04576327103693565,0.013066569448075101,0.059040595198557005,0.07588561649881674,-0.000886668561192315,0.0292069656220124,0.05166295278812539,0.03910848326085393,0.07094826355628873,0.007699373849302291,0.00955132262075993,0.04547233994416447,0.07907741223082992,0.01875106404227166,0.035448879780641665,0.061675810971507275,0.05415434740020155,0.07092802139251174,-0.007244288567461607,0.08429810668842913,0.030066685716794023,0.07514665841048974,0.057242796376605495,0.024785905511277344,0.027411829327651606,0.008377188499590786,0.04422528786179796,0.037062723523238306,0.04805526771003239,0.04213890250575548,0.017338596320219817,0.008272986171056963,0.025251473978359022,0.0223318666462216,0.007801493058990708,-0.0030674253438676274,0.04946945321441813,0.013176858376820411,0.05356205689887189,0.05381470698189149,-0.009926461566385311,0.06416351670151917,0.03671732783834239,0.046368975853599045,0.0496658426928713,0.09679417673914005,0.028697924758632518,0.055207825393522696,0.08421194983841787,0.006118095300707033,0.026486063029716705,0.028843328349696995,0.05902387797585201,0.0518024793978841,0.035287136895084524,0.026078922183682296,0.032728164074815526,0.04908907958699553,0.012542688334485144,-0.0010988984767030113,0.03826061302989372,0.02597127617724849,0.04574994830593684,0.055893258731916695,0.046658364503557676,0.0185845925478958,0.05959248287369468,0.09419138513642211,0.022997743302352283,0.06498316165420548,0.022698801442713714,0.05777321651207776,0.018238551284542916,0.048063811460593166,0.018173342831061173,0.05663170914305292,0.05735230825501995,0.03602830403638652,0.036593112229930745,0.01766124421649779,0.036188323311934195,0.015388546465163654,0.039769238350364076,0.018391659663770453,0.049095186389016436,0.05575448501663907,0.021592861728456918,0.005651882784524047,0.054702894939108494,0.09919254052655338,0.018816609663526385,0.010532025969358039,0.054155998647208575,0.0817856360711301,0.004833987884972163,0.03244614288918703,0.0739705792927654,0.08609758797852683,0.032587836185983036
1,0.042921134844887826,0.03683636084252131,0.05479253385319602,0.060216928174672196,0.008986073580087222,0.006017072230937004,0.014619243768728838,0.07113985472210121,-0.0017013847795896014,0.056994004855147516,0.07521425132845541,0.08732197633147887,0.0609929953194899,0.033834031843125514,0.040660280558134115,0.0625796023579471,-0.005090937394678148,0.029251462005621176,0.03330499668375533,0.022233880653158646,0.0514616952226255,0.031379064903635456,0.08158175305142348,0.02676221897189029,0.06463874797470463,0.015448816631802805,0.05940548929866777,0.027249711995355454,0.030497172076833567,0.044337690096429114,0.058891964782776265,0.05638434404165432,0.06880921859869503,0.05331531193119401,0.0447624784858277,0.09375156531143436,0.058492115075761686,0.05868428381310752,0.04298495017986658,0.04676595997166917,0.07990161701775328,0.036050650406537474,0.003749986369791236,0.00450653665684593,0.004686092283850897,0.05531211976408782,0.019577328946225644,0.013249373835225214,0.09415893366098693,0.07932910682771607,0.04399895585018968,-0.018465621377910503,0.05946990804299215,0.06443840610799653,0.06108074052678777,-0.012415168704356737,0.01950995086145977,0.016571966276868123,0.06999057128577624,0.06366734537860756,0.07073868669412084,0.051090577736847095,0.023272583599934192,0.018908396943241305,0.06185667652668227,0.03371638454290207,0.07404929658657008,0.018973267476789322,0.006499629292089783,0.027373497678584914,0.010614268481533025,0.014175142074441538,0.04735550801597165,0.087414965600416,0.07777414853152198,0.06250573619917027,0.02237818451386467,0.04867738967235584,0.07743889102579242,-0.008678749356783678,0.03591522102574179,0.04141475164940059,0.024234952347897496,0.05013574884361394,0.038101104161567506,0.05931351068920067,0.05785759179783438,-0.004003657725598901,0.05948364549259214,0.058404069538578074,0.022451129220427756,0.07002930591761301,0.0667779798422801,0.08545159925548987,0.03798125342993183,0.07527633369844973,0.01966092915942971,0.012368461329646866,0.018054080890759865,0.0745467410600726,0.04034767166073193
1,0.035978392497421005,0.06416885713521621,0.04990404664440409,0.046812889530888795,0.03096779306259674,0.031230838040161614,0.04374188360989341,-0.04587187870975739,0.021537351859198344,0.027288921123371064,0.027630031378335793,0.08609708449159048,0.050037254231474905,0.06541829490577895,0.05668401451197909,0.034408007882305115,0.056235656795668325,0.040755137677316845,0.008549767965790898,0.026747211583884607,0.059409215942318946,0.0418718703049751,0.0935251344781036,0.06515120095357038,-0.015213978189508585,0.04845848523476245,0.08574215938236829,0.06208626690887809,0.07087328424975398,0.08300358437930346,0.029296210690933282,0.026797000595408065,0.050675098786626877,0.011317550923206882,0.04541396157139005,0.050773514745439924,0.05305446587701153,-0.01118009517252299,0.06237428871890172,-0.0015138100409208335,0.05879323517657829,0.042006542896527874,0.020147104147106364,0.040487850516260485,0.03511100283090947,-0.012006880843354314,0.048862197531494345,0.026516527175647613,0.011496548294449536,0.05097736057137468,-0.005951905479882363,0.042451408531910484,0.02372930294891214,0.03409765592183678,-0.0015411505065961936,0.025083558830894394,0.022306653279409762,0.018825519758318542,0.0011050957517044005,0.015165796963853385,0.03189089774066306,0.02019292844802154,0.0264123791026553,0.04386062177272956,0.02041871869668867,0.05119034911650885,0.014837614687338265,0.04025802422929007,-0.0102883040188433,0.009593584006972376,0.06347694408342534,0.047991808180347616,0.04554919111458968,0.014949217361445305,0.06897376144219203,0.033154727079541244,-0.024154610608226844,0.0007632699889944666,0.06823964395289149,0.03823735078889244,0.053738267026112445,0.023387146353937044,0.05241454110002658,0.06782919490381538,0.06382390064983716,0.016843827862131323,0.0012653328387773402,0.04919123612815579,0.039977531626019414,0.05106029971424707,0.01820828175190321,0.06538168043785343,-0.00533057128428497,0.021808709314422338,0.06484308861622427,0.059315709247373054,0.025792160907088447,0.057404940247850866,0.04712958083925356,0.03858857115113042,0.047695704786655885
1,0.03667126698533808,0.07669540020835089,0.05042178402911852,0.06258386218350037,0.053724549264140234,0.012331238977446288,0.03689733414400665,0.02150912035831469,0.049314248054336096,-0.0028311579284544877,0.033499417526109146,0.028183625991565948,0.03308888876351777,0.017454709596380163,0.017546829981609304,0.06905775444209483,0.061717147363591573,0.01722762072272069,0.007125685747566238,0.0934437723482372,0.01892577148780352,0.012203264364905497,0.0495531298165169,0.0727840337412152,0.0037428825785779524,-0.0058752580779830865,0.01972840483926817,0.02460744363218927,-0.015619898471065742,0.011351158797670645,0.05977475625160074,0.05283332669053094,0.05979310152556999,0.06499506971523211,0.02847326379879718,0.03107648317535846,0.020714093884946654,0.04402155504049705,0.04178611998461101,0.07583355858294097,0.05165725419302822,0.08121507014864607,0.035130674361745676,0.0706459502507929,0.002188069080695243,0.021024393360196236,0.05215174442692658,0.022384492095394008,0.07339005503630588,0.06630262838974214,0.04522253092425802,-0.009126618685922107,0.048399174533002055,0.0034631150396274846,0.034603018517788284,0.09003763018629518,-0.03693051773416462,0.08991955825020911,0.014237991854037027,0.011119486597282163,0.03539640681995631,0.03994574288135463,0.02811509578818488,0.025155708522051505,0.015501287235869576,0.000959195056274724,0.015271144599784136,0.01996296273079448,0.029818107701111003,0.07473633499454099,0.06695650265353788,0.01714591202007034,0.07449705276980848,0.04991972939804796,0.046266918286205605,0.020753248833382146,0.021318525036421742,0.03204909126980794,0.03869410006628454,0.005576892073027057,0.020760051769347084,0.029328679600946872,0.007919701091507865,0.061568479777826486,0.08296066220131412,0.008384802842415502,-0.009596048275849131,0.0059422001595025795,0.05266103238505038,0.05816565157151109,0.05942083452565923,0.04406085519468154,0.03371486514285238,0.01472368720043108,0.047411154730524374,0.06401161896107589,0.048020748905435506,0.03506891236225908,0.057071987647924025,0.05594756054527031,0.05480950749838524
1,0.03531810481562442,0.021954438812834993,-0.0032661272246707618,0.035614993714681784,0.07536145669363506,0.0445986932372589,0.02663081139460145,0.05501795567411299,0.007182703386850765,0.05655653256270234,-0.0040050731942401704,0.05069011077656552,0.03396177028579733,-0.00912963257053101,0.04706926522541613,0.07445408546596362,0.035057511505883196,0.0457518205002479,-0.011256313740408863,0.03901924096722242,0.01730270982758828,0.06326499139344906,0.02896268950114956,0.08180317887348221,0.07078502192134963,0.06634707779902471,0.0843073715621463,0.04118435420735694,0.06472400391515498,0.027199251875345602,0.03702555201415008,0.034177391322544576,0.01252279017772534,0.07256575875482783,0.000996675880821675,0.013326131188628174,-0.013975540557694982,0.06174113515094516,0.02383212994091627,0.0805082830020411,-0.004480515299354865,0.06776717090098563,-0.0017476588501391527,0.021841593595310047,0.00376474584792455,0.010279036659412513,0.03428482866583418,0.02443545467019076,0.07013097802733585,0.037698588711334774,0.044868842212926474,0.005272525603143063,0.04528108633959564,0.03673832067968098,0.07127559780576197,0.06845596412746925,0.06158951070860738,0.04861654912988206,-0.04043216752049212,0.0381907558744738,0.023967789801669463,0.011254623414985926,0.04123965967147067,0.03468913170286494,0.039624867039555,0.01871657648881435,0.0888172939479629,0.04794053090205527,0.03641351840997979,-0.002291866135615772,0.0464733241468479,0.03138604275407242,-0.002838430873220818,0.053604807695427095,0.01978238101636215,0.018518052715484117,0.05937137925810161,0.004933983316386482,0.08805205832014612,0.01445155519649307,0.04765724527406527,0.033599143854127066,0.05800965249435347,0.06751145140438708,0.07868546912438715,0.0036712631842648474,0.029565230169356825,0.02422637174636103,0.06856154999790956,0.04550703977006343,0.0338893788746414,0.052286886841498265,0.04558132015684849,-0.056168039156947354,0.013474002776955988,-0.00620284845097737,0.041212207317593286,0.06108075621667153,-0.005713996876338466,0.04294973487684613,0.04462297406177256
1,0.03867877585843458,0.009236773394971858,0.06884962994008878,0.03349477818274579,0.04619422947506116,0.08326649359101293,0.011585406200818608,0.004071126142546483,0.026888747531564255,0.04152072441774113,0.0114046904618864,0.07941424257949972,0.02387445415234059,0.054986279387919876,0.001921808235551145,0.03460170533525839,0.09190539950053475,0.04157811015255692,0.029588309755874634,0.03323463174439262,0.03979862645296102,0.031434398704923275,0.05437626762548056,0.03468244923783238,0.05031758512831952,0.07691685403958082,0.04484039970972885,-0.0041234861323238906,0.02184108032906916,-0.00205412822713176,0.04019923561295954,0.04824681190780053,0.03552696664990843,0.0610626502451959,0.07043558298779797,0.05793674538851678,0.0253933391154251,0.08421129918669538,0.06352330283664681,0.02997435782826427,0.012808155366916662,-0.011148522335154606,0.035272178486150885,0.02264649083969442,0.0973530831164783,0.023801322094489957,0.008689383525649207,0.0914933101439006,0.05353607688377497,0.06332970347279349,0.02800145910679793,0.013498136050800521,0.03557126021438173,-0.002545352495243354,0.05899230505072818,0.08236936620731225,0.02200017900985619,0.037014568031466695,0.08369191646058652,0.0022326057364965707,-0.02314161993746041,0.014835569746299123,0.000608466233367029,0.026924675055288345,0.0379793447792671,0.03420127391450981,-0.002594517511486545,0.06952165499195237,0.048780968568373294,0.06577356738548602,0.03763823740305285,0.013289815995596678,0.06157306949444928,0.047408407128774,0.018338332351813744,0.05642089536671521,0.024519906559360448,0.03195218423640051,0.08650144185696947,0.08213354167234616,0.00273457973632113,0.05982119890860965,-0.010964008389420861,0.031479188486848504,0.02129703410505904,0.011438210861617365,0.03101019015191847,0.0663216370622622,0.039227836643710816,0.07769099994770104,0.08589260465756368,0.029783547149939082,0.05453624288474235,0.017988999193205464,0.051344914123192746,0.027334799654808117,0.011283980259390647,0.027813366674550033,0.05612257030934055,0.009535456787615939,0.08275351756551386
1,0.038446759106021654,0.05037191133633552,0.05507465027838453,0.06047373904779684,0.02569945211556949,0.049379724218087055,0.052889220459753625,0.014269867755127022,0.062421464703530744,0.030834421605547415,0.03286891867585516,0.039348289835305694,-0.013188188696291507,0.01494956396776961,0.016947143396595258,0.04860057545534515,0.023784099566242625,0.0390562293278623,0.07258963366094667,-0.003232444227639651,0.003290091585124298,0.0660866060942647,0.01956601791975777,-0.0013891876999786446,0.08264824831257869,0.03379250744259522,0.01313974978852402,0.06025130568254393,0.026669801140109327,0.005939695126469045,0.024224563542196965,0.036778801264426376,0.07580170016746761,0.06112988015687293,0.0396907652393656,0.004651886077062725,-0.019318594430237347,0.06902489975755709,0.055581999859257596,0.0770383314533506,0.05631311609861711,0.036734745639331275,0.029832147690467006,0.0472649117712877,0.015352972035883958,0.059558603245537314,0.0344216805083261,0.02503796388277089,0.021989512942057914,0.07643539665594506,0.07429363357025634,0.07011356852144518,0.02495114500768567,0.08494735530682992,0.06562499195613346,0.06083466820999619,0.023031032616311838,-0.0015500447330275835,0.07433073413431487,0.03894431958363465,-0.00393778366620539,-0.00583554689187487,0.04572294458719144,0.05825773321653473,0.027350612872595555,-0.009529012114874953,0.07017962537260503,0.07261236195249302,0.0495044810955279,0.03238006377309948,0.034805556033198494,0.05052277197046303,-0.016730486449752627,0.05262127738749206,0.059972525324344036,0.059169166611256506,0.05604383276758027,0.0617629586642936,0.03436708596959623,-0.015757006675894934,0.0517785725979924,-0.03315844641848,0.018234303808454887,0.0524776064327336,0.05728901335396784,0.06743711546549841,0.058541445889865734,0.01286754232499885,0.03936253880046764,0.011411448436009872,0.036933724062466054,0.021978996410020296,0.051841062534831714,0.0568184640135463,-0.009643528966929105,0.04575810990661411,0.0789496443310797,0.02640475692106049,0.07147568642105177,0.02937364475281138,0.05886125211919774
1,0.0324555511799544,0.055607571723120294,-0.011187885838584065,0.0975638663902276,0.05764836828087182,0.047299976559896095,0.0571608194856012,0.0012474695824214385,0.03728034279058445,0.030527565550459088,0.016220015103340733,0.047381050934197665,0.06624384340912298,0.05149229055909886,0.07166106591016212,0.006783331440019233,0.03534572754635643,0.03908786388376176,0.018684203174069377,0.051513553748551995,0.03549943354482304,0.00667865104386231,0.019617523173194647,0.048128815043071406,0.05615810384412988,0.03425121920444986,0.025998587434117353,0.018639593646337608,0.040726959797225265,0.022381851497206375,0.03716343500744915,0.04990546831145861,0.051979598954677825,0.010699052817902774,0.03245727904915126,0.06752941334056248,0.005523960606983631,0.06321313564517109,-0.005324244157945142,0.042093853256120375,0.04468759598767985,0.016575727064097195,0.05705636713389932,0.03414011053745768,0.023705031896111853,0.012568235282004916,0.02619963058044003,0.019968907192205752,0.01803241393640229,0.07664987737010642,0.05333206415903889,0.002309381260497033,0.025705923299763178,0.04026384213966699,0.02160224615997333,0.0022282122383141395,0.053401452276136525,0.043153335239526594,0.008302185603798376,0.07603770780924818,0.03643310166978605,0.0033252464313895114,0.02138674934097236,0.017897614045591394,0.0772509886746436,0.031961913642728074,0.020524660270783913,0.01901011815942235,0.020845729527423425,0.036510333918219784,0.02827493296188288,-0.010923507927954816,-0.02064037983080412,-0.0015766060989748226,0.01074209365558293,0.015090407133302116,0.02416227045251735,0.005412492603659724,-0.008397222294167103,-0.02615852250426661,0.025276037491428927,0.03379770311050874,0.09539064671375042,0.004446701971231558,0.009276961856040624,0.057481507560820475,0.0454970396988548,0.03918791410866656,0.08118602280944218,0.06471759413996131,0.025099202687518654,0.035162312953614695,0.07054567253717457,0.03548883210300993,0.04631382243025536,0.019829656481330532,0.06259972182131411,0.04586137309513617,0.0103827682208383,0.022408599976669948,0.017669633936536498
1,0.03517373021457957,0.051986396806812746,0.043274770771882645,-0.0033463889967137797,0.011729217209913725,0.014789305024021676,-0.05230667975125151,0.0522840312834691,0.031569543576638076,0.041214521205660326,0.05585223780167625,0.07548388434558781,0.05003016008710312,0.014286305513106421,0.04557100592075,0.00477650131692868,0.0331377640581144,0.01309008450084424,0.031536055521922915,0.017976377913023152,0.03987732558310773,0.02851248850314849,0.02472929177241606,0.07456158358956527,0.025368899513201204,0.02658800348568581,0.038424491567369205,0.06124533722526452,-0.008706409183475532,0.025612858137650563,-0.004319377094836922,0.012938765991642585,0.029516218786112866,0.03217212962689365,-0.019112299026160844,0.05516383486458854,0.03407488232376617,0.04100709110806774,0.015612448027337356,0.05209938421453248,0.060352176025777304,0.04362275993214609,0.08744652668233077,0.07526494366910717,0.05668511937696574,0.07090867498435459,0.033171510566386925,0.011504467599506647,0.0006724623153267842,0.0472090623581103,0.059922184352199495,0.0808153802599226,0.06472364106733701,0.05138651778989357,0.01296802779754612,0.04685945274387138,0.0585260741484525,0.026555424606492913,0.038329471721207105,0.012023137916395872,0.013180012873280696,0.0007460876795573057,0.04010887669190374,0.03673776277436727,0.011770728423861104,0.06376676274636608,0.055223270366735605,0.035287964344076404,0.07380579223595395,0.05660420869274141,0.029009218260539045,0.08949555356651884,0.009097888944131854,0.04693264288356947,0.004243252768400971,0.03461066472541059,-0.004946315918681082,0.08500903745569383,0.014215755260551795,0.01572323236465625,0.0844642864792285,0.06535449239800842,0.041511184063861145,0.024116827165228696,0.022237286965106743,0.025397436181213786,0.01958288713446352,-0.015156846972558057,0.07392745131702219,0.06592525535553996,0.0200148358611503,0.018077804236628244,0.04286569503289495,0.04219977227024359,0.006248866571457373,-0.012573630480726225,0.060226018859630456,0.07231429498315364,0.02824229869024102,0.0386294023246915,0.02589594684314505
1,0.037829808069507975,0.026457335816332056,0.019226260776329024,0.04997127325124183,0.02207242760133852,0.09295523529101715,0.02888539096241555,0.02472467122174523,0.020965753804965463,0.060393569267634284,0.013007293362969241,0.03729092433423969,-0.0017828005050422036,0.03018336974971763,0.03466456419419632,0.017867874758300883,0.06818583346624328,0.012186471506065659,0.02459623334078026,0.06730809253992888,0.026942841671873677,0.06795094756975846,0.08301844784668053,0.06516667016432803,0.03926192369735805,0.05581405142098354,0.061931494679625665,0.04600466501180775,0.03127809014751226,0.0118425114263064,0.057167739554159866,0.07894460783540616,0.014944182469906087,-0.0020152086041633974,0.017969152905383378,0.05052424888284061,-0.009112602925797145,0.04524757388446422,0.05631392141243809,0.06726038824965651,0.06675674913278108,0.04127229281981008,0.016139042170437615,0.05439108257346801,0.014337309893710778,0.0699736186573275,0.07601674253185116,-0.01090361250256218,-0.020883478536003357,0.07743730552054338,-0.01323572489561442,-0.01666294142055231,0.010636724196551546,0.06048935145125388,0.07512780343074896,0.03461239667489935,0.013341306301530534,0.03399175122626014,0.010609167251073515,0.03821703639015241,0.08686318603991514,0.027673044326641846,0.028759220698138136,0.015589354934682217,0.028162425914512068,0.09379998434946679,-0.0018541787825056485,0.04364142501412887,0.004636363220058344,0.030126312541583985,0.0394828961940732,0.07775935508754875,0.04860311561690274,0.031055403615888502,0.02008978158341232,0.04281790442555437,0.057588003000948296,0.01841799162836224,0.02517057399527895,0.03905580576063402,0.07812295845752461,0.019206644979861978,0.014990246192641853,0.06797497581683531,0.011949995542125919,0.0795493110860907,0.05590808678654185,0.04041032597442769,0.05648561424218901,0.044842400079005966,0.0467095812685147,0.043860721163029394,0.027573209546601796,0.07170153325153703,0.06429715005412606,0.010700028761018797,-0.010216235521842608,0.06204416456723815,0.03587661587134119,0.03965531925592906,0.016620845502219057
1,0.03989742995266527,0.04009296314468961,0.0851906178078853,0.011832722216349633,0.08438204130366742,0.03435106928801218,0.003928221145315269,0.09587586508720768,0.04200295241937738,0.09171220060966878,-0.0018146271087451857,0.0625523031895982,0.052817571894102563,0.04004960920713752,0.06617359725659476,0.015184099862033385,0.08567993112885487,0.03845835690787701,0.057921718365054845,0.050504165341965265,-0.010637745357119102,0.02712999084889983,0.045409496684919545,0.0469225625268567,-0.04278505323675425,0.06905249558868357,0.025157611485482588,0.07408213214705767,0.038859829674587745,0.08542480768303537,0.057360835726605615,0.02742489036035651,0.07253485798983156,0.029813990904708924,0.019709827924662672,0.02814978977138661,0.06737925662615937,0.036848612542745046,0.055280031742759916,0.009101644665363288,0.041900284456382886,0.023523970485852686,0.015533971648505358,0.09813656739569712,-0.0038131365969870865,0.015110102501539272,0.036084903792983514,0.030192143566454194,0.005741017908122016,0.03361279164764534,0.035835314025067004,-0.029288269626828976,0.01889149796197724,0.040678378264091306,0.041539964777715196,0.08429876013147536,0.04662328380924447,0.06974319815337433,0.08931529489760326,-0.015445263100351082,0.055510705425474316,0.07239237143573499,0.039668461743486,0.023899401581005335,0.0428847881884918,0.019282178257359825,0.013490566652177509,0.047066153052468446,0.028693629964105037,0.04612730986321994,0.05026081966531233,0.03667653347110666,0.03813649165779364,0.030246167944858928,0.03581679237380411,0.05731958638538817,0.04278717345414039,0.06952663689391309,0.02977359305814572,-0.002505736787819554,0.04260893727011158,0.027939881973685195,-0.019526242641638207,0.010800449142926986,0.036503035901684536,0.049144543630500165,0.018786516918392455,0.06149989845300702,0.07877626122710239,0.0380569318710215,0.0972507973482209,0.012028282639049488,0.047650225163566394,0.030166713750231708,0.0631452594048244,0.04590794965423391,-0.01665567989453895,0.027696287058807688,0.08007453889131869,0.026514313822827797,0.056990447934585936
1,0.04069799659626649,0.027438511014951126,0.07578518311559107,0.016735012025885017,0.06544874565152078,0.08099817281192953,0.013083782175160801,0.026234839994085022,0.03458338688581306,0.027327980116275748,0.06834686371783924,0.06583061922454583,0.007896339711918256,0.04440046435260059,0.05176895008188835,0.0024369086195851278,0.028819931733307557,0.021037539887405497,0.039631696522163244,-0.018150002117632923,0.002391986260171272,-0.00977030365948238,0.056267384819918484,0.05946961771298283,0.046979103468673206,0.013576716136873723,0.022157816988238013,0.08253501418111625,0.04839357358401929,0.03774698438601924,-0.003640182061959832,0.030482176930418783,0.017951313324652107,0.07166658662571412,0.0511076483558251,-0.004932943583814256,0.09412021361925003,0.048218687597644666,0.042437703200615254,0.0517802724269011,0.005656366481803329,0.09737300055824072,0.020922228414736666,0.04369371246637339,0.09011195989851087,0.04410467545815307,0.029183007177134408,0.03454228737750483,0.015240278858154033,0.053120486019030036,0.0669767233190292,0.03132725073330534,0.042970515149387364,0.057945568726352994,0.013970906937778645,0.05580710106032539,0.04754094517603484,0.059377555556056796,0.031089834206310153,0.020771724884843915,0.06618065518820221,0.0592228536400398,0.006886983740612605,0.07598778819492474,-0.023350053792142035,0.09498378047927081,0.03928541129366985,0.04752650267771464,0.0675536865248785,0.06663322533580578,0.014108010947240995,0.027649861819219572,-0.0003211782263695534,0.05157128917008602,-0.0005990808713157991,0.052885024267729404,0.054015058314967626,0.07475562038635991,-0.0008078154540599528,0.03295377788001344,0.03700440623917031,0.07659354431046754,0.08530006723472841,0.04480082902600957,0.06567532384380888,-0.004002755443665809,0.05733448271399184,0.0248566027616658,0.005333804532705794,0.029286776535570793,0.027419651550856218,0.05721492885143943,0.022700497984445248,0.03856938643590656,0.01235101641910583,0.08528285721734478,0.06438152398074605,0.06792612618917435,0.09313773321222876,0.034401941377903256,0.03678908883852098
1,0.03755034515563782,0.0037947217596853086,0.08519688398258309,0.0785308955126262,0.059781739674077114,0.07912964813333861,0.025491092581492687,0.0384795133681473,0.0031053481674507832,0.05199852140740303,0.05194342334445504,0.015355618369752064,-0.01632196113660983,0.012955554954980606,0.013682140938896949,0.03162522242422355,0.07276052280877204,0.028867045083063952,0.04904089018595091,-0.04084681559558335,0.05254297460321862,0.048540271029173666,0.05505332089646213,0.05720129217598943,0.07435303256303967,0.0574929145066581,0.03194453809704299,0.030521861259005273,0.03133600862617817,0.030804008273362667,0.06471780991113521,0.008799241941202154,0.03689661468879764,-0.01578307674759334,0.03251151036868623,0.051304433148794744,-0.004804899302548432,0.084473713214544,0.007301098205199086,0.01447982073546478,0.055067345858353114,0.0503836487303364,0.024087695681838234,0.02269414097699428,0.08138120233809742,0.040207584800099214,0.04253553749116353,0.05907111634839171,0.011450072950694244,0.0747437921144672,0.0018530631913558915,0.02817232477679267,0.0798893804092452,0.06460193247889573,0.02268657742651149,-0.0012688396447905342,-0.026836624590707604,0.05290365909629953,0.015997651316149195,-0.0006939818775348328,0.0899104046564688,0.04073488715681576,0.07797901928347291,0.031286681787343555,0.054564133110536185,0.04624407189568228,0.04962582970646037,0.04830070425687584,-0.006376959212299166,0.03998721362892279,0.03619674463962685,0.011405999169082519,0.0726849729574851,0.015880092150703178,0.08694789762425492,0.031083057372681903,0.07371141343888436,0.07299086007784567,-0.0004791485530662998,0.06686125452102627,0.03031792215253088,0.033055531260730214,0.031373859221825215,0.028981550558881373,-0.0026008291099307926,-0.009366938307855205,0.05703863475431248,0.03636366703426344,0.02132127499383854,0.07314616957745293,0.04944862210966565,0.02352444688899167,0.054775796586800554,0.05971201712557551,0.036888367355202685,-0.008362130728781975,0.0099000341165583,0.05756315806054438,0.025098695059568937,0.037721239420147046,0.07641052373348607
1,0.03556598958453149,0.044631559579244855,0.04363397479818476,0.03259921654860741,0.03039898755964868,0.06294475840652777,0.03487888887258592,0.04939295496820377,0.06456228287715017,0.012693072220328672,0.022982720450019593,0.09160222892240749,-0.01768273264569871,0.020940483460248738,0.059551591444703,0.038893139600816244,0.01733444964767361,0.031579859911920034,0.029805074331207864,0.04544647314914618,-0.008213272199135396,0.00950334161130616,0.0016463757021245862,0.061327654079691055,0.03034625735861648,-0.029933041985236754,0.019580590341243258,0.04269357258790719,0.00040084108835794496,0.044163593087391734,0.011846098695272502,0.069064039793565,0.050727204760848923,0.001617976736268685,0.05154592308999974,0.0749213304434023,0.025334726476335945,0.05920934625221386,0.03451346256595282,0.0503460254836797,-0.014576710416394835,0.07852852795209156,0.03244300120668298,0.04327141852853513,0.03241426098728761,0.012550275401715227,0.06837579459297535,0.02771677111853999,0.02300112704391874,0.05157930094318618,0.05006771330904208,0.07326910283177632,0.021621303974283346,-0.015587109847458841,0.058916358181514375,0.03379406187238504,-0.0003492548640412346,-0.021841202928777212,0.03455203754057511,0.02269216390217034,0.05307235537420108,0.06324963199942352,0.01999362526350979,0.04356692764251781,0.014903615351019233,0.04407281631712284,0.04689062230722273,0.01700831551525515,0.06992804079356589,0.033056164385445785,0.08753626971516898,0.044921862640424484,0.06801618265522397,0.07767232767364854,-0.0013770577154492633,-0.014165353786248648,0.05615572564989345,0.07650019221209878,0.09301039023279528,0.05070996436566691,0.06236352873056531,0.07022807285579526,0.03740849595611857,0.02577835823022278,-0.012414635113912803,0.009889391784353628,0.029722412968017756,0.036530688838145316,0.05422434668021503,-0.0007509304483094767,0.0650142133120652,0.046767019334959935,0.06162995888541925,-0.04471369857042199,0.027531866492574622,0.03891829469310421,0.03975784121904127,0.004617192621108081,0.026236693724232735,0.020278946155009418,0.08358831010960008
1,0.03614180952231993,0.06870925284954459,0.03905352135311972,0.029386146243964066,0.040794629241100694,0.034127240961259804,0.03672906603027372,0.010082072240443211,0.04908441804939982,0.0164819449887166,0.0684177242997141,0.005570745389184166,0.0025330403776395727,0.050765002682855526,0.08414432657470115,0.018676059708072026,0.031122493337336826,0.09057307848697599,-0.007390185683412653,0.02949919601242348,0.05807079278511118,0.06100420648490488,0.035401616044948486,0.04200118706834322,0.0606592961922438,0.05311641689289442,0.02522069115937253,0.042338169898744955,0.04386535141909725,0.05197489352810391,0.028108404993151113,0.04644108878939904,0.02807482847504903,0.06183852108358411,0.008265592766369713,0.05368291156879278,0.02087226392357792,0.011755755196119762,0.04706409871167025,0.07607266862550618,0.01317828007122743,0.024902438764810395,0.02453589698648207,0.004647164306929991,0.09895787556682653,0.04749878426703001,0.02636559934128964,0.03498486751147135,0.04630643512188541,0.05156030164051735,0.013439261735306508,0.05562541525676648,-0.005563710153131153,0.030941135445459657,0.028394401363017865,0.08510218452873738,-0.0010775587949151469,0.000637979993624499,0.0005701312360540112,0.051646426615025914,0.08505594453929596,0.02000019797703854,0.044857918388481986,-0.01349231463799392,0.024759166952611707,-0.02181997393696928,0.038091262750311196,0.00032003287977083045,0.007027597206276506,0.046213567350538116,0.053675430102591334,0.053606103614031064,0.050383380472559455,0.07010799641283892,0.005094752374388334,0.019124544868221335,0.008173698091207354,0.05654889251701345,0.040839750278563715,0.00934782761736292,0.028949755377837266,0.09330653082513944,0.0241316709753576,0.051442679145179956,-0.008022629876018574,0.09668239608049886,0.06067951500564925,0.033510515627406805,0.054077002129690965,0.0165246210232305,0.014681064045156924,0.03855114182851578,0.06470728323317278,0.027688873558181948,0.014339651573068168,0.056455978407783464,0.056473412368313824,0.03958436843433708,0.013175567648646847,0.02780684401792837,0.024677095430063307
1,0.0420389442303641,0.0464221673739815,0.014862091417342214,0.05567433248012378,0.03601493548767838,0.03130289925314642,0.012346153462171609,0.03717426170946518,0.06810320800806458,0.055852148658929374,0.048678678679497156,0.01618123066295605,0.048207447190226876,0.06531624868286015,0.04724940168434658,0.07670343718744588,-0.005833680946719849,0.01623445300197468,0.04193359404492106,0.06456557661857369,0.030291993556299718,0.0874608079995245,0.027109165684598785,0.07807516671739409,0.02054990704034492,0.07123828134157065,0.0009905084926668112,0.0020056650129718634,0.013062654113413487,0.04322447075033018,0.021276096634074874,0.07377334015781228,0.0655743084659943,0.08584467577539251,0.032473571489128356,0.039906126878463045,0.02841712063069358,0.0711978099438969,0.04628764548328252,0.04229141248028211,0.049026999207930064,0.03161691199107054,0.049993719129025664,0.07919437168981916,0.0419725721060847,0.06775421165771683,0.002487942491940731,0.0209520820616062,0.07737386934003913,0.001259131311280609,0.05685618623973998,-0.025046540030760157,0.007768118488951564,0.038624218062570805,0.08580679753279963,0.08122138768194098,0.019370706990406904,0.008986986656778686,0.04769088152004058,0.054776236448207644,0.0316076598890876,0.062137448180605875,0.04036437953487087,0.05852872250191116,0.03683048304737712,0.03405577546447988,0.051199566266163586,0.06663533417676801,0.03487087374021861,0.0472890557942458,0.056549079281814726,0.028805843984551095,0.029777583521815573,0.026989763072395034,0.003535733959577847,0.058556528160953844,0.058512340889193576,0.07301611193208801,0.04815292602849838,-0.0008021002121940818,0.04566292862448819,-0.0012920442040759358,0.02058981640698961,0.027961084334935098,0.05688113627858138,0.026094325134773284,0.013735068900243928,0.008976989339915028,0.0594586169852766,0.03400981117195332,0.04872523847587954,-0.01392105609400826,0.043694243114467964,0.09102764210110165,0.05594354397664601,0.09697820296153917,0.05914151289195749,0.059903662017284004,0.09356702174842424,0.03639988546664983,0.038017580306653115
1,0.041589087693485585,0.029744218945237717,0.01721357153985308,0.025114856225802222,0.03816359245660476,0.06096525562506947,0.05838673768488796,0.04300201273858753,0.04180017156850364,-0.007789878267435178,0.05620619329731525,0.049499457886594656,0.03547858160609109,0.03667513870243592,0.05293963171362995,-0.013453008914908894,0.09564725400590687,-0.0034257566417740526,-0.0175661374039376,0.014221182807713985,0.03797256464387942,0.03294171024535413,0.04455601602261911,0.02183459533304341,0.0568470483395616,0.03854596042548334,-0.0017416799087578289,0.053198007738187544,0.03008805931127327,0.02808191607967459,0.05108429550458605,0.04281379558967666,0.07393464096510483,0.013736492555176335,0.06611332417388159,0.04082529499765618,0.07638884673737667,0.04738207890701938,0.048611815830045584,0.07450544535667644,0.058043845054552526,0.04654680298875667,0.03969254863943462,0.0704909989028316,0.013281047751638016,0.03143100425650938,0.03530854717919368,0.05931696961957784,0.04246335431730467,-0.002298440613432838,0.04224765392713796,0.0627220690391756,0.05305935821815176,0.07217231638284569,0.09776814726844693,0.032288830008542685,0.020240123562031292,-0.0061338694706288485,0.05583037645999077,0.05938938427160029,0.06683228600235551,0.030255744538137085,0.04907032804636881,0.04951755792784383,0.011437796172988422,-0.009872969807838562,0.050723711656510184,-0.0027750644423770246,0.03768311571043483,0.025149028208108395,0.05247280929033957,0.029980226270794615,0.06959592251375187,0.058259735488115486,0.011889115487097993,0.053098619843885024,0.0005181291299132182,-0.007315693565309644,0.08810127139820596,0.07163737171969264,0.0859821450715888,0.05972277187473367,0.03999569718764023,0.04339028811402999,0.010693818340807591,0.07392475536044221,-0.001457696081468958,0.08849924909333719,0.04441065107730115,0.019548296715433237,0.03904081657031375,0.045044749423559474,0.08128946412331212,-0.00020505187473165987,0.08104464873780118,0.07875027634688334,0.03683368292238087,0.07918580580909376,0.05260516747810502,0.06290337005414291,0.02704244922747727
1,0.03683064142441855,-0.01435114900906867,0.06649322098241832,0.04952611608435302,0.046770393105038464,0.011617862071372304,0.04740101648530531,-0.00970379522446619,0.05994274683659673,0.042398594926763115,0.019303910036788396,0.016147196174632054,0.03580222841417448,0.08215184306978049,0.027107787873065926,0.021672270496461983,0.0640834838992648,0.009871150152497246,0.06295396480869209,0.03702594273366859,0.0651155939641418,-0.0401345704649903,0.03251413064460136,0.062280242632073414,0.05268102231061172,0.04383255592711942,0.028533508471230467,0.03161817954900612,0.06493933785398703,0.05046825926931943,0.06630845197551558,0.0389079589584219,0.005397460173677544,0.03132550014196976,0.020390775586978556,0.03139559607035512,0.0648630661749261,-0.037045473170801445,0.04784717183545378,0.01809453115178883,0.07724613052862189,0.017347021741469543,0.0315721670406149,0.04474855661959833,0.035443701544064954,0.04518228791999067,-0.003226660225033061,-0.005227570035738122,0.06030569318802399,0.026787368883227292,0.03144907158132845,0.06818413757562283,0.04558513563092873,0.05727174016055446,0.06846569644431685,0.03436227388828686,0.06944150287779266,0.06073706870410232,0.02757020216217746,0.09124389630401022,-0.0051859735001905105,0.05723965951357686,0.026019377684973127,0.04759271275878305,0.055079179318023905,0.042806152161765906,0.007258846174001736,0.006984658338566305,0.05808824537976898,0.011280664358905734,0.0005799926261241609,-0.017506641038673894,0.0202741317158181,0.07128498750306822,0.046761679478194026,0.044584402780776675,0.0121683218650556,0.006140376517754072,0.06960724545056443,0.03165197800499337,0.01565771896936666,-0.012701677212084102,0.0019180402233103938,0.05092411906318662,0.04071638859647118,0.042314100810716536,0.016226458044024717,0.04960167671388294,0.06274503421567466,0.05342384972691486,0.04675064519211084,0.05898815033173639,0.0547405260829361,0.010113943506227248,0.028102201430024752,0.06821779614840914,0.03718098260171218,0.09407164209106642,0.06329851425160837,0.053705854318430155,0.014320674737592659
