iterations,error_feas_max,error_feas_mean,error_opt_max,error_opt_mean,error_total_mean
0,0.0011187063910757036,0.0003643966175213355,0.013092089604136317,0.004233346084753752,0.0022988713511375436
1,0.0011280564294560676,0.0003394240993328155,0.018860852649433452,0.006985474802776391,0.0036624494510546033
2,0.0011369473155501235,0.000267958160977577,0.012132684007780723,0.005504627438518434,0.0028862927997480056
3,0.0011438568269850741,0.00043307488356717644,0.018373695609408963,0.007273012153144269,0.0038530435183557225
4,0.0011791259352796973,0.0004517267693113284,0.012997474525097771,0.006171888756258891,0.0033118077627851098
5,0.0012189595791672625,0.0005299616292347466,0.014668727088318761,0.00562296565492184,0.003076463642078293
6,0.001240999573018433,0.0004265973101195535,0.00438639680114364,0.0018520930888010205,0.001139345199460287
7,0.0012360562983059287,0.00018984195409771446,0.008574535788806705,0.0040481707234430045,0.0021190063387703595
8,0.0012849845120602764,0.000659998805311151,0.01546323815168182,0.0037261357249415623,0.0021930672651263566
9,0.001329027070984684,0.0005040031041064705,0.008889436218940153,0.003247054646633831,0.001875528875370151
10,0.0013469443267774498,0.0006240533162737249,0.005678917095919492,0.0023557280195040204,0.0014898906678888727
11,0.0013742962370203531,0.0006143704485821288,0.008681130706017346,0.0036488195595885163,0.0021315950040853224
12,0.001400179455465732,0.0006137361096101969,0.012898763622058433,0.0026831607300387534,0.0016484484198244752
13,0.0014009221615301217,0.0003757180146153554,0.0054275316990340695,0.001041352851639477,0.0007085354331274162
14,0.0013470535588387524,0.00047501799402274405,0.006416795129740815,0.0018545776300242158,0.00116479781202348
15,0.0012786608587314903,0.00045107203550139794,0.005992214803094854,0.001924433065232048,0.001187752550366723
16,0.001286926420496651,0.0007056993397012891,0.005395794796380354,0.0011276872268691346,0.0009166932832852118
17,0.0012766081003558012,0.0006208357271257708,0.008011054300989098,0.002233239037462384,0.0014270373822940774
18,0.0011414198390682986,0.0005080187133927097,0.006658522446333474,0.002483165238357488,0.001495591975875099
19,0.0012411072567923877,0.0003998831033978134,0.006157813008277053,0.001967073633775202,0.0011834783685865078
20,0.0012569272044457343,0.0005406923856273692,0.011027049503197443,0.003849078394682198,0.0021948853901547836
21,0.0012592320385826996,0.0004498259209934842,0.004007229394855434,0.001745454246756939,0.0010976400838752115
22,0.0012666164479958602,0.0006437835046041865,0.009968326945975515,0.003111595809220771,0.001877689656912479
23,0.0012708369326218287,0.000547211880467535,0.007870309790999524,0.0027336341933643683,0.0016404230369159516
24,0.00085364778793092,0.00036047308241805333,0.0038940777049269616,0.0017749615378175657,0.0010677173101178096
25,0.001272066278453003,0.0006765098148554268,0.008573506495553291,0.003229631774999035,0.001953070794927231
26,0.001254726873723014,0.0006533633234603407,0.006366277796978032,0.001533598648546243,0.0010934809860032918
27,0.0012267941057443135,0.0002645746566522029,0.008500939668975478,0.001952903772367814,0.0011087392145100084
28,0.0012053260623800383,0.0007189551280435589,0.009537870077215583,0.004319599965588418,0.002519277546815988
29,0.0012180099204524954,0.0006416413358696276,0.009114243343986576,0.0015854328831465894,0.0011135371095081085
30,0.0012204551484574794,0.00044845911561837816,0.009761403193150957,0.004124354110395878,0.002286406613007128
31,0.0008715946669462339,0.00023056550689213676,0.021152348550207766,0.010200812250450683,0.0052156888786714095
32,0.0011169360561167348,0.00021259554185311383,0.010709015556511714,0.005375196684316283,0.0027938961130846984
33,0.001124706122339966,0.0005007720002848992,0.008921406580837185,0.003642705555516123,0.002071738777900511
34,0.0005235809780509525,5.2402009015143975e-05,0.009659379464166088,0.0042771182749148035,0.0021647601419649736
35,0.0011359394627010193,0.00016687311464274948,0.004924567197365869,0.003096783283964143,0.0016318281993034462
36,0.0011518142683463917,0.0006897240447092087,0.01593863879508938,0.0035430219842335067,0.0021163730144713577
37,0.0011471628249671172,0.00035065171234445697,0.005969944860507137,0.002229703367227387,0.001290177539785922
38,0.0011453248771976928,0.0004043807027325808,0.0076007885502271865,0.002617461020284557,0.001510920861508569
39,0.0011916732584795848,0.0003504848623739555,0.00875235125780577,0.004256211367750698,0.0023033481150623266
40,0.0012484781082622604,0.00042637941869976063,0.007839981794206037,0.0020699799294189767,0.0012481796740593687
41,0.0012810304799448678,0.0003791276814222672,0.01052091125640739,0.002563792221233583,0.0014714599513279251
42,0.0013098558150685417,0.0004321547534113307,0.014300197849392834,0.0025315588669576642,0.0014818568101844975
43,0.0013190993342903148,0.0005495506868848246,0.012986923174639493,0.0032225184960262775,0.0018860345914555512
44,0.0012917043579662821,0.0004252922174813094,0.004581932965928601,0.0017014428497937571,0.0010633675336375332
45,0.0012222039086424307,0.0005249115313562064,0.007515022123294036,0.0025726425435885895,0.001548777037472398
46,0.0012320641310095161,0.0006581037251986185,0.013103312537847186,0.005204843392334593,0.002931473558766606
47,0.001125602802700436,0.00047309585567774945,0.009110205698661835,0.0020649344624785217,0.0012690151590781355
48,0.0011980751855245077,0.00021981804753798298,0.011698069960568071,0.003721857118214078,0.0019708375828760305
49,0.0012076753730264468,0.0007204808030759534,0.012272523367716944,0.0038503432287782823,0.002285412015927118
50,0.0012117486344964338,0.0005682781782827345,0.005943037514695294,0.003203763155331578,0.0018860206668071563
51,0.0012098501007444021,0.0009397517426053446,0.004774791925802884,0.001723598831184104,0.0013316752868947242
52,0.0011971193645358494,0.000644827568158174,0.007461996298585404,0.002159531255478897,0.0014021794118185354
53,0.0011828635467514435,0.0006985754058822837,0.005729626682477361,0.0019063836804546993,0.0013024795431684916
54,0.0011185422797686515,0.0004494750336388242,0.011173671826527148,0.0043339354427998685,0.002391705238219346
55,0.0011753511097216216,0.0004936757444038514,0.010297747275895738,0.0036219882464068086,0.00205783199540533
56,0.0008216920187332049,0.0003704593727926922,0.010919669440082668,0.0029472818641344102,0.0016588706184635512
57,0.0011351586236133984,0.0005752777217738841,0.0010667714293236847,0.0003317504852894277,0.00045351410353165587
58,0.0011313259415937497,0.0007508398286535539,0.0059187021899511725,0.0018296589290024846,0.0012902493788280191
59,0.0011447955081861398,0.0005082709479323962,0.006640264835605416,0.0015069990554863102,0.0010076350017093531
60,0.0011487826184249756,0.0003350514904647107,0.004430305200103544,0.0021509533099110727,0.0012430024001878917
61,0.0011542120550259028,0.0007041247523003626,0.010385355277464436,0.0028791076374305178,0.0017916161948654402
62,0.0011146748075346786,0.0004780086138118823,0.010954738710621567,0.005291617794735805,0.002884813204273844
63,0.0011295776629894297,0.0001690249771156941,0.012422236647961412,0.0051334704094639725,0.0026512476932898333
64,0.0011660938758863003,0.00046126822203415064,0.007233751203695617,0.0036259231790709335,0.0020435957005525422
65,0.001116129402781709,0.00011632692101186508,0.01815849656710949,0.004368032610612636,0.0022421797658122504
66,0.0011209649184649368,0.0002143818839781504,0.012634129507836994,0.006176567894283594,0.0031954748891308725
67,0.0010750176562924132,0.00026459684047465024,0.01676938411344287,0.006252252001959986,0.003258424421217318
68,0.0010479542549882194,0.0003303199244540831,0.016201904074706577,0.004219813923628841,0.0022750669240414623
69,0.001105443820099955,0.00033376165184934926,0.010530243331900125,0.004123747263704953,0.002228754457777151
70,0.0011606630114638123,0.0004934759271420585,0.01308718309050256,0.0029079227717652137,0.0017006993494536361
71,0.0011930878337233122,0.0003526521222663221,0.015166361570720863,0.003960776437709852,0.002156714279988087
72,0.0012242439816642508,0.0007407887221151483,0.00817007187740735,0.0017606846522717698,0.001250736687193459
73,0.0012341053233106633,0.0005991320980434812,0.014329282550837624,0.004932643742332871,0.002765887920188176
74,0.0012240692561119623,0.0005257208078829513,0.011969849164218546,0.0017168053227683833,0.0011212630653256673
75,0.0011745206783375286,0.00044118476698528167,0.004931696050086247,0.0023939202816244017,0.0014175525243048416
76,0.0011811923528862553,0.0003559639833268684,0.013245859317989836,0.004035977035333962,0.0021959705093304153
77,0.001171672684043082,0.0004978977747649362,0.006880434600088103,0.001987637045017804,0.00124276740989137
78,0.0011057334647485383,0.0003608336566938769,0.009193483953901236,0.004171752836363128,0.0022662932465285024
79,0.0011776358097006561,0.0004366581639457598,0.0031528301374853223,0.0011363241053603521,0.0007864911346530559
80,0.0011825893204438806,0.00031947928758953087,0.007301746753075079,0.0031171609575846872,0.001718320122587109
81,0.0011728515508297667,0.0004959428117096406,0.00982801246556688,0.0041619334230710734,0.002328938117390357
82,0.001152622282231792,0.0003373756419131009,0.011821339973941743,0.002457428852591216,0.0013974022472521585
83,0.0011286915456487222,0.0006190867306036178,0.009829522676368014,0.002092820722965647,0.0013559537267846325
84,0.001094250769438345,0.0003745910444568354,0.008076600766535942,0.0036366677113251976,0.0020056293778910163
85,0.0010898146639644326,0.0006386981047182057,0.011065825771031622,0.00376228571614374,0.002200491910430973
86,0.0010973719470768286,0.0005055582767711568,0.00983174392048898,0.003329649248016242,0.0019176037623936995
87,0.0010475991432651228,0.00039496737994363306,0.009977495071036216,0.0024171248657833787,0.0014060461228635058
88,0.0011086084603624112,0.0005963612280638827,0.011013187445266425,0.0018233650361287317,0.0012098631320963072
89,0.0011137884960872768,0.0003526149265130878,0.009697512360048588,0.003141129761769746,0.001746872344141417
90,0.0011193309890033909,0.0005280936346858847,0.010117531778497054,0.0030021464064917793,0.001765120020588832
91,0.0011246053774459858,0.0005668412815190384,0.010638888714533442,0.004402555875494343,0.0024846985785066905
92,0.0011296060851945886,0.000569065473962045,0.007572035649345711,0.00245825643377408,0.0015136609538680625
93,0.0011556068844210735,0.0005220206698510454,0.016372405640186893,0.006534716343782607,0.003528368506816826
94,0.001186112977205226,0.0002957905287441818,0.01191617059154328,0.005038512519180931,0.0026671515239625565
95,0.0010990538703046955,0.00028134323135949274,0.01633109810029116,0.006159236140768099,0.003220289686063796
96,0.0010994074877041316,0.00034964918155187114,0.00606520392584016,0.002849232831901956,0.0015994410067269136
97,0.0011034884715133675,0.0002924128523253553,0.007973063129220845,0.00305056191171185,0.0016714873820186027
98,0.0011040445284522186,0.0004410321360423396,0.007952741917576446,0.004363789259468659,0.0024024106977554994
99,0.001102686188746311,0.00036258023943318426,0.01200658255293489,0.003775972859526486,0.002069276549479835
100,0.0010971972757257728,0.0003976748952874986,0.009284884184828701,0.002425135373109391,0.0014114051341984448
101,0.0011122066532202222,0.0005156458895998931,0.0078179108681738,0.00301939920148905,0.0017675225455444717
102,0.0011430686383169994,0.0005116458722801422,0.00770028500069729,0.0020183342163533117,0.001264990044316727
103,0.001098575128170013,0.000403180301655681,0.014779761565161477,0.004493753621698672,0.0024484669616771765
104,0.0011007240480573786,0.00026583508933201647,0.007719476737400875,0.001720736305001944,0.0009932856971669802
105,0.0011186968678811176,0.0004980507855189497,0.011591399994894724,0.0036724874421780003,0.0020852691138484748
106,0.0010999623023203288,0.00030027472410975914,0.01094223720654792,0.003612671838381191,0.001956473281245475
107,0.0011271587403759598,0.00047583116516227233,0.013146595663547301,0.0052508249444448655,0.002863328054803569
108,0.001130321687707298,0.00040245175232496346,0.007373647697953539,0.0027610426817316395,0.0015817472170283015
109,0.0010843358639471164,0.00038952369329080174,0.005773371901289152,0.002304540474945822,0.0013470320841183119
110,0.0011540873871350875,0.0005623072360371753,0.007895629167788559,0.002874184157118276,0.0017182456965777256
111,0.0011454110209242047,0.0007375389963403437,0.00988179830308893,0.0031608575085998124,0.0019491982524700781
112,0.0011234620106295194,0.000543732356385096,0.011315168635735406,0.003272378361548213,0.0019080553589666547
113,0.0010896037602703239,0.0005611426023433043,0.00288311026897851,0.0009189275734321024,0.0007400350878877034
114,0.0007977886051797145,0.0003835952247669459,0.0038408838970412406,0.001734454686903945,0.0010590249558354455
115,0.001010439723127088,0.0004338927684011726,0.005097768638608719,0.0018322794530115697,0.001133086110706371
116,0.0010605247641370134,0.0004923972581054113,0.011612713604097094,0.0023047784416368954,0.0013985878498711532
117,0.0010694199364972674,0.0004523477923506951,0.009116774267069274,0.003289777762952119,0.001871062777651407
118,0.0010759498060277013,0.0003635418406868284,0.011265248941284424,0.0032856668163465455,0.001824604328516687
119,0.001023755646582602,0.00031028047176336797,0.0061537791379356575,0.0020454370363366518,0.0011778587540500099
120,0.0010362876462622769,0.0005548618441167467,0.00499125734990803,0.0016532214954282174,0.001104041669772482
121,0.0010399308081832106,0.000430641138670783,0.0034715901649665206,0.0012062675735911039,0.0008184543561309435
122,0.0010351883574623447,0.0005760800964523941,0.008649857069645443,0.0014700318331872402,0.001023055964819817
123,0.001104524439983256,0.0005466362811066309,0.010611095071798339,0.0036574332257529076,0.002102034753429769
124,0.001221729076982538,0.0004295534051541328,0.019436059993702178,0.006042436601428838,0.0032359950032914853
125,0.001179305105128216,0.00029793639337827527,0.016526143456378928,0.004267930042597806,0.002282933217988041
126,0.0011462616473451107,0.0005158663704666627,0.018474417346691356,0.004159467247696043,0.002337666809081353
127,0.0011010387225207487,0.00039217095438783076,0.008526291249284269,0.00329661230982548,0.0018443916321066553
128,0.0010817780188524823,0.0004398071150771895,0.004453998641853876,0.0020842947838054468,0.0012620509494413181
129,0.0010827209964597666,0.00016446552605146883,0.004704709857970369,0.0023049881443357794,0.0012347268351936241
130,0.001078233367857344,0.00041336915087867904,0.011066612512088677,0.005467773508169068,0.0029405713295238734
131,0.00107541210858996,0.00038061769334835847,0.012525524493106722,0.004471691926935092,0.0024261548101417252
132,0.001079042412977703,0.000405948922647225,0.008614522258434518,0.0033206676922364056,0.0018633083074418152
133,0.001082198082754678,0.000473571496981321,0.015297914455024889,0.0056998567506364155,0.0030867141238088685
134,0.0010696543218897336,0.00036374992556601144,0.006061808692428833,0.00229412343718054,0.0013289366813732757
135,0.0010454759288660443,0.0005168150818764004,0.014449362803501627,0.005713335370814731,0.0031150752263455657
136,0.0010868395263155626,0.0006466864480608688,0.011088454314782337,0.0030937263633063154,0.001870206405683592
137,0.0010843375973366904,0.0005396634993269995,0.0138182863312382,0.004538981504570378,0.0025393225019486885
138,0.001106748653227537,0.0005741015724786486,0.004116901722713872,0.0014182533102844825,0.0009961774413815656
139,0.0011263252083389002,0.0006125148686340414,0.01117134585157733,0.0035015018776116324,0.002057008373122837
140,0.0011307255134503165,0.0006240678012772172,0.006199613209286048,0.0012498853247902386,0.0009369765630337279
141,0.0011202696247916615,0.0007681353566658803,0.00653418562719288,0.002020430764203148,0.0013942830604345142
142,0.0010978219735771559,0.000554379870660238,0.0063125922353748296,0.0018779703453581525,0.0012161751080091952
143,0.001065301977535446,0.0007167725687190003,0.010664881343095959,0.003571015402939414,0.0021438939858292073
144,0.0010459163232142258,0.0005003307429075499,0.004339177483062467,0.001598506597110932,0.0010494186700092411
145,0.0010426139024391975,0.0005449434185556834,0.010177471702738604,0.003563956458180806,0.0020544499383682445
146,0.0010409031093313661,0.0005277826980858074,0.002521614754559416,0.0009357454855683708,0.0007317640918270891
147,0.0010374041853757176,0.0005860783569541488,0.009824578958787739,0.00327948367511914,0.0019327810160366444
148,0.0009471141791615997,0.0004483330891674825,0.011561420062657745,0.0041862599069025525,0.0023172964980350177
149,0.0009693588781031619,0.0004978852783249475,0.00670741295241696,0.002796019426906783,0.0016469523526158655
150,0.0010559495814961735,0.0006486243566934068,0.007233639702551612,0.0018475293119857169,0.0012480768343395617
151,0.000987172217898843,0.000542490405795473,0.009953883597483889,0.002654054685227694,0.0015982725455115834
152,0.0010679925049258843,0.0005011694781217738,0.010042265724267333,0.0031052614732547303,0.0018032154756882522
153,0.0010736087530567372,0.0003885883117433795,0.01033035810957415,0.0022208115754870673,0.0013046999436152234
154,0.0009541693104174244,0.0005313878516109259,0.004559640247020486,0.001933209278057079,0.0012322985648340024
155,0.0012612768017850465,0.0006476606524841473,0.011767826157861525,0.006859983903628059,0.003753822278056103
156,0.001231690978054666,0.0004886711306987807,0.016704784564668746,0.0045112562030757836,0.002499963666887282
157,0.0011778487393913708,0.0005171821713032928,0.0037620115348667308,0.0011907981678667763,0.0008539901695850346
158,0.0011032550903725673,0.00046781026035240504,0.017889060262405096,0.004750638563559663,0.0026092244119560342
159,0.0010615349603313807,0.0005167430171608096,0.01686795630497314,0.004004666648682649,0.002260704832921729
160,0.000966744881711233,0.00019525704764462355,0.004662089723205532,0.0025918421716204726,0.001393549609632548
161,0.0010568487357009953,0.0002797088252043419,0.01477084312417107,0.004683766479288624,0.002481737652246483
162,0.0010602297444461993,0.0006707562540462892,0.004446866886271781,0.0018606260155367101,0.0012656911347914998
163,0.0010639381694226182,0.0006313490698144712,0.008709823759316677,0.004267920652052067,0.002449634860933269
164,0.001067179345601904,0.0006137019587736504,0.004104865095401823,0.0019141700056117567,0.0012639359821927036
165,0.0009760381184829793,0.000373830981204484,0.012399217397140729,0.00281201168749341,0.001592921334348947
166,0.001070395843542368,0.0005534292213942318,0.009154373018043747,0.003203131993577534,0.001878280607485883
167,0.0010699825314341676,0.000635878910022477,0.009134561500551985,0.0040897931327493284,0.0023628360213859027
168,0.0010841011105264865,0.0005189884412175954,0.013956565919937934,0.003944535981253412,0.0022317622112355035
169,0.0011040685738416065,0.0006145886707139223,0.009392597204295144,0.004225476581391031,0.0024200326260524767
170,0.0011090594839905795,0.000415654305738195,0.0062745112178476834,0.0020388666336027083,0.0012272604696704516
171,0.0011000587518105386,0.000565441928077387,0.011376344177118126,0.0025177646089396205,0.0015416032685085037
172,0.0010782217745099706,0.0006469827724819077,0.012220523239287259,0.0030175009555940308,0.0018322418640379693
173,0.0010439023736539795,0.000515223364712066,0.009773638407742903,0.003817804616253387,0.0021665139904827263
174,0.0010283083979165065,0.0005406680751981651,0.004004700755921176,0.0015667315138695851,0.001053699794533875
175,0.0010276542718164507,0.0006682635119655008,0.004260392204499582,0.001758681108789497,0.0012134723103774988
176,0.001026674221947706,0.0004276783846600044,0.011735035682445308,0.00483969426663232,0.002633686325646162
177,0.0008918147126641075,0.00045192717877098453,0.006229067153863019,0.0017096222382380066,0.0010807747085044956
178,0.0010172911029123137,0.0004911765394045721,0.011798330501649062,0.0036633891563839114,0.0020772828478942415
179,0.001015751162036426,0.0005741178688208456,0.00896484528991155,0.002035628549099193,0.0013048732089600192
180,0.0010226264951442845,0.000747153553070326,0.005511739935530087,0.001194372019801148,0.0009707627864357371
181,0.0010292308503593141,0.0006296651198901979,0.01012676643258461,0.005316507226418714,0.0029730861731544563
182,0.0010355612657497266,0.000561354335089094,0.010230126883344251,0.003960628921625161,0.002260991628357127
183,0.0009236199945929794,0.00029944194352143195,0.008603891417541643,0.0022425162422481464,0.0012709790928847893
184,0.0010474029840403217,0.0006480878752656795,0.010803088608149172,0.0036925621777699133,0.0021703250265177965
185,0.0010529166394205398,0.00035373672193704075,0.010820906667851711,0.003680745925894032,0.0020172413239155362
186,0.0013225424696581534,0.000448523176489802,0.02009085145477603,0.0038925532759606024,0.0021705382262252023
187,0.0012645347191317029,0.0003705775947272953,0.019392305346844146,0.005512184355489812,0.0029413809751085537
188,0.001185224476559688,0.0006601038562193903,0.017282798548095803,0.004573018043479681,0.0026165609498495354
189,0.001088596689008598,0.00024401159814299605,0.016200940647663357,0.004047900766053416,0.002145956182098206
190,0.0009788384908203153,0.0006423308562175012,0.015110546954132893,0.0038109482545421055,0.0022266395553798032
191,0.001038802253589403,0.0005331176113257563,0.015344432208253772,0.004603669086765431,0.0025683933490455936
192,0.0009511081582476122,0.0005033338640208541,0.007658288288203292,0.003489698957689194,0.001996516410855024
193,0.0009393328870502612,0.0003120517151966496,0.004174728149671017,0.0014060881679067892,0.0008590699415517194
194,0.0009306835434912148,0.00032843365544459827,0.007266240815333625,0.002320853611422073,0.0013246436334333356
195,0.0010510298380649787,0.0007358544195722979,0.00903052971543913,0.0030975269932320224,0.0019166907064021603
196,0.0010521448285589884,0.0005922982754311785,0.015105280979516125,0.005466793624308809,0.0030295459498699937
197,0.0010517820324374677,0.0005515801417155105,0.006472419522974309,0.0026796576281785103,0.0016156188849470103
198,0.00106231177606742,0.0004780909852089005,0.013146303502027711,0.0043619291275743145,0.0024200100563916073
199,0.0010826586748845172,0.0004161230630923852,0.009532489916125382,0.002880694561173924,0.0016484088121331544
200,0.0010399100991162506,0.0005179692110152646,0.012066341129337703,0.002920533593469017,0.0017192514022421408
201,0.0010800187380912885,0.000554715344184308,0.006388410580666903,0.0021295479218802335,0.0013421316330322708
202,0.0010642707206809064,0.0007388128687267775,0.00885540571429472,0.0030965832311437343,0.0019176980499352558
203,0.0010389889176423694,0.0005939281734813433,0.005197503618392586,0.0032927447359366356,0.0019433364547089896
204,0.0010242062067265124,0.0005381231723517536,0.01037464177480153,0.003001126348720651,0.0017696247605362024
205,0.0010174277377042117,0.0006072080908821486,0.0017836468144300877,0.0008450672365293399,0.0007261376637057442
206,0.0010107235880101046,0.0003419714411805973,0.008991641695891584,0.00279713495994532,0.0015695532005629586
207,0.0010069463840231563,0.00015886275491542402,0.011983119345521596,0.00435293610488015,0.0022558994298977867
208,0.0010022178369990808,0.000450569710821214,0.008320247260628173,0.002374795262724427,0.0014126824867728206
209,0.0009967144614109376,0.0005403064036522321,0.008934026423050176,0.0025050397150133733,0.0015226730593328028
210,0.0009909915491707767,0.0006000647210634688,0.007543869106821187,0.0014807741174931131,0.001040419419278291
211,0.000995315797487349,0.0006189995716909689,0.006846866657705009,0.0021865897894060337,0.0014027946805485014
212,0.0010020862869514222,0.0005664807296417763,0.009989492973341771,0.003292311365976003,0.0019293960478088895
213,0.0008762896842327743,0.0003407344086156345,0.00902004275223796,0.00279463303056733,0.0015676837195914822
214,0.0010148191736957972,0.0006710478294433964,0.00984694458861338,0.0028822296963662286,0.0017766387629048125
215,0.0010207773704407788,0.0005160594814075522,0.006164909588484381,0.002025521486817733,0.0012707904841126427
216,0.0008125017762489247,0.00036901852986896195,0.0075189890622647405,0.0022023059192917047,0.0012856622245803334
217,0.0013547582780047485,0.0004638345206207105,0.018830774795432666,0.004791887173812482,0.002627860847216596
218,0.0012706463444581708,0.0003723905600769992,0.005919402465417161,0.002067135927760839,0.0012197632439189191
219,0.001168773546255858,0.00031031501075829684,0.01782253799948107,0.004398923357466308,0.0023546191841123023
220,0.0010533792484891166,0.0002073084481294851,0.006264129058504793,0.002996269924296964,0.0016017891862132245
221,0.0010376704336779645,0.00041820350363958454,0.007253638574183568,0.002315585840874357,0.0013668946722569708
222,0.0009354270635312766,0.0002619200525136445,0.017230751733603968,0.004658917518293142,0.002460418785403393
223,0.0009074863925000282,0.0002664705799190773,0.006074209185923261,0.0020326231767278896,0.0011495468783234834
224,0.0010270033340729857,0.0003793363013204664,0.004341664827575921,0.0016290165059678688,0.0010041764036441676
225,0.0010302899411355855,0.0006612672744689349,0.008967802689252896,0.002940735066842078,0.0018010011706555066
226,0.0010320974892574707,0.0003179530278899168,0.007548350774691288,0.0030005712255150273,0.001659262126702472
227,0.0009496130093219622,0.0004332807581539155,0.014959073866914377,0.003152851901256046,0.0017930663297049806
228,0.0010304771958748794,0.00046703472792975506,0.01260995027140662,0.0038135411824646304,0.002140287955197193
229,0.0010620488465688711,0.00018764506331980923,0.010462874992677377,0.0027336162599377063,0.0014606306616287577
230,0.0010714677159634266,0.000597844155911064,0.003776092721984419,0.0011344933576656758,0.0008661687567883699
231,0.0010712467002711786,0.00044870820691973203,0.00849603015739343,0.002382541702641168,0.00141562495478045
232,0.0010583049122129759,0.00041437308445980503,0.005928939713576938,0.002413345564932741,0.001413859324696273
233,0.001033770185643686,0.0005784757617872666,0.009645739823805668,0.003245250307547771,0.0019118630346675188
234,0.0009988808339000156,0.0007268913390583896,0.006054165797793705,0.0018779000730600951,0.0013023957060592424
235,0.0010120225998571943,0.0006137258306709142,0.012836117132206185,0.003248766841994056,0.001931246336332485
236,0.0009085104683392637,0.0004958914879008706,0.00839654654424533,0.003720865382455031,0.0021083784351779507
237,0.0008998919221624823,0.00041986291800352076,0.004264551686906189,0.0012641166553429262,0.0008419897866732235
238,0.000986240114875002,0.0006750294081591033,0.007072804814706437,0.002371760136310203,0.001523394772234653
239,0.0009807103928993071,0.0006170093122330083,0.01150286610701906,0.0032311391006513957,0.0019240742064422019
240,0.0009755655886570455,0.0006875016822286038,0.010030151832817136,0.00346319980260137,0.002075350742414987
241,0.0009701671024973427,0.0006661418334607055,0.009101207105048163,0.003037198382172724,0.001851670107816715
242,0.0009676105572808724,0.0006626685538960038,0.004895472656703854,0.0011381813606599102,0.0009004249572779569
243,0.0009745586461583374,0.0004453860310882759,0.004503809908507209,0.002036204864169329,0.0012407954476288026
244,0.0009812313208714162,0.000357074138934672,0.01126523187895127,0.002918420244057748,0.0016377471914962101
245,0.0009876314153240663,0.0005944157857043182,0.009829288611867052,0.002532205469149187,0.0015633106274267525
246,0.000993758692914879,0.0004077509680092942,0.011391608816020589,0.004766495400263369,0.002587123184136332
247,0.0009976402705956181,0.0004754463934096051,0.010118905361467784,0.002636008703065674,0.0015557275482376396
248,0.001359426056260312,0.0007459494943978292,0.015980923778378574,0.004782308939728355,0.002764129217063092
249,0.0012522154746361946,0.0004150847712840897,0.0062315550192127015,0.002232182348312854,0.0013236335597984717
250,0.0011310388139304957,0.0002769096102937517,0.005888957209335823,0.0019639826077372156,0.0011204461090154837
251,0.0005391154078969319,0.00013681065002185835,0.018281186460519024,0.004932997868982972,0.0025349042595024154
252,0.0010284704965580313,0.0005216274872645567,0.012707842708275557,0.0034250579419554997,0.001973342714610028
253,0.00048805500517393505,0.00014344338040967375,0.005732503652842827,0.0032851849336009683,0.001714314157005321
254,0.0010153359107570523,0.00041222125777493014,0.012211237299953992,0.003634488581628577,0.0020233549197017533
255,0.000812497945491073,0.00027204660983631954,0.011856805057142315,0.003418427871269486,0.001845237240552903
256,0.0010101928924254493,0.00022977761130957899,0.014846072555748073,0.005604778676309251,0.002917278143809415
257,0.0009030487914669848,0.0003456990388353661,0.004918217914087121,0.002989514310677241,0.0016676066747563034
258,0.000972472651439492,0.00037613543044049335,0.01478818802231455,0.004124412359225274,0.0022502738948328837
259,0.0010341362047961815,0.0005749714844860623,0.003045080904462116,0.001245772764292268,0.0009103721243891652
260,0.001064653612784464,0.0005508596167022922,0.003945556691315578,0.0013894522184524105,0.0009701559175773513
261,0.0010650622144577327,0.0006427682106495735,0.004701040755241287,0.002114949482690713,0.0013788588466701432
262,0.001009069624216326,0.0005794845589735408,0.01253322315178366,0.002905211761043681,0.0017423481600086109
263,0.0010290373982320409,0.00044697392740585185,0.004572776820869268,0.0018260121984476248,0.0011364930629267384
264,0.000994914565752881,0.0005270780501211051,0.012882864492685114,0.00431219222386567,0.002419635136993388
265,0.001002092788153687,0.00041255841339098165,0.0040806836536784515,0.0014762382749339642,0.000944398344162473
266,0.0009201618554013726,0.0004898228636451138,0.01093185737942514,0.003516780011089291,0.0020033014373672022
267,0.000990701470240636,0.0007090646233813221,0.0050815024741763075,0.0015411083130243424,0.0011250864682028322
268,0.000896222760653653,0.00062102273299302,0.008253082406024854,0.002258384447008575,0.0014397035900007974
269,0.0008708885401239244,0.00038341967585834875,0.012292059870640581,0.0033497622344771717,0.0018665909551677602
270,0.0009611575515552352,0.00038997345199234714,0.01206093517021424,0.004519584660427114,0.0024547790562097307
271,0.0008304263950129324,0.0004514853058252857,0.004467765994009541,0.002007264643128313,0.0012293749744767995
272,0.0009488041956213734,0.0005006484141821851,0.009956103215508359,0.004223484623771323,0.0023620665189767543
273,0.0009435048142904198,0.0005347051228780314,0.00883585828510985,0.0033195591429840466,0.001927132132931039
274,0.0009466756692523282,0.0007362509800398519,0.00954667593263005,0.0015179433567635659,0.001127097168401709
275,0.0007545699870163682,0.0004313319705936157,0.004804167186241463,0.001974792243733421,0.0012030621071635183
276,0.0009600863207330303,0.0005294304528096188,0.010552312262534436,0.0032477465201337895,0.0018885884864717041
277,0.0007229221908731295,0.00033390473295515706,0.006839413960651178,0.0035703501699907913,0.0019521274514729741
278,0.0007340506342284229,0.0004175271141203811,0.007278147014880754,0.0019544277899187943,0.0011859774520195877
279,0.0013388270086050395,0.0004233721386939394,0.019244841625778872,0.0034904029386949803,0.0019568875386944597
280,0.0012119462430694508,0.0005628605163456774,0.0072432537194197675,0.003271886225395845,0.0019173733708707612
281,0.001021547545504522,0.0004796729174617972,0.014858400673517269,0.004888036668108064,0.0026838547927849304
282,0.000988342379205975,0.00044430178492656567,0.004144455306937428,0.0019061009426852502,0.001175201363805908
283,0.00101803178750109,0.0005114332545104403,0.017088453645318684,0.006001754757229361,0.0032565940058699003
284,0.0008695127213180266,0.0003265931139615417,0.00804322992446084,0.003599503846222418,0.00196304848009198
285,0.0010056247236222915,0.0005567790171204588,0.008297377563075178,0.0019457323805445036,0.0012512556988324812
286,0.0009956798667410851,0.0004692184532392161,0.007895813567921994,0.0028537870997513855,0.0016615027764953008
287,0.0009883248908157275,0.0005412362167723466,0.01376586187716644,0.003252119300807624,0.0018966777587899853
288,0.0009915311691485553,0.00037088920323870625,0.01552221797125753,0.0050610007453091715,0.002715944974273939
289,0.0009996274442120472,0.0006624379349094848,0.014294901699871573,0.0026592562845561335,0.0016608471097328092
290,0.0009962712103635891,0.00024663547464957825,0.00759465853479336,0.003750549095326873,0.0019985922849882257
291,0.001059309928741452,0.0004959576569160279,0.006156033385379009,0.0030869630641863536,0.0017914603605511908
292,0.001047763887486581,0.0007082819059496658,0.005632151915946598,0.001980485292985703,0.0013443835994676845
293,0.001024721397444428,0.0005600484775247434,0.0036923562717841255,0.0012781388599913547,0.0009190936687580491
294,0.000992533358395715,0.00038096642437941155,0.00939105308443114,0.003770859969227756,0.002075913196803584
295,0.0009489950890514704,0.0007916548796691352,0.0018165350662213175,0.000629686273097566,0.0007106705763833506
296,0.0009319140733685975,0.0005824743542364862,0.0064287254211815355,0.002395060137235416,0.001488767245735951
297,0.0009794049099002141,0.000546771455570163,0.012696722884543635,0.003339845137955791,0.001943308296762977
298,0.0009135708350884085,0.000592703637516534,0.012859878625583951,0.003570802309745898,0.002081752973631216
299,0.0009658977430681622,0.0004972309507302764,0.0127305335837283,0.0028504420240994593,0.0016738364874148677
300,0.0008669893324644059,0.0005103243204261289,0.009429910483696189,0.0026841216749197523,0.0015972229976729405
301,0.0009462862119625054,0.0005216049971144585,0.012420863135311372,0.0022792401494953407,0.0014004225733048996
302,0.000935599295396237,0.0005096889735232068,0.006419277953066443,0.003542620735815097,0.002026154854669152
303,0.0007811648638074316,0.00040697801985903657,0.012046490199992928,0.0035704162638590413,0.001988697141859039
304,0.0007503180241689785,0.0003252681467284614,0.011972748116872255,0.0034956280484270477,0.0019104480975777546
305,0.0007163800688015102,0.0004199997729498848,0.01187434712259633,0.0037998842461660727,0.0021099420095579786
306,0.0009254837815932248,0.0006488585685854838,0.01013306495359129,0.004049803242869964,0.002349330905727724
307,0.0006896936593539246,0.00039494286587537006,0.00772107795311446,0.0036008220284519886,0.0019978824471636792
308,0.0009361006396722,0.0005360858026440446,0.004218693764594616,0.00107003660006354,0.0008030612013537922
309,0.0009508007608201442,0.0004913453841972561,0.00892345998678968,0.0021643975796650666,0.0013278714819311612
310,0.0010071432737081905,0.0005925665792445332,0.00656931575816694,0.0029935386133425872,0.0017930525962935602
311,0.0011765759449889356,0.0007318609826979612,0.0070956759306953394,0.0024507764189510093,0.0015913187008244852
312,0.0010460960840833237,0.00042471859161958436,0.005686191599040948,0.0025041844341924767,0.0014644515129060304
313,0.0010104100491263633,0.0006819914418845542,0.006033703644464428,0.0027089817958902656,0.00169548661888741
314,0.0008965074451452771,0.0005499681566258584,0.007522951902540651,0.0031996349478486063,0.0018748015522372322
315,0.0010036818111097503,0.0004261795036233933,0.01750220141500052,0.004845428974198869,0.002635804238911131
316,0.0009965566074827189,0.0005928844416120294,0.01604485131088199,0.003944999205700304,0.0022689418236561667
317,0.0009880971418831552,0.00043900744548440505,0.008532389990893232,0.0031594122393259114,0.0017992098424051582
318,0.0009793062678074655,0.0005152506148587483,0.01559908425275607,0.0052881890997392425,0.0029017198572989953
319,0.0009746607921118876,0.0006508781377164255,0.015646672595878652,0.0033919239864791144,0.00202140106209777
320,0.001018021982568705,0.0005814189578312483,0.015226975387808074,0.0030311644881541268,0.0018062917229926877
321,0.0010486626856643054,0.000776472042123759,0.008963325233094056,0.002328066829893501,0.00155226943600863
322,0.0010431014013458028,0.0005108265394259047,0.012667100784082097,0.0020998823662617344,0.0013053544528438196
323,0.0010208013508270454,0.0006636385461994264,0.004133189265756741,0.001435325251836807,0.0010494818990181166
324,0.0009882192887526254,0.0004903037864951861,0.0108229108281039,0.0030628805789747918,0.001776592182734989
325,0.000977189622501796,0.000645334176057931,0.00536974732350044,0.0015699803844857595,0.0011076572802718454
326,0.0009592945668357512,0.00030675851501498294,0.013606393354937442,0.004749869855836604,0.0025283141854257935
327,0.0009664613936649871,0.00037911257304113063,0.00943815501504235,0.003321312744514221,0.0018502126587776758
328,0.0009533283464657938,0.0005192145060093063,0.009507268978054487,0.002724020367779834,0.0016216174368945701
329,0.0009542318994762424,0.000565594745364,0.005767155892534608,0.0021327574202050885,0.0013491760827845443
330,0.0009477195556045737,0.00044827756481604644,0.0092880885319425,0.002606604956171681,0.0015274412604938637
331,0.0009407974254145318,0.000516817495778379,0.012570180308741444,0.003761343614629689,0.002139080555204034
332,0.0009307787121530997,0.0005060710688215831,0.0036176346456233193,0.0009690808170427131,0.000737575942932148
333,0.0009204429143367531,0.0006673264444100867,0.009015091481667147,0.0018550280818356833,0.001261177263122885
334,0.000771848719506374,0.0004315432690713569,0.01169724294022016,0.0022423460612964073,0.001336944665183882
335,0.0008999537572760166,0.0004521140077153673,0.010318819551854942,0.003655632304742136,0.0020538731562287516
336,0.0006924485667741242,0.000497564992898136,0.004688805119451547,0.0011250452261894685,0.0008113051095438022
337,0.0008933778263919888,0.00019735727778258486,0.011529140481954475,0.005073265507303264,0.0026353113925429244
338,0.0008978181576576724,0.0005792738344141059,0.009721310367904048,0.004002943580753247,0.0022911087075836766
339,0.0006987374059517454,0.0004788205450323999,0.004550404711517794,0.0012940920714379516,0.0008864563082351758
340,0.0007138840525362854,0.0004129386027673011,0.006318929014212768,0.0017565644724734039,0.0010847515376203524
341,0.0012730927163563702,0.0007757533617969983,0.003988900309104768,0.0022221715562321014,0.0014989624590145498
342,0.001124905697070633,0.0005720751223851171,0.004391972952179183,0.0019850373990672335,0.0012785562607261754
343,0.0010024190153857858,0.0005074456921632783,0.013248726003360382,0.00460893585041827,0.0025581907712907744
344,0.000938337743756024,0.00040331868156623737,0.0130040040367921,0.004289915377979133,0.0023466170297726852
345,0.001000148368810282,0.0003737742549354185,0.009158940366003348,0.0031503893913579365,0.0017620818231466775
346,0.0009955313973154557,0.000554582557156073,0.01585373213882526,0.0038865299301231162,0.0022205562436395944
347,0.0009388674194580737,0.0005951010516518607,0.016339716917382313,0.003408761989496178,0.0020019315205740194
348,0.0009798500255957811,0.0005345746629573693,0.014282790558520914,0.0032002593941727712,0.0018674170285650704
349,0.0010013651657730244,0.0005467641263827453,0.007514511215148078,0.0017930230353472721,0.0011698935808650088
350,0.0010116639287706933,0.0008694401772190643,0.006932568927737919,0.0014881876543819232,0.0011788139158004937
351,0.001027593067561738,0.00038528157646823525,0.014429266934478458,0.0049297895068760745,0.002657535541672155
352,0.0010451847758675544,0.0007654209087066279,0.0064063086617296905,0.0014497227918223137,0.0011075718502644707
353,0.0010190494309447141,0.0006543127210655272,0.0035499182211076665,0.0016891901805808583,0.0011717514508231928
354,0.0010047382503861977,0.0007023130461530584,0.01442151386958484,0.0045381745906687265,0.0026202438184108924
355,0.0009884437651849715,0.0006606516457125006,0.008671178223408968,0.0022035129705507027,0.0014320823081316017
356,0.0010007296819345684,0.0007089154849605724,0.007220885199621684,0.0024999249197989568,0.0016044202023797645
357,0.0010025428246969168,0.0006328134557203136,0.009306229719362034,0.0036411206325658897,0.0021369670441431015
358,0.000994548433787143,0.0006083266539254423,0.011301569920296612,0.00339714415634063,0.0020027354051330363
359,0.000977500591893918,0.0005270722835024047,0.009518175576361188,0.0030969020016898613,0.001811987142596133
360,0.0009350847944377982,0.000520678298960532,0.008264460742416414,0.0027734953062411995,0.0016470868026008658
361,0.00092894290082141,0.0005382721958620814,0.012380827480234132,0.004001900212569677,0.002270086204215879
362,0.000922540176101395,0.0006753171838814745,0.009615071935627943,0.0030206479576972527,0.0018479825707893637
363,0.0009146628417800662,0.0003198554458160213,0.005926935618464751,0.001854457609403133,0.0010871565276095773
364,0.0009046842029329252,0.0006652101294807289,0.00965649940856272,0.0020527428474862728,0.0013589764884835008
365,0.000759700473309793,0.00044603885573608676,0.012463452910414905,0.00261202576948758,0.0015290323126118334
366,0.0007204132096190939,0.00024111277614084336,0.011959890299779861,0.005854816777646295,0.0030479647768935692
367,0.0008690262894472083,0.0006097549745598034,0.010135183166274913,0.003776342654694248,0.0021930488146270255
368,0.0008605315345273521,0.0006210227126628159,0.008610415296921475,0.0028866534095569876,0.0017538380611099016
369,0.0008739368825922129,0.0006913596086544102,0.00491606333341325,0.0015515668696517632,0.0011214632391530867
370,0.0007087127936855438,0.0004077305785812435,0.010393869686414606,0.0024589289539733044,0.001433329766277274
371,0.0009158240113370905,0.000593489060018487,0.009579279441232607,0.002471922945882345,0.0015327060029504162
372,0.0012697387389812406,0.0004258161877369139,0.01430608968162296,0.005686736229161524,0.003056276208449219
373,0.0010949110623471635,0.0006472652108426667,0.00748800394982466,0.002450078052552523,0.001548671631697595
374,0.000994994142587385,0.0005045084980728731,0.014716867403137957,0.003403815831539215,0.001954162164806044
375,0.0009939881228072569,0.0006369176138335606,0.018376664948497077,0.005015028076736567,0.0028259728452850637
376,0.0009900558393349079,0.0003359985065368101,0.015876703855890822,0.004022985923101201,0.002179492214819006
377,0.0009766506968346,0.00047971870886137516,0.01179210425668081,0.005403091324731825,0.0029414050167966004
378,0.0009168127286283316,0.0006974522864541733,0.008546925075594673,0.00247839988244018,0.0015879260844471766
379,0.0010346111126438365,0.00037401412132079514,0.00919571227525149,0.0036417015562552543,0.0020078578387880248
380,0.0010452260466686895,0.0008330610694109933,0.012549696228789146,0.0027209331396533133,0.0017769971045321533
381,0.0010425650148542015,0.000486814362559123,0.003911944307335563,0.0014638306534627567,0.0009753225080109399
382,0.0010379545607860454,0.0007618548482947192,0.0036273201764325325,0.0010906051304331317,0.0009262299893639254
383,0.0010570321159214286,0.0006056116630679502,0.01431155503984945,0.0026526817718316256,0.0016291467174497879
384,0.0010409470149887203,0.0004870490587340887,0.014816869938473708,0.004016495921301359,0.002251772490017724
385,0.0010339901661997493,0.0005978175846161983,0.011351522252569354,0.0036202519435506167,0.0021090347640834073
386,0.001043595243280481,0.0005947960674894578,0.01424082530313724,0.0029426130908352085,0.0017687045791623332
387,0.0010453874576805884,0.0005508344395554763,0.010389297283899902,0.0028436178919074144,0.0016972261657314453
388,0.0010372024000200966,0.0007249665684152216,0.01381001687353788,0.004443302194906258,0.00258413438166074
389,0.0010198156931590548,0.000722063049311152,0.009285059875430317,0.0034057625506325657,0.002063912799971859
390,0.0009940520587408662,0.0005385054007866971,0.012031972607617293,0.004636500481641006,0.0025875029412138514
391,0.0009608030007130249,0.00043114774445667854,0.012843506095307492,0.003970724031735958,0.002200935888096318
392,0.0009209747988260425,0.0004189026124036623,0.011943949980151674,0.004109566553266866,0.002264234582835264
393,0.0009035700746404839,0.0006811435303359656,0.00950270528295703,0.0026879976811280356,0.0016845706057320006
394,0.0008968506457024191,0.0003540579534692812,0.011755950572027456,0.0038413716500964442,0.002097714801782863
395,0.0008883467564488848,0.0005334472333373261,0.011170492104659278,0.0024705855473723948,0.0015020163903548605
396,0.0008772958691244701,0.0005007738909209602,0.008924033615455063,0.0034051374962803527,0.0019529556936006564
397,0.0008634425361418681,0.0004476596873206307,0.00991673160539288,0.004455515764093922,0.0024515877257072763
398,0.0008494864468490218,0.00048361303606869846,0.010017010912649837,0.0035786246466620484,0.0020311188413653734
399,0.0008424082301565545,0.0003949515039845896,0.010879700514882235,0.0028049524046383978,0.0015999519543114936
400,0.0007040397106983857,0.0004696117577272049,0.005240378565577193,0.001425794074482271,0.000947702916104738
401,0.000874306662924262,0.0005614042989680103,0.009471822752947997,0.003352601987382086,0.0019570031431750483
402,0.0008968543568538391,0.00024265430313798116,0.011789310762398236,0.003924476577776929,0.002083565440457455
403,0.0012629249271317675,0.000488900671360947,0.018835323055404883,0.005997598606022064,0.0032432496386915056
404,0.0010028038514789935,0.0005057920941821509,0.019760601396352287,0.005806656423938535,0.0031562242590603426
405,0.001015687864462352,0.000426549419796395,0.013331975116986517,0.0030418201308049665,0.0017341847753006808
406,0.0010108738883289122,0.0002744142328285141,0.01374711184539631,0.003426701612957358,0.001850557922892936
407,0.0010385740638135215,0.0005578161934835775,0.007960503340926193,0.002457533974293268,0.0015076750838884227
408,0.0010529916912269427,0.0008264980733206047,0.004929687487715246,0.0009839804926354968,0.0009052392829780508
409,0.0010688000269233437,0.0005953511912008822,0.008139389400893347,0.003552032614647193,0.0020736919029240375
410,0.0010797500996578176,0.0007718859631704589,0.005186015636097287,0.0011097098662966756,0.0009407979147335673
411,0.0010973982690027121,0.0005029372573158869,0.01290824003228459,0.003446793927774708,0.0019748655925452972
412,0.0011054762247122202,0.0006040384351503505,0.006805784035629698,0.0023069904097907422,0.0014555144224705464
413,0.0011004003206934213,0.0004717753885871776,0.013592062084300909,0.005305287092528908,0.002888531240558043
414,0.0010883011409783486,0.0007029150523679578,0.008855533693838999,0.002092759014780365,0.0013978370335741613
415,0.0009931272701582138,0.00025152052676913887,0.014408051429914385,0.0051370812639135776,0.002694300895341358
416,0.0010954258114897963,0.0006153460377966902,0.008954824026279427,0.003478130284850778,0.002046738161323734
417,0.0009829549243723628,0.0005929966334824691,0.008378278904763007,0.002364564054307922,0.0014787803438951956
418,0.0010827690572288622,0.0006260246803691976,0.011452633966226405,0.003824022945154605,0.002225023812761901
419,0.001063550181121593,0.0004393819956334699,0.008387958519660206,0.003961102566577126,0.0022002422811052977
420,0.0010372938887545664,0.00043446452647467345,0.013493832498183847,0.003954354353138634,0.002194409439806654
421,0.0010034113286008467,0.0005651347946486836,0.010589553610261641,0.0030143523522205102,0.001789743573434597
422,0.0009628112050489209,0.00041937008317942203,0.009953356483876652,0.0022531388836408736,0.001336254483410148
423,0.0009164260121174889,0.00043986175823864374,0.013227711594494481,0.006142357301608609,0.003291109529923626
424,0.00088403391131856,0.0005240136913007093,0.012636828365294481,0.004085496805329222,0.0023047552483149657
425,0.0008259777742399233,0.0005304713317064746,0.011999941078908094,0.0035935249163687533,0.002061998124037614
426,0.0008691228030662549,0.0005380675802563995,0.012729937980935583,0.003550479828609896,0.0020442737044331478
427,0.0007778485676973324,0.0004422632979184914,0.008685980494019864,0.003129906509285117,0.0017860849036018043
428,0.0008429584522219995,0.00038470018344556,0.006610913042180943,0.0022107078476571295,0.0012977040155513447
429,0.0008334261725187985,0.0005197332470926563,0.008559751571061555,0.0024428066151163555,0.001481269931104506
430,0.0008313311377277947,0.0005410992777190918,0.006174420511435873,0.0026157462590645627,0.0015784227683918273
431,0.0007190780076668185,0.00032096816095466315,0.005737661512284672,0.0026296389537978798,0.0014753035573762715
432,0.0007600637802923484,0.0004226000474855768,0.0036964048750432648,0.0012373222514838775,0.0008299611494847272
433,0.0008760208577766207,0.0005732281606658585,0.005941113136054936,0.0023951019777674943,0.0014841650692166764
434,0.0012504222113555803,0.0005756403456562383,0.005149084020134793,0.0019322501140629496,0.0012539452298595938
435,0.0011546942113250518,0.0004486476980451621,0.019897920610604265,0.004620476817302152,0.0025345622576736573
436,0.0011404113446852686,0.0006369416767754656,0.0055457429591698176,0.003102076360914017,0.0018695090188447414
437,0.0011421057021340387,0.0005637084848588496,0.008270251360742012,0.003524629949671832,0.002044169217265341
438,0.001128788251229402,0.0006004432742109073,0.014368604255462105,0.005054018372385198,0.0028272308232980526
439,0.0011168523775650105,0.0003837509472396183,0.008086014055714762,0.003246390143275414,0.0018150705452575162
440,0.0011513656679748377,0.0007981923901923315,0.005334940108353257,0.0028726582269726327,0.0018354253085824822
441,0.0011128869428599956,0.0006688497249661897,0.006152693533242273,0.002406259083471858,0.0015375544042190237
442,0.0011819575212371886,0.0008132978578490654,0.004264551017960498,0.001538846175503512,0.0011760720166762886
443,0.0011765180796488824,0.0004988836492943573,0.014626934733984515,0.005124301330950904,0.0028115924901226308
444,0.0011585836983045435,0.0007222740046752936,0.008636150058818303,0.0022692146307776743,0.001495744317726484
445,0.0011648204673994716,0.000540426032137142,0.013900707968518685,0.004030705093146221,0.0022855655626416813
446,0.0011555234617101485,0.0007689432783094783,0.015008092559044681,0.0025565121385131206,0.0016627277084112994
447,0.0010075741829966064,0.0006324297100880363,0.014796891776056578,0.004582848192146835,0.002607638951117436
448,0.0011359560174909074,0.0005347907261780737,0.011416599565492269,0.004219827548262027,0.00237730913722005
449,0.0009612479156751213,0.0005672186365814522,0.008994268276062208,0.0034436141276368167,0.0020054163821091346
450,0.0010849924543625922,0.0007620621883783219,0.008597400695670526,0.002742130889959899,0.0017520965391691105
451,0.001047523656829828,0.00035658448896848426,0.012097124040902026,0.0037723293687402064,0.002064456928854345
452,0.0010060509662325266,0.00044548226711554645,0.01372343438402947,0.004389829421693076,0.002417655844404311
453,0.0009587578715451816,0.0006880627708916601,0.007321845998274666,0.0013215091600464698,0.001004785965469065
454,0.0009064771527035813,0.0005073384633721157,0.012442520224427812,0.004691196361626369,0.0025992674124992424
455,0.0008639576902589392,0.0006982906066472859,0.009438743945905763,0.0030125328474314974,0.0018554117270393918
456,0.0008554027264054212,0.0006746592625231472,0.005407073884224624,0.0021955848626123934,0.0014351220625677702
457,0.0008452836897967124,0.0004348686990673311,0.009712512548120607,0.003629552688910042,0.0020322106939886864
458,0.0007941714121742258,0.0005968881044005508,0.009813508626872705,0.002839211527399975,0.0017180498159002629
459,0.0008229858121924825,0.0006456005515080654,0.004906273196409069,0.0011680165081961883,0.0009068085298521269
460,0.0007512596353940219,0.0005571323018300175,0.0034352558812410484,0.0007803624938860421,0.0006687473978580299
461,0.0008245261519165786,0.0005719979539106773,0.0029046342771381437,0.0009934440771817259,0.0007827210155462016
462,0.0008311670921540672,0.0004980924536281695,0.012397626356536674,0.002177008665724479,0.0013375505596763242
463,0.0008386404713502937,0.0004640757833517781,0.006080738288375174,0.0028331638418828287,0.0016486198126173033
464,0.0008548307005651636,0.0005381666579454078,0.007285386746978578,0.0013212009224318948,0.0009296837901886512
465,0.0013180974052039163,0.0006976314690856063,0.01877494389974358,0.004932828941018538,0.002815230205052072
466,0.0012958681026476984,0.0005471101294648821,0.003397449046867204,0.0015081649413547856,0.0010276375354098337
467,0.0013091142998919367,0.0007445115184263678,0.017095494400249975,0.0033231753894107227,0.002033843453918545
468,0.001312435986863015,0.0007914561088762789,0.005712126053189876,0.0021906911656480385,0.0014910736372621587
469,0.0013037781314081541,0.0009463297585131068,0.017628064910601097,0.004640206986348765,0.0027932683724309357
470,0.0012804866155588914,0.0004027865961769919,0.01610751405641161,0.004592281868122853,0.0024975342321499226
471,0.001260136782405449,0.0005005310418968749,0.010326862438921608,0.002690214085423105,0.00159537256365999
472,0.0012618774063300022,0.000746546578318014,0.009956682250436838,0.0021417781408781906,0.0014441623595981023
473,0.0011078469485126046,0.0004370159642704224,0.0038546571058472624,0.0017075425929415709,0.0010722792786059965
474,0.0012481591710325124,0.0007141383571304264,0.014246842975523859,0.003267006150216801,0.0019905722536736137
475,0.0012683969460667505,0.0006225909343764988,0.006898399257364323,0.002420547749659715,0.001521569342018107
476,0.001249269610262465,0.0008611744156605449,0.002469099698461538,0.0005104222023626268,0.0006857983090115859
477,0.001226884073652156,0.0007360616645882219,0.002978801640472459,0.0007590184404754429,0.0007475400525318324
478,0.0011954777688541782,0.0006449394417969473,0.014908253827337462,0.0033515672466461017,0.0019982533442215247
479,0.001169022236144056,0.0006995892361331194,0.00925511516564645,0.0016557313592795862,0.0011776602977063527
480,0.001138602135042072,0.000822106699747477,0.0027686359184557986,0.000819742585393545,0.000820924642570511
481,0.0011003215851026155,0.00040815124533313384,0.013711416273768668,0.0030231707340161555,0.0017156609896746447
482,0.0010551532884344392,0.0005930089794841379,0.012449754077226746,0.0032623646875837285,0.0019276868335339331
483,0.0010040714864761155,0.0007204819281447037,0.004216629856706419,0.001159977993090518,0.0009402299606176108
484,0.00094915879667865,0.0004329008406378874,0.008240934009691135,0.002415059865449174,0.0014239803530435306
485,0.0008916483873667068,0.0005313608015673673,0.00562407444994206,0.0010716525841404263,0.0008015066928538969
486,0.0008401618027088421,0.00033975583410902037,0.009265986621801427,0.002428676974243613,0.0013842164041763167
487,0.0008490823186998038,0.00022934808595091055,0.011094353652407683,0.004671738797307208,0.002450543441629059
488,0.0008279441435458003,0.0005621621904550592,0.010357247474328672,0.003937281268793247,0.0022497217296241533
489,0.0008017181489167099,0.000527531605494001,0.003399937626507742,0.0008696505269322637,0.0006985910662131323
490,0.0007864951805868352,0.0005187217211233931,0.00802899427916319,0.00213590915810608,0.0013273154396147365
491,0.0008115540026366443,0.0005036190870229626,0.010761711826679886,0.004034653902737396,0.0022691364948801795
492,0.0008185876527246343,0.0006030876273132993,0.005046610808189556,0.0017413443729057845,0.001172216000109542
493,0.0008235071794089888,0.0006643016304669745,0.009977076564667989,0.0037186768666011573,0.0021914892485340657
494,0.0008999931346005196,0.00039980630449792845,0.009219658604327309,0.0032600866641850877,0.0018299464843415081
495,0.0008387687119070207,0.0004210713958147882,0.010024896702758482,0.0027517881504546173,0.0015864297731347028
496,0.0015249559332008653,0.0008963988198729275,0.010871212372878532,0.00310392792279683,0.0020001633713348788
497,0.001545077530068964,0.000742783903572551,0.01572002699084829,0.0031105912619804952,0.001926687582776523
498,0.0015457649640942608,0.0010181625950070768,0.0030929716422183713,0.001343691591984705,0.0011809270934958907
499,0.0015284447085977203,0.0005655287606963331,0.0051544380607968145,0.002196422439281992,0.0013809755999891625
500,0.001494709959271181,0.0004862210752392066,0.01254495602826582,0.0036689093253814754,0.002077565200310341
501,0.0014484349660734315,0.0007306890362960044,0.007772707848209869,0.0021088605262463626,0.0014197747812711835
502,0.0013975632108610473,0.0010218528883317731,0.00770818289313401,0.0020644786033042423,0.0015431657458180076
503,0.0013538802242806232,0.0006422022515662386,0.013527210740169927,0.002156210898820964,0.0013992065751936011
504,0.001346576270560656,0.0006331992916917926,0.003275182532283487,0.0011449174807453214,0.000889058386218557
505,0.0011447207563512131,0.000592417363985972,0.015632889125430576,0.002916140042124893,0.0017542787030554326
506,0.0013726039615831627,0.000535897866589739,0.015861057293556233,0.003991033257876176,0.0022634655622329573
507,0.0013337283961088468,0.0005940631070495607,0.014930239208319807,0.003500411017684165,0.002047237062366863
508,0.0012895411035840016,0.0006982021328830277,0.01474241628273378,0.004197855596519846,0.002448028864701437
509,0.001247243745018224,0.0008380047810422996,0.006100089451416139,0.0012599279714636227,0.0010489663762529612
510,0.001196646988671253,0.0007547306928784791,0.014313430368529431,0.0025004781032839105,0.0016276043980811947
511,0.0011545921143061896,0.000655287647683518,0.01432404095867721,0.0040251517643734806,0.0023402197060284993
512,0.0011084523350783967,0.0005705721421837449,0.014287656268575307,0.003682038179527248,0.0021263051608554967
513,0.0010562317828455366,0.0004728211516135461,0.010452557610590881,0.003834537642069838,0.0021536793968416922
514,0.0009989056713080036,0.0006677385020513129,0.005434780849104414,0.0015476321672642512,0.0011076853346577821
515,0.0009374384808145526,0.0007028812949671955,0.006404443388021142,0.0011439975127394719,0.0009234394038533337
516,0.0009083023090772253,0.0006540725447027829,0.007574646551665415,0.0022701676475548596,0.0014621200961288212
517,0.0008836790029976394,0.0006085778567488808,0.01277268081831389,0.003800108719252389,0.0022043432880006347
518,0.0008621804466459456,0.00035698515813411413,0.011046798635665378,0.0034517999658682116,0.0019043925620011628
519,0.0008355004517470127,0.00039343668280401227,0.011318021792919812,0.0020706442470892093,0.0012320404649466107
520,0.0008167831120351855,0.0005063250415107077,0.005443767430232189,0.0020451488833854816,0.0012757369624480947
521,0.0008034716913373286,0.0004401990528919027,0.01152000977591197,0.0035936446205157915,0.0020169218367038473
522,0.0007952599222805452,0.00047884271713983265,0.005545277827598124,0.0019384283805981965,0.0012086355488690145
523,0.00082068849766793,0.0006243011741469432,0.008547531129309456,0.002373050968071523,0.001498676071109233
524,0.0008972426212698459,0.0006423206815915764,0.01251509445365453,0.0027025987080861605,0.0016724596948388686
525,0.000817077422484774,0.0005478798982185512,0.0099376819377472,0.003819053465588025,0.002183466681903288
526,0.0010317608146815469,0.0005989074512917751,0.0036265032765744596,0.0006552855315994193,0.0006270964914455973
527,0.0018018714465913295,0.0005237808186013036,0.02033049226361955,0.004797268892187686,0.002660524855394495
528,0.0017995502834898982,0.0007607782579597762,0.005329209016296311,0.003083089383655069,0.0019219338208074225
529,0.0017779289657135567,0.0007221693958232253,0.01821824991889487,0.004440120807276777,0.002581145101550001
530,0.001738784570292093,0.000760583197819072,0.014525422915058605,0.003902940547978838,0.002331761872898955
531,0.0016839849708253085,0.0010065086677262527,0.006723272284923236,0.0024366556066955226,0.0017215821372108878
532,0.0016155126829288764,0.0009187387308921145,0.012623575026610776,0.003052440893905839,0.001985589812398977
533,0.0015371163332661276,0.0007977376494406569,0.017326792915395524,0.003302472921589362,0.0020501052855150096
534,0.0015153799290633244,0.000969838199631309,0.004773917879901928,0.002148110410402187,0.001558974305016748
535,0.0014960784807760274,0.0009102579543168431,0.005055667261968745,0.0012357356653984164,0.0010729968098576298
536,0.001483775612080067,0.0008158443657552857,0.008194154195952789,0.0018654894193472539,0.0013406668925512698
537,0.0014679103288198936,0.00039739865280964004,0.015879492753616425,0.004754189773684416,0.002575794213247028
538,0.001409332720933926,0.0009861627165253894,0.008261684464129808,0.0016684297987622037,0.0013272962576437964
539,0.0013435304431731838,0.001006672248506714,0.004683109981277658,0.001466465264981715,0.0012365687567442146
540,0.001290831164031154,0.0005868577375703453,0.010575121446262999,0.0027382511009194565,0.0016625544192449008
541,0.0012306970624108933,0.0006273581590342458,0.004620469937008596,0.0016078037172547355,0.0011175809381444907
542,0.0011642950348956665,0.0006688402316925934,0.013796565049459735,0.004111524228315667,0.00239018223000413
543,0.0011098476693921875,0.0005491468315042055,0.013592087907758087,0.0027457884561332456,0.0016474676438187254
544,0.0010512415461122015,0.0007526494728779633,0.003735622091842347,0.0011095320197894152,0.0009310907463336893
545,0.0009935751546883166,0.0007631617024276792,0.009141348169957948,0.0037743692779999317,0.0022687654902138056
546,0.0009646392580478716,0.0004118154429349864,0.013937523836064,0.003243551202402399,0.0018276833226686926
547,0.0009301131657414759,0.0005793626353614846,0.013118263840323847,0.0035349679081015765,0.0020571652717315306
548,0.0008991869052951001,0.0003797705572236172,0.010465698618839352,0.0033520981031971105,0.001865934330210364
549,0.0008704065028186629,0.0007640629671430511,0.00501661199654117,0.0012057178924350619,0.0009848904297890565
550,0.0008457354941739515,0.0004199287963016586,0.01346554052717693,0.0033721406107159206,0.0018960347035087896
551,0.0008311705681858146,0.0005895409299905123,0.005155760465012637,0.0017884682532536508,0.0011890045916220816
552,0.000824071326853017,0.0003250164935387037,0.013190411013110939,0.002993056502472221,0.0016590364980054624
553,0.000825822444617435,0.00024490584739321247,0.009230468151639241,0.0025397491725024767,0.0013923275099478446
554,0.0008939956956569716,0.0005592119338998457,0.012880231796022856,0.004478696303540079,0.0025189541187199626
555,0.0009585402410248364,0.0005563557398143573,0.010804003056969463,0.0018885738299030494,0.0012224647848587033
556,0.0010222942902751602,0.0004866091367405435,0.004399098540049386,0.0025510321823819905,0.001518820659561267
557,0.001093914678879293,0.0005027356624648494,0.011557708789114125,0.004788872357830485,0.0026458040101476673
558,0.002074366574088555,0.0008487224730818751,0.0187224994664971,0.0033640050533306825,0.002106363763206279
559,0.002047635730147498,0.0009821845882492133,0.006203490044137356,0.001980783288630194,0.0014814839384397036
560,0.0020027123485182527,0.0007175156179063223,0.004840778984798738,0.002138950640815369,0.0014282331293608455
561,0.0019411445058506154,0.0009597842088005769,0.015477871764907255,0.0033346956656401345,0.0021472399372203556
562,0.001865019510724746,0.001033605679711507,0.004416369808517304,0.0012805081253016441,0.0011570569025065756
563,0.0017764288946584858,0.0008492506320532759,0.007479929809306505,0.003134609184582266,0.001991929908317771
564,0.0017365285009643065,0.0006228075207693409,0.008533534617475453,0.002624829361353426,0.0016238184410613833
565,0.0017063703345762907,0.0007095044932481685,0.005968754035217478,0.0018726326744154032,0.001291068583831786
566,0.0016671816532267244,0.0008828113717275288,0.007279172282235514,0.0031886257456048583,0.0020357185586661938
567,0.0016196131057601279,0.0008987618661133432,0.013022679850233138,0.002001967887827098,0.0014503648769702208
568,0.0015670915957811471,0.0010094783722580305,0.00311656354511221,0.0008465232543025489,0.0009280008132802897
569,0.0014816094272112833,0.0009014708388937395,0.007785190704377329,0.001835254409860233,0.0013683626243769862
570,0.0013970283682100879,0.0008341768043045648,0.002671410044579382,0.0013315728174512654,0.001082874810877915
571,0.001326479967450863,0.0005744961020340533,0.009891207875091996,0.0027103032967231875,0.0016423996993786205
572,0.0012574154241031693,0.0009829688161631918,0.004663326081137023,0.0020435384434056114,0.0015132536297844017
573,0.0011829791461305075,0.0005630774695597265,0.0127548558370909,0.003162967787231522,0.0018630226283956244
574,0.0011050111710243947,0.0005528510265130744,0.014580382673735449,0.004177972985364385,0.00236541200593873
575,0.0010525413526528552,0.0006545316330899679,0.010918908603587227,0.0031048962191576497,0.0018797139261238088
576,0.0007455334414092407,0.0005751683048576199,0.008620930923523354,0.0022497264847453043,0.0014124473948014622
577,0.0009871710255238962,0.0005788813187257504,0.005224641932693443,0.0021988036618369746,0.0013888424902813625
578,0.0009465392836574126,0.0006253460247477611,0.009071596352388465,0.002347634061692208,0.0014864900432199845
579,0.00091183271166969,0.0005724581494767018,0.009468158108604161,0.0032289290610749317,0.0019006936052758168
580,0.0008785413470493663,0.0006249095256273367,0.008275639721137136,0.0038271707292212853,0.002226040127424311
581,0.0008613408484223722,0.0006529971828908765,0.007845646862423523,0.0021537556726120193,0.001403376427751448
582,0.0008498415240979844,0.00044357956274998446,0.012753751007989686,0.0030964370025838403,0.0017700082826669124
583,0.0008459532992232238,0.000472920644315674,0.00815978554538755,0.002725405574618361,0.0015991631094670175
584,0.0008991042671403915,0.0004692082131820009,0.009489414156762882,0.0022288312859165597,0.0013490197495492802
585,0.0009577226606693924,0.0005260663567387948,0.007951361075350697,0.002142987350264519,0.0013345268535016569
586,0.0010152275891611158,0.0007425556066453027,0.009684892445839598,0.004378525729638217,0.00256054066814176
587,0.0010868034240673896,0.0005810166724986185,0.004100490771166135,0.0011782570461509993,0.0008796368593248088
588,0.0008123615842904033,0.0004447045467183647,0.009854353956408393,0.002311020473337638,0.0013778625100280015
589,0.0019197651058715096,0.0007519456977550494,0.017850104888934046,0.005636792451694979,0.0031943690747250142
590,0.0022878611854007668,0.0008908048071012403,0.01932888981670567,0.004719739038367441,0.0028052719227343406
591,0.0022185308403586627,0.0008897041407185523,0.006609460170573308,0.0022336948669468204,0.0015616995038326862
592,0.00167065358506576,0.0012276379017989887,0.018387329235367414,0.003958385432650153,0.002593011667224571
593,0.0015849937250148082,0.0006679894240194655,0.01842480416447753,0.003393022197459948,0.002030505810739707
594,0.0020079610618506005,0.0007313553789724778,0.016348780641875785,0.0028689684005809915,0.0018001618897767347
595,0.001948641481829386,0.0007434648569515425,0.01421078093729699,0.002804074098171521,0.0017737694775615317
596,0.0018970483127712307,0.000937447892354587,0.015790375359799762,0.004348509624925106,0.0026429787586398465
597,0.0018384547711606963,0.00099606591364361,0.007972814108059932,0.0022778541731464682,0.001636960043395039
598,0.001769105827286361,0.0007119867611301817,0.0160363421428783,0.004919149589204698,0.00281556817516744
599,0.001681606880976234,0.0011428991179894357,0.00613618472626952,0.0018299884348641677,0.0014864437764268018
600,0.0015616464191413166,0.0008261491230174825,0.015860129672436208,0.00410626945530909,0.0024662092891632862
601,0.0014580216380933257,0.0009092993787941404,0.0035273786592042956,0.0008778115704045481,0.0008935554745993443
602,0.001355304246238928,0.000720117361979997,0.015471023174131371,0.0044228318167135235,0.0025714745893467604
603,0.0012771366990873706,0.0007243709093587309,0.00466663401833575,0.002165593376704661,0.001444982143031696
604,0.0011953191103482458,0.000753524655949811,0.014510092176249387,0.003195561953624991,0.001974543304787401
605,0.0011290642074967237,0.0005952239805788659,0.014430301667796134,0.004098801424759648,0.002347012702669257
606,0.0010825495146782303,0.000586253898188922,0.01468604879598227,0.003448678543218299,0.0020174662207036106
607,0.001045954182041361,0.00041754286688977223,0.014545069932791834,0.0032760911978779103,0.0018468170323838412
608,0.0010041368474399423,0.0005298869171298534,0.014395888825125625,0.005748752745011324,0.0031393198310705884
609,0.0009577917478488328,0.0007215399270693488,0.00925803282533558,0.0030499863843111708,0.0018857631556902597
610,0.0009196458256910717,0.0007038840252807946,0.012356134184911695,0.003486555094860578,0.002095219560070686
611,0.0008980267176837537,0.0006093925631480159,0.008775653702725837,0.0029166977605632085,0.0017630451618556122
612,0.0008806185997845144,0.0004044712672268436,0.00401177292184215,0.0019225069204552524,0.001163489093841048
613,0.0008690822778858844,0.0007354545709173388,0.0046809069014731326,0.0018616689382712497,0.0012985617545942943
614,0.0008808396548198594,0.0003177873883903244,0.01104268615074077,0.0031302467725593365,0.0017240170804748304
615,0.000965499086937625,0.0005525259860304083,0.008422436143068578,0.002319043357197686,0.0014357846716140472
616,0.0008581303070893817,0.0005762009592629246,0.004478673117234663,0.0014143176857596249,0.0009952593225112747
617,0.0008446359434646802,0.00046844637255114816,0.008232888970811722,0.0023880128377832877,0.001428229605167218
618,0.0011486466729286546,0.000728755220599732,0.012334952346356572,0.004919924864692013,0.0028243400426458728
619,0.001215147011897742,0.0005454276680130433,0.009458719062077747,0.0038336206241051237,0.0021895241460590836
620,0.0026035321555368373,0.0011165938200681646,0.01730890485563349,0.004260085639308216,0.00268833972968819
621,0.002522055983076379,0.0017125156194631025,0.002623525119049431,0.0006967509208965406,0.0012046332701798215
622,0.002424446922218929,0.0010902225185596302,0.019364192885241754,0.002823775533510442,0.001956999026035036
623,0.002353568524662228,0.000973752853941072,0.0093467971443783,0.002871166165668346,0.001922459509804709
624,0.0023010665472318415,0.0011366644951039972,0.016675269018906133,0.004469472241966404,0.0028030683685352003
625,0.0022340067390330745,0.0008704257701340739,0.013002433094269208,0.004369610691036514,0.002620018230585294
626,0.0021546944703057774,0.0011622634396769526,0.007265785737095248,0.002550563237129816,0.0018564133384033842
627,0.002081142427568979,0.0007205866322471836,0.016143357596226347,0.0038201700490357016,0.0022703783406414426
628,0.001473127870499335,0.000435864573137456,0.016225442081445503,0.004122076076197698,0.002278970324667577
629,0.0014029923488692911,0.00045067699565882536,0.016413601351293484,0.004092403038425579,0.002271540017042202
630,0.0018039550230005198,0.0008649975839245542,0.01638792272640719,0.003674947431969464,0.002269972507947009
631,0.0016624325540852873,0.0010370324756967888,0.013894920064053365,0.0031339950110319246,0.002085513743364357
632,0.0015223519415987314,0.000617270030381963,0.014467539832105256,0.0032579397034064516,0.0019376048668942073
633,0.0014015170211870574,0.0008260501660670432,0.012254366358969688,0.0023314577973807798,0.0015787539817239114
634,0.0012988201517573318,0.0006491502983799117,0.008320721603205596,0.0033128685069872175,0.0019810094026835646
635,0.001228264917466579,0.0006617012840618296,0.014871759015230837,0.0030082622380296904,0.0018349817610457601
636,0.0011769776506030721,0.0007115105267183048,0.01421538705890564,0.002743320588465253,0.001727415557591779
637,0.0011203864982979755,0.0007541879077767116,0.013722685021892035,0.004103492321361923,0.002428840114569317
638,0.0010634290877699242,0.000623288674550163,0.010717922811629737,0.002205222096181992,0.0014142553853660773
639,0.0010157631166586886,0.0006575447502549497,0.014423751199376469,0.0037681987255976817,0.0022128717379263155
640,0.0009641216805022123,0.0006287357793420958,0.009415124797884086,0.00267971583719367,0.0016542258082678828
641,0.000935656381267674,0.0006113325670082766,0.008057564658399958,0.0017013773089239956,0.001156354937966136
642,0.0009140994392931351,0.0006804056166488952,0.007839784702937615,0.0024630706475503397,0.0015717381320996173
643,0.0008444515271151055,0.0005086099440651166,0.009142736855767714,0.0035846272817813252,0.002046618612923221
644,0.0009108083180562001,0.0005716337653064532,0.012922880517983905,0.003625663777337906,0.0020986487713221796
645,0.0009720547746199302,0.0006788105619013561,0.005088688946553201,0.001781822233266856,0.0012303163975841062
646,0.0010254281222976194,0.000616735028532731,0.013121258812585019,0.003877543121566467,0.002247139075049599
647,0.001081112852271318,0.0007018438262264669,0.006032368344869255,0.0017822353219096687,0.0012420395740680677
648,0.0011430659574114851,0.0005344069772638621,0.009532809330093452,0.0031241462623382895,0.0018292766198010758
649,0.001209734491901072,0.000520197163814547,0.004019313208239243,0.0014939982756898894,0.001007097719752218
650,0.0012806958660652528,0.0006844185825376315,0.013381111976759487,0.0031798231070109253,0.0019321208447742784
651,0.0028610668063685438,0.0016488412152804658,0.005363361078439466,0.0011251829575200096,0.0013870120864002376
652,0.002754100722995869,0.0012141247595928678,0.010635652540100838,0.0022598969704058967,0.0017370108649993822
653,0.0026909281388736188,0.000987433583088946,0.006369176689062971,0.001775605909810636,0.0013815197464497912
654,0.0026270592301543996,0.0015353924377787317,0.0019702240626689495,0.0008157525339757176,0.0011755724858772247
655,0.00254787238222016,0.001071167913812531,0.017372988696000135,0.004003612975196003,0.002537390444504267
656,0.0024552169115479162,0.0015880235243915437,0.0012648988023464464,0.0005702269965410021,0.001079125260466273
657,0.0023540801222880336,0.0008831404850695007,0.01496133534908739,0.003949221838993268,0.0024161811620313843
658,0.0022577134355161008,0.0013788824538912287,0.010770807544059974,0.0028662674835855787,0.0021225749687384036
659,0.0021646388783319115,0.0015986099871820106,0.007277070560735749,0.001114808059370116,0.0013567090232760631
660,0.0020627847451947768,0.0013681046199642529,0.006648289975658462,0.0012104096553521594,0.0012892571376582063
661,0.0019239977063900554,0.001117173516584088,0.014340236266200037,0.003483122988258058,0.002300148252421073
662,0.0017658553611204632,0.0009381546202952256,0.008903752167632905,0.0030206200023735344,0.00197938731133438
663,0.0016079763496446462,0.000763466235764942,0.0014756217364693858,0.0006502473059180707,0.0007068567708415064
664,0.0014560179415270273,0.0007261604518830131,0.00807979946131385,0.0023251273658859792,0.0015256439088844962
665,0.001361027016599043,0.0007575284671510048,0.006273586015444556,0.0019542619843861226,0.0013558952257685638
666,0.0012944606216830756,0.0007373747271077165,0.008290664867391809,0.0020572646761720863,0.0013973197016399013
667,0.0012230379388961069,0.0004613394828101751,0.01119394798447505,0.0028016655819501825,0.0016315025323801787
668,0.001155109908981689,0.0006441254410916293,0.008831704483056466,0.0017310148513612657,0.0011875701462264474
669,0.0010873774499860652,0.000914866662503277,0.004902241066855766,0.0017268123792488414,0.0013208395208760592
670,0.0010223073285591353,0.0005736467095501463,0.010717996452368185,0.0028441954508941986,0.0017089210802221724
671,0.0009741879178999223,0.0004964950008755817,0.013730858135058099,0.004256265659537807,0.0023763803302066944
672,0.0009513676093529631,0.000523888380547919,0.005056307095148113,0.0018894260904953185,0.0012066572355216188
673,0.0009365183156373701,0.0005145789967291442,0.00877201998174022,0.0034923750769935563,0.0020034770368613504
674,0.0009364863757109883,0.0007692111916865598,0.00932201364912814,0.0026208914972959433,0.0016950513444912514
675,0.0009769870385171666,0.0004257703054938269,0.005765128658710664,0.002224007063407067,0.001324888684450447
676,0.001032548885361608,0.0006539111375938005,0.013591389670925866,0.00418539706717492,0.00241965410238436
677,0.00109029057657588,0.0004074341490524092,0.013806494583898474,0.004158371857110503,0.0022829030030814563
678,0.0011592236546113987,0.0006770740812097468,0.007222391718444585,0.003132067720973996,0.0019045709010918712
679,0.0008747447083463833,0.0004659327594222185,0.013132754228670152,0.003959707443943412,0.0022128201016828153
680,0.001282949682368302,0.0006337819581301979,0.007091983921362658,0.001938933498667935,0.0012863577283990664
681,0.0013555132354193264,0.0005511726996130326,0.011891541151334022,0.0035857280688827904,0.0020684503842479116
682,0.0031096056496845697,0.0012645181436734638,0.02070023183513947,0.0038802760049375766,0.00257239707430552
683,0.003056376539989369,0.0017089871079259769,0.02016448144748583,0.005099410961116,0.003404199034520988
684,0.002985010972387501,0.0007822193643827824,0.01642045242722933,0.0030634223037204686,0.0019228208340516255
685,0.0028974411147627104,0.0010885011215312527,0.006446924845230463,0.0018332301988228852,0.0014608656601770688
686,0.002795607255224598,0.001278733136767446,0.0032497241608734923,0.0010854316430109173,0.0011820823898891818
687,0.0019066991922344892,0.001117170445172747,0.0029471259883337626,0.001154066018266597,0.001135618231719672
688,0.0018025633782186668,0.0009970025092849004,0.01084305574510154,0.001915800868177503,0.0014564016887312018
689,0.002433449610496311,0.0011629597472263117,0.01561886228649996,0.004498837313629057,0.0028308985304276845
690,0.0023185890837528348,0.0005461815340993746,0.008871677169342645,0.002085916226619313,0.0013160488803593438
691,0.002198405273345759,0.0009325407449440272,0.003329401845572013,0.00158333108139636,0.0012579359131701935
692,0.0020365515874521383,0.000967278254655311,0.01641208018022764,0.0043758204226643695,0.0026715493386598402
693,0.0018646539913903398,0.0012478023707109711,0.010440475974279478,0.002119171272948636,0.0016834868218298035
694,0.0016942055694758914,0.0009206180460156379,0.0065241342338512275,0.0028464179234024634,0.0018835179847090508
695,0.0015719041671677608,0.0005906111667299322,0.007869330989926693,0.0025395609117083657,0.001565086039219149
696,0.0014525539539781372,0.0007084903675100048,0.007084944092365644,0.002653815829217414,0.0016811530983637094
697,0.0013588825502670026,0.0007881988603588108,0.00410325807856396,0.0015548095082677546,0.0011715041843132828
698,0.0008285036808051676,0.0003586264275183543,0.011085163514892518,0.003955131328697143,0.0021568788781077485
699,0.0011957790856657094,0.0006147142917851177,0.008566809580681328,0.0019967062633285218,0.0013057102775568198
700,0.0011104073127488538,0.0006107494122553119,0.013196803295989374,0.0043835506586020825,0.0024971500354286974
701,0.0010353153775395578,0.0005640541626125384,0.004441077732343294,0.0019143978059812515,0.001239225984296895
702,0.0009904323920473341,0.00032901595425388445,0.014356247450647243,0.003754229830476329,0.002041622892365107
703,0.0009714321265327594,0.0006393045867930693,0.0047095162660836035,0.002438339550323968,0.0015388220685585187
704,0.0009225896934965937,0.0004921645966214101,0.014483072125048669,0.003837094568830705,0.0021646295827260575
705,0.0009763883252652228,0.0004142816910107936,0.0126826154750133,0.0046094086370936736,0.0025118451640522336
706,0.0010512258767286543,0.000699855636936944,0.007612780265588357,0.0019977966741041822,0.001348826155520563
707,0.001108133524339827,0.0002527684029958769,0.01357696193374338,0.006778876461329792,0.003515822432162834
708,0.0011726162084417437,0.0006945590975891787,0.013960049702690812,0.0038674646644332616,0.00228101188101122
709,0.0009148967276908496,0.000407566140702224,0.01329757865037492,0.004546171618956987,0.0024768688798296056
710,0.0012950262590253761,0.0007590886510274181,0.004348172470949769,0.001934685318570508,0.0013468869847989631
711,0.0008398743463885813,0.0003758544509888587,0.0131928755430634,0.004502059420954453,0.0024389569359716556
712,0.0014278989568035927,0.0004983006247240441,0.013397942757693019,0.005257814865269783,0.002878057744996914
713,0.0034457328940437535,0.0021244143061311354,0.004864372259847021,0.0018190307134275565,0.001971722509779346
714,0.0033665301385319302,0.0014384760953668728,0.002562595166879675,0.0010990822920040812,0.001268779193685477
715,0.0032702292679199253,0.0015640748868971678,0.017397084643048236,0.0029116110138339975,0.0022378429503655825
716,0.003158855055275481,0.0013811142564244651,0.013467194359583191,0.0026504864213938613,0.002015800338909163
717,0.0030343993198509688,0.0016865841522815165,0.018050346371176366,0.003710104270700157,0.0026983442114908367
718,0.0028987867733280184,0.0010293368426992702,0.018321066003212105,0.0025965523381765742,0.0018129445904379222
719,0.0027539106522608977,0.0011430681838935646,0.005722506718641416,0.001414126570935577,0.0012785973774145708
720,0.0026083131567943394,0.0012061119352069205,0.014219712001916632,0.002731056961189715,0.0019685844481983177
721,0.0024764637335281323,0.001366211775078711,0.016944767392371777,0.004247512992478121,0.002806862383778416
722,0.002338149065140743,0.0012092172973942187,0.003355860225329293,0.001282956601829579,0.0012460869496118989
723,0.002148910261541048,0.001391699441539046,0.004496180792490175,0.0013334925646509527,0.0013625960030949993
724,0.001965150698517829,0.0007203269258841738,0.010729131605716131,0.0021779035860398175,0.0014491152559619957
725,0.0018313181760839419,0.001074344506800285,0.004459004400638767,0.002117519621391465,0.001595932064095875
726,0.001698088649266028,0.0006483485574448938,0.007974426046523299,0.0024738680765382147,0.0015611083169915544
727,0.0009975881321576685,0.00040800583484118275,0.013489064493519318,0.0035646465891330317,0.001986326211987107
728,0.0014402661986912507,0.0010003458630512417,0.0029038075351697054,0.0010513920622515853,0.0010258689626514135
729,0.001330688253174939,0.0006863351104877648,0.015372391101191108,0.004599246021954881,0.0026427905662213228
730,0.001239291945966763,0.0005537224573960931,0.015312383765787993,0.0052801012886770846,0.0029169118730365887
731,0.0011497109559788575,0.0005868457528755756,0.008866819197108928,0.0019161914673524298,0.0012515186101140028
732,0.0010841699854467048,0.0004776893513403086,0.01236735604567183,0.0035345717066308847,0.0020061305289855967
733,0.0010346024003946538,0.00031711096612575465,0.007977884576988264,0.003411364105574779,0.0018642375358502669
734,0.0010225973659554572,0.0005771344311985246,0.014685159182423592,0.003033165297789338,0.0018051498644939311
735,0.0010280587071415618,0.0008046259092702858,0.014377196061367392,0.002262554155210046,0.0015335900322401659
736,0.0010696684991070612,0.0008399263483591905,0.007398459816792778,0.0015869152728993853,0.0012134208106292879
737,0.0011268352594841545,0.00048504219484807353,0.009175487085027589,0.0034405501653431056,0.0019627961800955896
738,0.001184809016097218,0.000792128786107708,0.010645124055021661,0.002493139774713051,0.0016426342804103796
739,0.001245867195132555,0.0005645730966461778,0.013752008825048772,0.003229537349535048,0.0018970552230906127
740,0.0013063324856765438,0.00035625723592818255,0.01384756742255617,0.004888174344349268,0.0026222157901387255
741,0.0013719352541707956,0.0005572574549168404,0.0039248060206860695,0.0014277516932134548,0.0009925045740651476
742,0.0014355841780454035,0.0004811171003512339,0.013208522745868957,0.0024526925489301455,0.0014669048246406897
743,0.0015087712127479678,0.0006453468381202985,0.0072774126038272395,0.0018896728417819781,0.0012675098399511384
744,0.003771730494140077,0.00178970887199765,0.010625653446200364,0.002350276599868536,0.0020699927359330928
745,0.0036663555465101367,0.0016784319685934578,0.01511992206987528,0.0018780885911979766,0.001778260279895717
746,0.0035451153634046173,0.0014907825989371754,0.007305925180552458,0.0021584017194066813,0.0018245921591719283
747,0.0034101008362368915,0.001821854336367848,0.0028858867967427836,0.0009333988590806728,0.0013776265977242603
748,0.0022400234888885315,0.0015049382898373299,0.018592944195957094,0.0028100525707391317,0.002157495430288231
749,0.003106705051766391,0.0009405206602212965,0.006437679371740106,0.0018029391865794502,0.0013717299234003734
750,0.0029421567196413383,0.0011457834913713243,0.005519906377280397,0.002190765831352172,0.001668274661361748
751,0.002774374504026977,0.0011304635326522942,0.012090940292256944,0.0033908374438667323,0.002260650488259513
752,0.002626034865186052,0.001389832898408693,0.003184366071031596,0.001306162578282304,0.0013479977383454985
753,0.0024662163434643067,0.001013432448443896,0.00445867477109398,0.0019724376864548475,0.0014929350674493717
754,0.0022763411714297258,0.001018401024141095,0.013725998776647921,0.002901696545953446,0.0019600487850472705
755,0.0021280887425407812,0.0010116269729643361,0.015557882399283872,0.002300590872819028,0.001656108922891682
756,0.001977753905664772,0.0011949852532536403,0.011031286324848134,0.003207661757877288,0.0022013235055654643
757,0.001826597150258896,0.0008218129037465488,0.003688835944271146,0.0014766714809193635,0.0011492421923329562
758,0.0016759856239631655,0.0007736852138692705,0.007518099953830191,0.0013348329922545073,0.001054259103061889
759,0.0015372026062605377,0.0007579418511797159,0.0072180507256166294,0.002004768723704006,0.001381355287441861
760,0.0014237378126408684,0.0008446568114335989,0.014671123155376553,0.003913168188440954,0.0023789124999372764
761,0.0013116418310904741,0.0007566661591518903,0.009064869519792008,0.002897375471071551,0.0018270208151117207
762,0.0009155364077760343,0.0005562557893750529,0.014709701883987597,0.0036858820471040742,0.0021210689182395636
763,0.001160501915530217,0.0006533498224821311,0.006989785998428878,0.00207252254407794,0.0013629361832800356
764,0.0011133109720101765,0.0005478493607101125,0.014572863731539277,0.0028328216840777048,0.0016903355223939086
765,0.0010905590500415777,0.0006242133350237558,0.013928980328591849,0.004316360579055682,0.0024702869570397187
766,0.0010877457368099089,0.0007328674168062585,0.009085947259914445,0.0016451407177666896,0.0011890040672864742
767,0.0011452097692882406,0.0005917844717436593,0.006047652655838386,0.0017593638510284729,0.001175574161386066
768,0.0011964919366247878,0.0006888748306415787,0.014326757815737348,0.002654594534642824,0.0016717346826422013
769,0.0012577430196918326,0.00080263165859663,0.004098075939175595,0.001708561391715164,0.001255596525155897
770,0.0009732109471638521,0.00042304742876743894,0.01445127943611238,0.004319617483665757,0.0023713324562165982
771,0.0009254179600427267,0.0004300242034111194,0.014286664909359075,0.004586418363833569,0.0025082212836223445
772,0.0014482375783664864,0.0004281358342912043,0.010051296868273479,0.003274976814997885,0.0018515563246445446
773,0.0015228234889185694,0.000601784403449486,0.009288834778267792,0.002671723194058262,0.0016367537987538741
774,0.0007989685382728741,0.0005794930993280983,0.005532346969958884,0.0024860426145391504,0.0015327678569336243
775,0.004085785310522978,0.0014172628352614961,0.015297890467088113,0.004131393515186186,0.002774328175223841
776,0.002720297656054512,0.0006556124493201321,0.0052314783518936855,0.0024912962392947477,0.00157345434430744
777,0.0038084793521041306,0.001831369209484824,0.003069326952797307,0.0013008473948010139,0.0015661083021429188
778,0.0036501991783779676,0.0010958909876273302,0.011247672894420163,0.002736709168610965,0.0019163000781191476
779,0.002341671580619554,0.0006629104740747933,0.018525212608865232,0.003566566634487605,0.002114738554281199
780,0.003304495479009597,0.0016926322010607105,0.004810007054697378,0.001293379351527013,0.0014930057762938616
781,0.0031208443763100116,0.0018683909898914053,0.0012553035966671212,0.0004209639945831456,0.0011446774922372754
782,0.0029323658137558797,0.0009736923178983346,0.01266256066963706,0.003359940977564616,0.0021668166477314755
783,0.00178428854460341,0.0013777983327561533,0.0032580898943249917,0.0014093501717633268,0.00139357425225974
784,0.002611161992782476,0.0011178128712291985,0.0032420351461423243,0.0014604596259294542,0.0012891362485793264
785,0.0024498065680745233,0.0015671415217488635,0.004867239201764544,0.0012084243836012762,0.0013877829526750699
786,0.0022895140127949048,0.0011680460344290343,0.009007013534171982,0.001934693858286349,0.0015513699463576918
787,0.002137389284223571,0.001087582524857347,0.0034427605108090283,0.0010799864942538423,0.0010837845095555947
788,0.0019840430101034415,0.0009232675480910906,0.003029680448422955,0.001646277614737202,0.0012847725814141462
789,0.001830612785836207,0.0006082327521485408,0.006529106264168197,0.002314553153116503,0.0014613929526325219
790,0.0016781907769712484,0.0010667381266042603,0.009106632075194276,0.00268029254458626,0.0018735153355952602
791,0.0015409584903103481,0.0005136814974860386,0.01517454762303004,0.004312763710468615,0.002413222603977327
792,0.0014209891925307885,0.0005465194772573188,0.01574460191608363,0.003945818128962083,0.002246168803109701
793,0.0013203038830212393,0.0007622989405257242,0.008377932342782793,0.0020323604186674765,0.0013973296795966005
794,0.0012459226517949524,0.0005607287783569227,0.014735729445411676,0.003295584920754488,0.0019281568495557054
795,0.0012100714857397042,0.00067394042209973,0.008561408171572693,0.0022494018530549126,0.0014616711375773214
796,0.001165312545324857,0.0006334616110416178,0.014201031885771775,0.004269985614921749,0.0024517236129816835
797,0.0011659601299657378,0.0003084602270918326,0.008976762437144474,0.003653277103537521,0.001980868665314677
798,0.0010659947483525653,0.000513925805220229,0.014750741057780908,0.005570778253480077,0.0030423520293501533
799,0.0012690678460914114,0.0008675749267725045,0.007354046978019386,0.002650377339982725,0.0017589761333776147
800,0.0013279362545637876,0.000528168654842286,0.014629309888468684,0.003973523007132686,0.002250845830987486
801,0.0009698058304342177,0.0003497865290308088,0.013614415649948863,0.0035102165775445088,0.0019300015532876587
802,0.0014627543148481596,0.0008199702242689365,0.009178914368712487,0.0022422210159175554,0.001531095620093246
803,0.0015374715828246014,0.0007480899620843928,0.008055691782408276,0.002134358327727188,0.0014412241449057906
804,0.001610172452584819,0.0006768845688753294,0.00349918126312079,0.001185248568205442,0.0009310665685403857
805,0.0016808031954047822,0.000778960422382481,0.010974708113917639,0.0035118399114041363,0.0021454001668933086
806,0.004388097312312232,0.0013853968775727897,0.020853566659859518,0.006420293622161399,0.0039028452498670943
807,0.004229780531113429,0.0014172923629904909,0.020340797988978525,0.004339838644310969,0.0028785655036507297
808,0.004059449050758813,0.0021147833220389878,0.003895606652057366,0.0009993953811644701,0.0015570893516017289
809,0.0025810658450876743,0.0015581249626258693,0.008988776955620498,0.0021336205298697246,0.001845872746247797
810,0.0036885910046862867,0.0019536848818205365,0.016763461434289216,0.0026938795660428534,0.002323782223931695
811,0.0034917115452907186,0.002043665288980336,0.016097590736758052,0.002969840834101417,0.002506753061540876
812,0.003289636238578218,0.0012629946035186187,0.018491341331302973,0.004677766187462162,0.0029703803954903903
813,0.0030840756921058986,0.0008681513691131916,0.014395960528334013,0.0036509040092568335,0.0022595276891850128
814,0.0029507468985980416,0.0006667061083507405,0.01758524725590041,0.004901433574400317,0.002784069841375529
815,0.0028214178870641683,0.0013235842591884691,0.017481703901051773,0.005055110722486345,0.003189347490837407
816,0.0026572490012714187,0.0013184159432538976,0.017325538767882093,0.004525727632546175,0.0029220717879000365
817,0.0015349335506115802,0.0007064892039281635,0.011993781233729463,0.0052181666458944445,0.002962327924911304
818,0.00232189791793134,0.0008917287116673146,0.015974165912878768,0.003882397030271169,0.0023870628709692417
819,0.0021531340467431884,0.0010662831871407672,0.006256879355505758,0.0012368789929171743,0.0011515810900289709
820,0.001985162262758439,0.0009331969378015188,0.012472778884364448,0.0020092130639405995,0.001471205000871059
821,0.0018190400390042266,0.0007628392859068496,0.003978647863462109,0.0023275606853160606,0.001545199985611455
822,0.001660929811552573,0.0009052878256629763,0.006327396594858308,0.0020989134385086365,0.0015021006320858064
823,0.0015498004337412695,0.000752181585134656,0.01203741601205354,0.004297492534945659,0.0025248370600401576
824,0.0014484142116586588,0.0007059168414591284,0.008428735611622065,0.0030922981429440796,0.001899107492201604
825,0.001367311808378792,0.000534220436220958,0.014881039270297398,0.005044063998311923,0.0027891422172664406
826,0.0012922231851291977,0.0008034939966463435,0.015454965155481011,0.003797506026326157,0.0023005000114862503
827,0.00123037068696551,0.0008609325633902326,0.01445693118338637,0.003315009336250458,0.0020879709498203454
828,0.0012421211300159222,0.0006742320909872077,0.012677709876326056,0.004141285376158455,0.0024077587335728312
829,0.0012856787394562093,0.0008947597142413295,0.007436808907129896,0.0017207716380072697,0.0013077656761242996
830,0.0013403635836727215,0.0008093998972944922,0.008637703126959599,0.002250318353691716,0.0015298591254931041
831,0.0014025873211214557,0.0005657395924081978,0.008484135220081327,0.0014808110986455534,0.0010232753455268755
832,0.0014767808035334707,0.0007865845405541692,0.008754058889655643,0.0027788833960833742,0.0017827339683187718
833,0.0015516137124642548,0.0005405464711180094,0.010331775754875837,0.001558513782740812,0.0010495301269294107
834,0.0016243915680903798,0.000632089370438236,0.01153927404086951,0.0035803906032295754,0.0021062399868339056
835,0.0008448504075772284,0.0003190420797466421,0.014777002372498493,0.00492845282850191,0.002623747454124276
836,0.001775916088963513,0.0006579899452310154,0.0047305939094948995,0.001378622694329612,0.0010183063197803136
837,0.0046764079539749,0.0025468961862905462,0.020610962909566724,0.0031854309275037075,0.002866163556897127
838,0.004492992887745542,0.0022854702967658423,0.01585339696847936,0.002514482472140133,0.0023999763844529875
839,0.0028314488255372283,0.0009370275664737779,0.017766474951528246,0.003809751042749057,0.0023733893046114173
840,0.004094465879200136,0.0017548382721399379,0.015386440679316982,0.003041846206261141,0.0023983422392005395
841,0.0038881636598808444,0.0017478218649579409,0.019015434652503237,0.0034980645704300907,0.0026229432176940156
842,0.0036902593045809837,0.0014131563883420517,0.01901333780313371,0.00420393377232291,0.0028085450803324806
843,0.003486958893056444,0.0019106332008072984,0.009014241330952263,0.00154168509909662,0.0017261591499519592
844,0.00333355871844058,0.0013840003925505806,0.009925270947143728,0.002131554381682775,0.001757777387116678
845,0.003209703830557062,0.001038935354783018,0.005912984977652914,0.00132711908651606,0.0011830272206495391
846,0.0030530412196104087,0.0010882603793950095,0.015012065652040114,0.0040271983917177425,0.002557729385556376
847,0.002870905644324377,0.0012601003845373795,0.015769994703948277,0.004579081032741369,0.0029195907086393743
848,0.0026869846255872997,0.0011469271781286196,0.006333647914757,0.0018142810394177055,0.0014806041087731625
849,0.0025024897897472126,0.0008951930205126961,0.007194021894543493,0.002058805870848496,0.001476999445680596
850,0.0023185829400500994,0.0010867489270237085,0.003596995104912375,0.0012500873691854216,0.0011684181481045651
851,0.0021363434608055814,0.0009920363498444492,0.006898102314478692,0.0016543324929927622,0.0013231844214186056
852,0.0019567999812328597,0.0010584155620040412,0.008005205420873908,0.0022151363558598897,0.0016367759589319656
853,0.0018048317467512425,0.0011160013913140336,0.007786160980654077,0.0016916190157990577,0.0014038102035565457
854,0.0016832966278266593,0.0008199420279296678,0.01603610156379484,0.0024601579522870007,0.0016400499901083343
855,0.0015884114998509491,0.0007207060325300524,0.015552644566566453,0.005366343269740865,0.0030435246511354586
856,0.0014895364425146532,0.0006989413736860916,0.007671930890960519,0.002748983609771217,0.0017239624917286542
857,0.0012349388688298643,0.0007924848942447235,0.007191567832829,0.001936742708086581,0.0013646138011656522
858,0.0012973582652148422,0.0010497148631551088,0.005473225260608163,0.001854807214956784,0.0014522610390559462
859,0.001322755006040889,0.0006011069086879892,0.015435992542798021,0.00499586247084539,0.0027984846897666895
860,0.0013695873030212258,0.0009581536799421437,0.009340319400439464,0.0013203159931703984,0.0011392348365562711
861,0.0014211000324678429,0.0008549731988856796,0.012315821092922256,0.0027191649965627013,0.0017870690977241904
862,0.001493829112606355,0.0010853712582447705,0.00872853946955802,0.0027432950001645582,0.0019143331292046644
863,0.0015657884363842035,0.0006189956653251544,0.013886483739342339,0.0044196840709507185,0.0025193398681379363
864,0.001638071896008842,0.0010999700974380065,0.013462568799328231,0.0020661904579106494,0.001583080277674328
865,0.001708766513409954,0.0007596205889756639,0.008168733199140169,0.0017797717502034186,0.0012696961695895413
866,0.0017852125572547254,0.0005724777417102879,0.015393541464904867,0.0018459576193418051,0.0012092176805260464
867,0.001871217157550869,0.0005413964003378126,0.00400530481059127,0.0018017269545221686,0.0011715616774299906
868,0.004949723592174854,0.0024572849434227008,0.019360231792773124,0.004678550321532292,0.0035679176324774965
869,0.004756995833134755,0.0013046358278628785,0.007588623591053865,0.0020366718772790713,0.001670653852570975
870,0.0029554781280337374,0.0016061787672504413,0.01635979010201707,0.004059193572547399,0.0028326861698989205
871,0.0043529708915572545,0.00191385989903776,0.005438952497727716,0.001879869103581542,0.001896864501309651
872,0.004138762011799143,0.0015059023681863344,0.018953272197485885,0.0036315651681103705,0.0025687337681483523
873,0.003919931751918113,0.0011959955924936141,0.01915318765482155,0.003733206814954639,0.0024646012037241264
874,0.00376625131308411,0.0018248043012445193,0.017914658352379147,0.0027977278105782684,0.0023112660559113938
875,0.0036102831307533913,0.001588838869671798,0.009042208485333934,0.002242665899991256,0.001915752384831527
876,0.0034635366400016863,0.0019787042763783754,0.0019306844149367623,0.000647985179407132,0.0013133447278927536
877,0.0019936675869530415,0.0008470078243397291,0.008816182670411215,0.002089559008544847,0.0014682834164422881
878,0.0018541998246579014,0.0006047215046113175,0.0176141480537567,0.003639170122154863,0.00212194581338309
879,0.0028787524769622722,0.0014989667219133624,0.003353354499838008,0.0006009903967633921,0.0010499785593383773
880,0.0026785221554290395,0.001111646670370292,0.016114346388734026,0.002519266374770037,0.0018154565225701647
881,0.0024798403275499005,0.0008890875312861396,0.012116947144658751,0.0021347406561357013,0.0015119140937109206
882,0.0022836241458857264,0.0009443332392404264,0.015709583095019186,0.002780679506395907,0.0018625063728181666
883,0.0021084569947666,0.0008346953943798785,0.015123659011990143,0.0036314186332421484,0.002233057013811013
884,0.0019518715797820054,0.0010743976929482564,0.01640691471982614,0.0032870763925229862,0.0021807370427356213
885,0.0018270853964395335,0.000831524810800461,0.016232707817089295,0.0039409487219212915,0.002386236766360876
886,0.0017144249296525043,0.0007276162548925046,0.010342835413018371,0.003003200753589686,0.0018654085042410953
887,0.0015934434578326463,0.0008958008542632523,0.004128528760467939,0.001196885821159418,0.0010463433377113352
888,0.0013009742527613363,0.0006414672682879487,0.01027398971986972,0.002030805217713231,0.0013361362430005896
889,0.0013864741756284859,0.0005948185980648266,0.010996879993211025,0.0031281499531657596,0.0018614842756152932
890,0.0014036197426541852,0.0008019752485440733,0.00827630271843505,0.002849054335004944,0.0018255147917745087
891,0.0014643712949725953,0.0006341325267159777,0.012276491247597832,0.002952355734758409,0.0017932441307371933
892,0.001142087125927792,0.0005486611197335877,0.01535994730099292,0.004458665694299989,0.002503663407016788
893,0.0015903568173710773,0.000905504892953379,0.004445249706860796,0.002422676804268985,0.001664090848611182
894,0.0010069702708742248,0.0005755859895353441,0.012352761443541013,0.0031791741629934285,0.0018773800762643864
895,0.0017253843476977206,0.0004446603388523567,0.013084651902353424,0.0025680044274962507,0.0015063323831743037
896,0.0017938476903338865,0.0005815432132256886,0.005058593715319408,0.002250623929688814,0.0014160835714572514
897,0.0018799003102461505,0.0008399340409768122,0.005564112903824352,0.002834089307738736,0.0018370116743577742
898,0.0007700249325880976,0.00021059861203321192,0.015336848902844409,0.005314194159903018,0.002762396385968115
899,0.005279034448902106,0.0026113880713260745,0.01487450686051875,0.002577473775212914,0.0025944309232694943
900,0.005067703610517129,0.0017051920908885646,0.02086192555197216,0.007116506251631981,0.004410849171260273
901,0.004846005022830443,0.0021243784125760737,0.0024277693651873706,0.0007100346550656758,0.0014172065338208747
902,0.004616181977870592,0.0023358084176487615,0.017946649420283293,0.003331560092127368,0.002833684254888065
903,0.004387193148709703,0.0020897877671111524,0.013596654810518062,0.0031519323499001467,0.0026208600585056496
904,0.004226235100262449,0.00103845022168105,0.01917146097616409,0.005618823626655776,0.003328636924168413
905,0.0040571483414294654,0.0014694130904977908,0.01609159697971861,0.00475241275070177,0.0031109129205997804
906,0.0038810403689765985,0.0015541998787422006,0.011569198674307063,0.0019398345994440084,0.0017470172390931045
907,0.003711303102695736,0.002380581631341398,0.001142142595251794,0.0003538952841977077,0.001367238457769553
908,0.0034991195622876385,0.0007071601249398119,0.016317442375469327,0.0030294869956150666,0.0018683235602774393
909,0.0019446262307931809,0.0012627175009059565,0.008720923186600112,0.0014219178273676945,0.0013423176641368254
910,0.003065033745133835,0.000757526522171693,0.016943824590477462,0.0050371814025387575,0.002897353962355225
911,0.0028494434813310767,0.0012009621907370105,0.017332556506772248,0.0033979797001759716,0.002299470945456491
912,0.0026362879756855195,0.0009195505226247587,0.01204466987367507,0.0027714754752480395,0.001845512998936399
913,0.0024363155300883223,0.0010973563271290886,0.015962771093110464,0.0035757775466123388,0.002336566936870714
914,0.0012503536451459111,0.0003855572929874621,0.01412277494065018,0.0036523575275698586,0.0020189574102786605
915,0.0021109706940414127,0.0008402916877538252,0.012926894006551387,0.005670917641687679,0.003255604664720752
916,0.0019579704756567283,0.0008966478756338858,0.0071913461472803255,0.00199455344363973,0.0014456006596368079
917,0.0018245389322734558,0.0006765240859730227,0.007821596496630383,0.002392348348442599,0.001534436217207811
918,0.0016965716418733156,0.0008878492539339169,0.004033929615715182,0.0014261352656486839,0.0011569922597913004
919,0.0015849608735365249,0.0005146174389913987,0.01589547840315932,0.004745988584782746,0.0026303030118870726
920,0.0014166982281001413,0.0009132005505627123,0.006256217151052437,0.0016086271220116105,0.0012609138362871613
921,0.0014867437551264863,0.0012527073564237098,0.010113553084386469,0.001769415053569448,0.001511061204996579
922,0.0015630601006416107,0.0010003876019880971,0.005222491934842023,0.002516628948797378,0.0017585082753927375
923,0.0016351537291678989,0.0004786778771181427,0.015691867708853082,0.005197850152425224,0.002838264014771683
924,0.001694434420515344,0.0008585404606483415,0.008701238197945294,0.004083494443149593,0.0024710174518989673
925,0.0017520933793223675,0.0010506828485250643,0.008517708296910873,0.003092619997814188,0.002071651423169626
926,0.001816225970489324,0.0009877548663891765,0.0045015769464087025,0.0015304343148065279,0.0012590945905978522
927,0.0007035225844998891,0.00034955951043170113,0.014543826803665196,0.003714777570051062,0.0020321685402413816
928,0.001976319122307099,0.0007246209857292884,0.011668379417048213,0.001675524110623957,0.0012000725481766225
929,0.0020558901494324468,0.0009174572476988045,0.004408375144786309,0.0018329539057223968,0.0013752055767106007
930,0.0056012110574650675,0.0028060735988326324,0.00424870024085321,0.0009660935047627864,0.0018860835517977093
931,0.005364571873759609,0.0024999347775884846,0.003522748924219625,0.0009161641247831847,0.0017080494511858347
932,0.005119503566076421,0.002886780052687767,0.005470582758821223,0.0011656162486342807,0.002026198150661024
933,0.0048890789974166265,0.0019050704233830418,0.005252317076947807,0.0017356645693775558,0.0018203674963802987
934,0.004715487315234162,0.00159261737081494,0.019621958242848528,0.005006672810702733,0.003299645090758836
935,0.004532540337603196,0.002003395279493958,0.015427299636917614,0.0034920751797584623,0.0027477352296262103
936,0.004341770615093371,0.0016354023692681328,0.018079877703002244,0.004571970650622632,0.0031036865099453824
937,0.004144906428210889,0.0018043578439118062,0.00422136745552243,0.0012998146493232727,0.0015520862466175396
938,0.003946246655715545,0.0014868462546230002,0.018420272885865233,0.004224911928319901,0.0028558790914714506
939,0.0037122057486519058,0.001315353645784335,0.014462949274758158,0.002796686680453979,0.002056020163119157
940,0.003478179939938954,0.001974982138294009,0.007149530507407646,0.0011780556138073527,0.001576518876050681
941,0.001299379354402242,0.0006981721636970835,0.009176517092463497,0.002911654541567876,0.0018049133526324799
942,0.003014848253939114,0.0009019285980163688,0.016722856479359765,0.006244242799723863,0.003573085698870116
943,0.0027884533704524766,0.0011210768965714446,0.014134466203842162,0.0028959367590376877,0.0020085068278045664
944,0.0014340660225577958,0.0006433144010927767,0.016756806286791607,0.004523412688903003,0.00258336354499789
945,0.0024286755390757037,0.0012503295625735681,0.007552665559090529,0.0024944161548179898,0.001872372858695779
946,0.0022501349340343204,0.0006687459102064753,0.009584962250061672,0.004048199672882441,0.0023584727915444584
947,0.0020841641619628267,0.0011956599254047758,0.0034471747649992405,0.0008726836556410584,0.001034171790522917
948,0.00193146396996774,0.0009544807054718207,0.0075898678980655335,0.0020162097623478603,0.0014853452339098406
949,0.0017971274747312369,0.0007178793162226587,0.013169046102417908,0.004438676187559387,0.002578277751891023
950,0.001685785814811204,0.0007398092975706264,0.00864857295663914,0.00276432266111071,0.0017520659793406682
951,0.0015950337719973166,0.0007784760024970865,0.007688109305418193,0.0021995225027207086,0.0014889992526088975
952,0.0015796392174079025,0.0008988559407858501,0.006774519099741107,0.0019455975170095366,0.0014222267288976935
953,0.0016539228311851933,0.001082140544137595,0.0038806637591112247,0.0021218632604688287,0.0016020019023032118
954,0.0017255844262244948,0.0009158474892986173,0.01628812832455968,0.0054422487258903385,0.003179048107594478
955,0.0017945675781876357,0.0009613524731291701,0.016315829819735814,0.0037653055504821087,0.0023633290118056393
956,0.001851205279401402,0.000842279435134274,0.012198751807671954,0.002861589438796501,0.0018519344369653877
957,0.001918789094130579,0.000546812307683555,0.012500386658131914,0.0039560336136438435,0.002251422960663699
958,0.0019986969523937605,0.001043853927760136,0.004286183035409665,0.0011552428697984931,0.0010995483987793146
959,0.002076563968792804,0.0006752945857147494,0.0038908292070616276,0.0017644188967174893,0.0012198567412161194
960,0.002152356197290939,0.0009077531484071623,0.008556308606044557,0.0028809143664211764,0.0018943337574141694
